SchoolYear,CountDate,DistrictCode,DistrictName,LEAType,IncludeInStatewide,SchoolCode,SchoolName,IsSchool,IsSchoolCalculationUnit,CalculationUnitType,CalculationUnitName,CalculationUnitSequence,SchoolCalculationUnitCount,CalculationUnitSource,AllocationStatus,EnrollmentK3,Enrollment4_12,BasicPreK12Enrollment,EnrollmentIntense,EnrollmentComplex,RegularEdEnrollment,SpecialEdEnrollment,Enrollment,UnitsVocationalDeduct,UnitsVocational,SharedUnitsTotal,OperationalEnrollmentBasis,CharterBuildingPolicy
2026,2025-09-30,69,ASPIRA Delaware,Charter,TRUE,568,ASPIRA Academy,TRUE,TRUE,Charter building,Aspira Primary,1,3,Calculator Data sheet building row,Largest-remainder student allocation applied,384,178,68,55,9,562,132,694,-0,0,110.02,total,Districts use one school code per calculation unit; charters use calculator building rows and retain the shared charter totals; student enrollment categories use largest remainder
2026,2025-09-30,69,ASPIRA Delaware,Charter,TRUE,568,ASPIRA Academy,TRUE,TRUE,Charter building,Aspira Junior High,2,3,Calculator Data sheet building row,Largest-remainder student allocation applied,0,345,27,28,3,345,58,403,-0,0,110.02,total,Districts use one school code per calculation unit; charters use calculator building rows and retain the shared charter totals; student enrollment categories use largest remainder
2026,2025-09-30,69,ASPIRA Delaware,Charter,TRUE,568,ASPIRA Academy,TRUE,TRUE,Charter building,Aspira High School,3,3,Calculator Data sheet building row,Largest-remainder student allocation applied,0,291,46,33,8,291,87,378,-1.82,3.63,110.02,total,Districts use one school code per calculation unit; charters use calculator building rows and retain the shared charter totals; student enrollment categories use largest remainder
2026,2025-09-30,9605,Academia Antonia Alonso,Charter,TRUE,4045,Academia Antonia Alonso,TRUE,TRUE,Charter building,Academia Primary,1,2,Calculator Data sheet building row,Calculator category values reconcile to shared totals,373,195,20,15,3,568,38,606,0,0,58.39,total,Districts use one school code per calculation unit; charters use calculator building rows and retain the shared charter totals; student enrollment categories use largest remainder
2026,2025-09-30,9605,Academia Antonia Alonso,Charter,TRUE,4045,Academia Antonia Alonso,TRUE,TRUE,Charter building,Academia Junior High,2,2,Calculator Data sheet building row,Calculator category values reconcile to shared totals,0,281,28,4,4,281,36,317,0,0,58.39,total,Districts use one school code per calculation unit; charters use calculator building rows and retain the shared charter totals; student enrollment categories use largest remainder
2026,2025-09-30,85,Academy of Dover Charter School,Charter,TRUE,584,Academy Of Dover Charter School,TRUE,TRUE,Charter building,Academy of Dover Early Learning,1,2,Calculator Data sheet building row,Calculator category values reconcile to shared totals,136,0,17,11,6,136,34,170,0,0,35.29,total,Districts use one school code per calculation unit; charters use calculator building rows and retain the shared charter totals; student enrollment categories use largest remainder
2026,2025-09-30,85,Academy of Dover Charter School,Charter,TRUE,584,Academy Of Dover Charter School,TRUE,TRUE,Charter building,Academy of Dover Main,2,2,Calculator Data sheet building row,Calculator category values reconcile to shared totals,49,179,35,16,5,228,56,284,0,0,35.29,total,Districts use one school code per calculation unit; charters use calculator building rows and retain the shared charter totals; student enrollment categories use largest remainder
2026,2025-09-30,29,Appoquinimink School District,District,TRUE,24,Appoquinimink High School,TRUE,TRUE,School-code record,Appoquinimink High School,1,1,Shared model input,Shared input used directly,0,1090,135,11,63,1090,209,1299,-11.8,23.59,108.42,total,Districts use one school code per calculation unit; charters use calculator building rows and retain the shared charter totals; student enrollment categories use largest remainder
2026,2025-09-30,29,Appoquinimink School District,District,TRUE,13,Appoquinimink PreSchool Center,TRUE,TRUE,School-code record,Appoquinimink PreSchool Center,1,1,Shared model input,Shared input used directly,0,0,40,69,33,0,142,142,0,0,28.95,total,Districts use one school code per calculation unit; charters use calculator building rows and retain the shared charter totals; student enrollment categories use largest remainder
2026,2025-09-30,29,Appoquinimink School District,District,TRUE,36,Brick Mill Early Childhood Center,TRUE,TRUE,School-code record,Brick Mill Early Childhood Center,1,1,Shared model input,Shared input used directly,198,0,15,67,27,198,109,307,0,0,35.56,total,Districts use one school code per calculation unit; charters use calculator building rows and retain the shared charter totals; student enrollment categories use largest remainder
2026,2025-09-30,29,Appoquinimink School District,District,TRUE,21,Brick Mill Elementary School,TRUE,TRUE,School-code record,Brick Mill Elementary School,1,1,Shared model input,Shared input used directly,263,163,43,40,15,426,98,524,0,0,41.94,total,Districts use one school code per calculation unit; charters use calculator building rows and retain the shared charter totals; student enrollment categories use largest remainder
2026,2025-09-30,29,Appoquinimink School District,District,TRUE,28,Bunker Hill Elementary School,TRUE,TRUE,School-code record,Bunker Hill Elementary School,1,1,Shared model input,Shared input used directly,271,179,28,20,37,450,85,535,0,0,46.57,total,Districts use one school code per calculation unit; charters use calculator building rows and retain the shared charter totals; student enrollment categories use largest remainder
2026,2025-09-30,29,Appoquinimink School District,District,TRUE,33,Cantwells Bridge Middle School,TRUE,TRUE,School-code record,Cantwells Bridge Middle School,1,1,Shared model input,Shared input used directly,0,683,100,29,23,683,152,835,-4.12,8.23,63.84,total,Districts use one school code per calculation unit; charters use calculator building rows and retain the shared charter totals; student enrollment categories use largest remainder
2026,2025-09-30,29,Appoquinimink School District,District,TRUE,22,Cedar Lane Early Childhood Center,TRUE,TRUE,School-code record,Cedar Lane Early Childhood Center,1,1,Shared model input,Shared input used directly,242,0,5,15,8,242,28,270,0,0,21.12,total,Districts use one school code per calculation unit; charters use calculator building rows and retain the shared charter totals; student enrollment categories use largest remainder
2026,2025-09-30,29,Appoquinimink School District,District,TRUE,11,Cedar Lane Elementary School,TRUE,TRUE,School-code record,Cedar Lane Elementary School,1,1,Shared model input,Shared input used directly,315,226,38,20,26,541,84,625,0,0,48.59,total,Districts use one school code per calculation unit; charters use calculator building rows and retain the shared charter totals; student enrollment categories use largest remainder
2026,2025-09-30,29,Appoquinimink School District,District,TRUE,37,Crystal Run Elementary School,TRUE,TRUE,School-code record,Crystal Run Elementary School,1,1,Shared model input,Shared input used directly,220,146,26,11,24,366,61,427,0,0,35.04,total,Districts use one school code per calculation unit; charters use calculator building rows and retain the shared charter totals; student enrollment categories use largest remainder
2026,2025-09-30,29,Appoquinimink School District,District,TRUE,35,Lorewood Grove Elementary School,TRUE,TRUE,School-code record,Lorewood Grove Elementary School,1,1,Shared model input,Shared input used directly,263,206,38,19,36,469,93,562,0,0,48.07,total,Districts use one school code per calculation unit; charters use calculator building rows and retain the shared charter totals; student enrollment categories use largest remainder
2026,2025-09-30,29,Appoquinimink School District,District,TRUE,20,Loss (Olive B.) Elementary School,TRUE,TRUE,School-code record,Loss (Olive B.) Elementary School,1,1,Shared model input,Shared input used directly,260,193,25,12,9,453,46,499,0,0,34.14,total,Districts use one school code per calculation unit; charters use calculator building rows and retain the shared charter totals; student enrollment categories use largest remainder
2026,2025-09-30,29,Appoquinimink School District,District,TRUE,17,Meredith (Everett) Middle School,TRUE,TRUE,School-code record,Meredith (Everett) Middle School,1,1,Shared model input,Shared input used directly,0,687,102,13,13,687,128,815,-4.08,8.16,57.74,total,Districts use one school code per calculation unit; charters use calculator building rows and retain the shared charter totals; student enrollment categories use largest remainder
2026,2025-09-30,29,Appoquinimink School District,District,TRUE,18,Middletown High School,TRUE,TRUE,School-code record,Middletown High School,1,1,Shared model input,Shared input used directly,0,1008,121,26,55,1008,202,1210,-11.19,22.37,101.46,total,Districts use one school code per calculation unit; charters use calculator building rows and retain the shared charter totals; student enrollment categories use largest remainder
2026,2025-09-30,29,Appoquinimink School District,District,TRUE,34,Odessa High School,TRUE,TRUE,School-code record,Odessa High School,1,1,Shared model input,Shared input used directly,0,1092,137,20,11,1092,168,1260,-11.96,23.92,90.43,total,Districts use one school code per calculation unit; charters use calculator building rows and retain the shared charter totals; student enrollment categories use largest remainder
2026,2025-09-30,29,Appoquinimink School District,District,TRUE,32,Old State Elementary School,TRUE,TRUE,School-code record,Old State Elementary School,1,1,Shared model input,Shared input used directly,388,267,46,27,31,655,104,759,0,0,59.2,total,Districts use one school code per calculation unit; charters use calculator building rows and retain the shared charter totals; student enrollment categories use largest remainder
2026,2025-09-30,29,Appoquinimink School District,District,TRUE,16,Redding (Louis L.) Middle School,TRUE,TRUE,School-code record,Redding (Louis L.) Middle School,1,1,Shared model input,Shared input used directly,0,419,81,19,29,419,129,548,-2.29,4.57,47.19,total,Districts use one school code per calculation unit; charters use calculator building rows and retain the shared charter totals; student enrollment categories use largest remainder
2026,2025-09-30,29,Appoquinimink School District,District,TRUE,10,Silver Lake Elementary School,TRUE,TRUE,School-code record,Silver Lake Elementary School,1,1,Shared model input,Shared input used directly,265,210,36,14,12,475,62,537,0,0,38.1,total,Districts use one school code per calculation unit; charters use calculator building rows and retain the shared charter totals; student enrollment categories use largest remainder
2026,2025-09-30,29,Appoquinimink School District,District,TRUE,29,Spring Meadow Early Childhood Center,TRUE,TRUE,School-code record,Spring Meadow Early Childhood Center,1,1,Shared model input,Shared input used directly,161,0,3,8,27,161,38,199,0,0,22.01,total,Districts use one school code per calculation unit; charters use calculator building rows and retain the shared charter totals; student enrollment categories use largest remainder
2026,2025-09-30,29,Appoquinimink School District,District,TRUE,27,Townsend Early Childhood Center,TRUE,TRUE,School-code record,Townsend Early Childhood Center,1,1,Shared model input,Shared input used directly,164,0,2,7,19,164,28,192,0,0,18.84,total,Districts use one school code per calculation unit; charters use calculator building rows and retain the shared charter totals; student enrollment categories use largest remainder
2026,2025-09-30,29,Appoquinimink School District,District,TRUE,14,Townsend Elementary School,TRUE,TRUE,School-code record,Townsend Elementary School,1,1,Shared model input,Shared input used directly,244,144,37,13,6,388,56,444,0,0,31.14,total,Districts use one school code per calculation unit; charters use calculator building rows and retain the shared charter totals; student enrollment categories use largest remainder
2026,2025-09-30,29,Appoquinimink School District,District,TRUE,23,Waters (Alfred G.) Middle School,TRUE,TRUE,School-code record,Waters (Alfred G.) Middle School,1,1,Shared model input,Shared input used directly,0,841,85,23,20,841,128,969,-4.75,9.49,68.43,total,Districts use one school code per calculation unit; charters use calculator building rows and retain the shared charter totals; student enrollment categories use largest remainder
2026,2025-09-30,31,Brandywine School District,District,TRUE,190,Brandywine High School,TRUE,TRUE,School-code record,Brandywine High School,1,1,Shared model input,Shared input used directly,0,690,115,33,24,690,172,862,-4.35,8.7,67.27,total,Districts use one school code per calculation unit; charters use calculator building rows and retain the shared charter totals; student enrollment categories use largest remainder
2026,2025-09-30,31,Brandywine School District,District,TRUE,510,Bush (Charles W.) Pre-School,TRUE,TRUE,School-code record,Bush (Charles W.) Pre-School,1,1,Shared model input,Shared input used directly,0,0,107,75,98,0,280,280,0,0,62.93,total,Districts use one school code per calculation unit; charters use calculator building rows and retain the shared charter totals; student enrollment categories use largest remainder
2026,2025-09-30,31,Brandywine School District,District,TRUE,112,Carrcroft Elementary School,TRUE,TRUE,School-code record,Carrcroft Elementary School,1,1,Shared model input,Shared input used directly,264,122,38,19,14,386,71,457,0,0,35.47,total,Districts use one school code per calculation unit; charters use calculator building rows and retain the shared charter totals; student enrollment categories use largest remainder
2026,2025-09-30,31,Brandywine School District,District,TRUE,151,Claymont Elementary School,TRUE,TRUE,School-code record,Claymont Elementary School,1,1,Shared model input,Shared input used directly,409,344,43,59,57,753,159,912,0,0,79.32,total,Districts use one school code per calculation unit; charters use calculator building rows and retain the shared charter totals; student enrollment categories use largest remainder
2026,2025-09-30,31,Brandywine School District,District,TRUE,194,Concord High School,TRUE,TRUE,School-code record,Concord High School,1,1,Shared model input,Shared input used directly,0,806,95,45,51,806,191,997,-4.21,8.42,82.94,total,Districts use one school code per calculation unit; charters use calculator building rows and retain the shared charter totals; student enrollment categories use largest remainder
2026,2025-09-30,31,Brandywine School District,District,TRUE,124,Forwood Elementary School,TRUE,TRUE,School-code record,Forwood Elementary School,1,1,Shared model input,Shared input used directly,204,90,43,11,38,294,92,386,0,0,38.66,total,Districts use one school code per calculation unit; charters use calculator building rows and retain the shared charter totals; student enrollment categories use largest remainder
2026,2025-09-30,31,Brandywine School District,District,TRUE,110,Hanby Elementary School,TRUE,TRUE,School-code record,Hanby Elementary School,1,1,Shared model input,Shared input used directly,288,127,38,23,24,415,85,500,0,0,41.71,total,Districts use one school code per calculation unit; charters use calculator building rows and retain the shared charter totals; student enrollment categories use largest remainder
2026,2025-09-30,31,Brandywine School District,District,TRUE,156,Harlan (David W. ) Elementary School,TRUE,TRUE,School-code record,Harlan (David W. ) Elementary School,1,1,Shared model input,Shared input used directly,157,72,31,22,58,229,111,340,0,0,42.96,total,Districts use one school code per calculation unit; charters use calculator building rows and retain the shared charter totals; student enrollment categories use largest remainder
2026,2025-09-30,31,Brandywine School District,District,TRUE,128,Lancashire Elementary School,TRUE,TRUE,School-code record,Lancashire Elementary School,1,1,Shared model input,Shared input used directly,308,141,38,28,8,449,74,523,0,0,38.33,total,Districts use one school code per calculation unit; charters use calculator building rows and retain the shared charter totals; student enrollment categories use largest remainder
2026,2025-09-30,31,Brandywine School District,District,TRUE,130,Lombardy Elementary School,TRUE,TRUE,School-code record,Lombardy Elementary School,1,1,Shared model input,Shared input used directly,258,107,45,21,20,365,86,451,0,0,37.83,total,Districts use one school code per calculation unit; charters use calculator building rows and retain the shared charter totals; student enrollment categories use largest remainder
2026,2025-09-30,31,Brandywine School District,District,TRUE,132,Maple Lane Elementary School,TRUE,TRUE,School-code record,Maple Lane Elementary School,1,1,Shared model input,Shared input used directly,191,101,28,12,38,292,78,370,0,0,36.79,total,Districts use one school code per calculation unit; charters use calculator building rows and retain the shared charter totals; student enrollment categories use largest remainder
2026,2025-09-30,31,Brandywine School District,District,TRUE,176,Mount Pleasant Elementary School,TRUE,TRUE,School-code record,Mount Pleasant Elementary School,1,1,Shared model input,Shared input used directly,421,116,44,56,17,537,117,654,0,0,52.9,total,Districts use one school code per calculation unit; charters use calculator building rows and retain the shared charter totals; student enrollment categories use largest remainder
2026,2025-09-30,31,Brandywine School District,District,TRUE,196,Mount Pleasant High School,TRUE,TRUE,School-code record,Mount Pleasant High School,1,1,Shared model input,Shared input used directly,0,829,121,32,37,829,190,1019,-4.26,8.52,79.67,total,Districts use one school code per calculation unit; charters use calculator building rows and retain the shared charter totals; student enrollment categories use largest remainder
2026,2025-09-30,31,Brandywine School District,District,TRUE,178,Springer Middle School,TRUE,TRUE,School-code record,Springer Middle School,1,1,Shared model input,Shared input used directly,0,596,115,17,40,596,172,768,-2.79,5.58,64.49,total,Districts use one school code per calculation unit; charters use calculator building rows and retain the shared charter totals; student enrollment categories use largest remainder
2026,2025-09-30,31,Brandywine School District,District,TRUE,180,Talley Middle School,TRUE,TRUE,School-code record,Talley Middle School,1,1,Shared model input,Shared input used directly,0,725,87,54,28,725,169,894,-4.79,9.58,71.17,total,Districts use one school code per calculation unit; charters use calculator building rows and retain the shared charter totals; student enrollment categories use largest remainder
2026,2025-09-30,31,Brandywine School District,District,TRUE,170,duPont (Pierre S.) Middle School,TRUE,TRUE,School-code record,duPont (Pierre S.) Middle School,1,1,Shared model input,Shared input used directly,0,526,72,36,23,526,131,657,-3.15,6.3,52.87,total,Districts use one school code per calculation unit; charters use calculator building rows and retain the shared charter totals; student enrollment categories use largest remainder
2026,2025-09-30,9615,Bryan Allen Stevenson School of Excellence,Charter,TRUE,4110,Bryan Allen Stevenson School of Excellence,TRUE,TRUE,Charter building,Bryan_Allen_Stevenson_School_of_Excellence_Charter_School,1,1,Calculator Data sheet building row,Calculator category values reconcile to shared totals,0,84,22,13,4,84,39,123,0,0,10.53,total,Districts use one school code per calculation unit; charters use calculator building rows and retain the shared charter totals; student enrollment categories use largest remainder
2026,2025-09-30,10,Caesar Rodney School District,District,TRUE,610,Allen Frear Elementary School,TRUE,TRUE,School-code record,Allen Frear Elementary School,1,1,Shared model input,Shared input used directly,272,214,29,4,4,486,37,523,0,0,33.15,total,Districts use one school code per calculation unit; charters use calculator building rows and retain the shared charter totals; student enrollment categories use largest remainder
2026,2025-09-30,10,Caesar Rodney School District,District,TRUE,626,Caesar Rodney High School,TRUE,TRUE,School-code record,Caesar Rodney High School,1,1,Shared model input,Shared input used directly,0,1917,257,64,18,1917,339,2256,-8.44,16.87,152.47,total,Districts use one school code per calculation unit; charters use calculator building rows and retain the shared charter totals; student enrollment categories use largest remainder
2026,2025-09-30,10,Caesar Rodney School District,District,TRUE,623,David E. Robinson Elementary School,TRUE,TRUE,School-code record,David E. Robinson Elementary School,1,1,Shared model input,Shared input used directly,203,207,58,15,3,410,76,486,0,0,33.43,total,Districts use one school code per calculation unit; charters use calculator building rows and retain the shared charter totals; student enrollment categories use largest remainder
2026,2025-09-30,10,Caesar Rodney School District,District,TRUE,,Dover AFB Choice,FALSE,FALSE,Vocational/program adjustment,Dover AFB Choice,1,0,Shared model input,Shared input used directly,0,0,0,0,0,0,0,0,-0.11,0.22,0.11,total,Districts use one school code per calculation unit; charters use calculator building rows and retain the shared charter totals; student enrollment categories use largest remainder
2026,2025-09-30,10,Caesar Rodney School District,District,TRUE,,Dover Air Force Base Middle School,FALSE,FALSE,Vocational/program adjustment,Dover Air Force Base Middle School,1,0,Shared model input,Shared input used directly,0,0,0,0,0,0,0,0,-0.24,0.47,0.23,total,Districts use one school code per calculation unit; charters use calculator building rows and retain the shared charter totals; student enrollment categories use largest remainder
2026,2025-09-30,10,Caesar Rodney School District,District,TRUE,621,F. Niel Postlethwait Middle School,TRUE,TRUE,School-code record,F. Niel Postlethwait Middle School,1,1,Shared model input,Shared input used directly,0,581,78,16,37,581,131,712,-1.88,3.76,57.12,total,Districts use one school code per calculation unit; charters use calculator building rows and retain the shared charter totals; student enrollment categories use largest remainder
2026,2025-09-30,10,Caesar Rodney School District,District,TRUE,625,Fred Fifer III Middle School,TRUE,TRUE,School-code record,Fred Fifer III Middle School,1,1,Shared model input,Shared input used directly,0,593,94,46,17,593,157,750,-2.13,4.25,57.17,total,Districts use one school code per calculation unit; charters use calculator building rows and retain the shared charter totals; student enrollment categories use largest remainder
2026,2025-09-30,10,Caesar Rodney School District,District,TRUE,611,J. Ralph McIlvaine Early Childhood Center,TRUE,TRUE,School-code record,J. Ralph McIlvaine Early Childhood Center,1,1,Shared model input,Shared input used directly,426,0,4,28,4,426,36,462,0,0,32.99,total,Districts use one school code per calculation unit; charters use calculator building rows and retain the shared charter totals; student enrollment categories use largest remainder
2026,2025-09-30,10,Caesar Rodney School District,District,TRUE,630,John S. Charlton School,TRUE,TRUE,School-code record,John S. Charlton School,1,1,Shared model input,Shared input used directly,76,53,29,5,289,129,323,452,-1.95,3.9,124.73,total,Districts use one school code per calculation unit; charters use calculator building rows and retain the shared charter totals; student enrollment categories use largest remainder
2026,2025-09-30,10,Caesar Rodney School District,District,TRUE,613,Magnolia Middle School,TRUE,TRUE,School-code record,Magnolia Middle School,1,1,Shared model input,Shared input used directly,0,394,61,12,4,394,77,471,-0.97,1.94,31.47,total,Districts use one school code per calculation unit; charters use calculator building rows and retain the shared charter totals; student enrollment categories use largest remainder
2026,2025-09-30,10,Caesar Rodney School District,District,TRUE,616,Nellie Hughes Stokes Elementary School,TRUE,TRUE,School-code record,Nellie Hughes Stokes Elementary School,1,1,Shared model input,Shared input used directly,238,173,34,19,1,411,54,465,0,0,30.94,total,Districts use one school code per calculation unit; charters use calculator building rows and retain the shared charter totals; student enrollment categories use largest remainder
2026,2025-09-30,10,Caesar Rodney School District,District,TRUE,618,Star Hill Elementary School,TRUE,TRUE,School-code record,Star Hill Elementary School,1,1,Shared model input,Shared input used directly,153,109,42,62,2,262,106,368,0,0,30.99,total,Districts use one school code per calculation unit; charters use calculator building rows and retain the shared charter totals; student enrollment categories use largest remainder
2026,2025-09-30,10,Caesar Rodney School District,District,TRUE,620,W. B. Simpson Elementary School,TRUE,TRUE,School-code record,W. B. Simpson Elementary School,1,1,Shared model input,Shared input used directly,222,163,29,17,5,385,51,436,0,0,30.05,total,Districts use one school code per calculation unit; charters use calculator building rows and retain the shared charter totals; student enrollment categories use largest remainder
2026,2025-09-30,10,Caesar Rodney School District,District,TRUE,622,W. Reily Brown Elementary School,TRUE,TRUE,School-code record,W. Reily Brown Elementary School,1,1,Shared model input,Shared input used directly,256,164,35,28,4,420,67,487,0,0,34.38,total,Districts use one school code per calculation unit; charters use calculator building rows and retain the shared charter totals; student enrollment categories use largest remainder
2026,2025-09-30,74,Campus Community School,Charter,TRUE,573,Campus Community School,TRUE,TRUE,Charter building,Campus Community Primary,1,2,Calculator Data sheet building row,Calculator category values reconcile to shared totals,153,80,20,4,6,233,30,263,-0,0,28,total,Districts use one school code per calculation unit; charters use calculator building rows and retain the shared charter totals; student enrollment categories use largest remainder
2026,2025-09-30,74,Campus Community School,Charter,TRUE,573,Campus Community School,TRUE,TRUE,Charter building,Campus Community Junior High,2,2,Calculator Data sheet building row,Calculator category values reconcile to shared totals,0,115,19,4,1,115,24,139,-0.16,0.31,28,total,Districts use one school code per calculation unit; charters use calculator building rows and retain the shared charter totals; student enrollment categories use largest remainder
2026,2025-09-30,17,Cape Henlopen School District,District,TRUE,724,Beacon Middle School,TRUE,TRUE,School-code record,Beacon Middle School,1,1,Shared model input,Shared input used directly,0,410,59,15,7,410,81,491,-0.65,1.3,33.36,total,Districts use one school code per calculation unit; charters use calculator building rows and retain the shared charter totals; student enrollment categories use largest remainder
2026,2025-09-30,17,Cape Henlopen School District,District,TRUE,726,Cape Henlopen High School,TRUE,TRUE,School-code record,Cape Henlopen High School,1,1,Shared model input,Shared input used directly,0,1636,198,35,20,1636,253,1889,-9.6,19.2,128.49,total,Districts use one school code per calculation unit; charters use calculator building rows and retain the shared charter totals; student enrollment categories use largest remainder
2026,2025-09-30,17,Cape Henlopen School District,District,TRUE,716,Frederick D Thomas Middle School,TRUE,TRUE,School-code record,Frederick D Thomas Middle School,1,1,Shared model input,Shared input used directly,0,412,62,20,4,412,86,498,-0.65,1.3,33.5,total,Districts use one school code per calculation unit; charters use calculator building rows and retain the shared charter totals; student enrollment categories use largest remainder
2026,2025-09-30,17,Cape Henlopen School District,District,TRUE,710,H. O. Brittingham Elementary School,TRUE,TRUE,School-code record,H. O. Brittingham Elementary School,1,1,Shared model input,Shared input used directly,286,143,31,24,10,429,65,494,0,0,36.34,total,Districts use one school code per calculation unit; charters use calculator building rows and retain the shared charter totals; student enrollment categories use largest remainder
2026,2025-09-30,17,Cape Henlopen School District,District,TRUE,712,Lewes Elementary School,TRUE,TRUE,School-code record,Lewes Elementary School,1,1,Shared model input,Shared input used directly,337,184,57,9,7,521,73,594,0,0,40.98,total,Districts use one school code per calculation unit; charters use calculator building rows and retain the shared charter totals; student enrollment categories use largest remainder
2026,2025-09-30,17,Cape Henlopen School District,District,TRUE,718,Love Creek Elementary School,TRUE,TRUE,School-code record,Love Creek Elementary School,1,1,Shared model input,Shared input used directly,375,206,36,15,14,581,65,646,0,0,45.62,total,Districts use one school code per calculation unit; charters use calculator building rows and retain the shared charter totals; student enrollment categories use largest remainder
2026,2025-09-30,17,Cape Henlopen School District,District,TRUE,720,Mariner Middle School,TRUE,TRUE,School-code record,Mariner Middle School,1,1,Shared model input,Shared input used directly,0,467,58,10,12,467,80,547,-0.69,1.37,37.22,total,Districts use one school code per calculation unit; charters use calculator building rows and retain the shared charter totals; student enrollment categories use largest remainder
2026,2025-09-30,17,Cape Henlopen School District,District,TRUE,721,Milton Elementary School,TRUE,TRUE,School-code record,Milton Elementary School,1,1,Shared model input,Shared input used directly,349,167,31,6,10,516,47,563,0,0,38.43,total,Districts use one school code per calculation unit; charters use calculator building rows and retain the shared charter totals; student enrollment categories use largest remainder
2026,2025-09-30,17,Cape Henlopen School District,District,TRUE,722,Rehoboth Elementary School,TRUE,TRUE,School-code record,Rehoboth Elementary School,1,1,Shared model input,Shared input used directly,330,156,41,20,9,486,70,556,0,0,39.84,total,Districts use one school code per calculation unit; charters use calculator building rows and retain the shared charter totals; student enrollment categories use largest remainder
2026,2025-09-30,17,Cape Henlopen School District,District,TRUE,728,Sussex Consortium,TRUE,TRUE,School-code record,Sussex Consortium,1,1,Shared model input,Shared input used directly,0,0,75,35,343,0,453,453,-2.27,4.53,148.94,total,Districts use one school code per calculation unit; charters use calculator building rows and retain the shared charter totals; student enrollment categories use largest remainder
2026,2025-09-30,13,Capital School District,District,TRUE,636,Booker T. Washington Elementary School,TRUE,TRUE,School-code record,Booker T. Washington Elementary School,1,1,Shared model input,Shared input used directly,147,117,39,4,5,264,48,312,0,0,22.15,total,Districts use one school code per calculation unit; charters use calculator building rows and retain the shared charter totals; student enrollment categories use largest remainder
2026,2025-09-30,13,Capital School District,District,TRUE,645,Capital Early Childhood Center,TRUE,TRUE,School-code record,Capital Early Childhood Center,1,1,Shared model input,Shared input used directly,0,0,37,0,0,0,37,37,0,0,4.4,total,Districts use one school code per calculation unit; charters use calculator building rows and retain the shared charter totals; student enrollment categories use largest remainder
2026,2025-09-30,13,Capital School District,District,TRUE,644,Central Elementary School,TRUE,TRUE,School-code record,Central Elementary School,1,1,Shared model input,Shared input used directly,308,192,54,17,13,500,84,584,0,0,42.87,total,Districts use one school code per calculation unit; charters use calculator building rows and retain the shared charter totals; student enrollment categories use largest remainder
2026,2025-09-30,13,Capital School District,District,TRUE,648,Dover High School,TRUE,TRUE,School-code record,Dover High School,1,1,Shared model input,Shared input used directly,0,1389,245,63,31,1389,339,1728,-9.1,18.2,130.14,total,Districts use one school code per calculation unit; charters use calculator building rows and retain the shared charter totals; student enrollment categories use largest remainder
2026,2025-09-30,13,Capital School District,District,TRUE,632,East Dover Early Childhood Center,TRUE,TRUE,School-code record,East Dover Early Childhood Center,1,1,Shared model input,Shared input used directly,269,0,24,72,18,269,114,383,0,0,38.38,total,Districts use one school code per calculation unit; charters use calculator building rows and retain the shared charter totals; student enrollment categories use largest remainder
2026,2025-09-30,13,Capital School District,District,TRUE,638,Fairview Early Childhood Center,TRUE,TRUE,School-code record,Fairview Early Childhood Center,1,1,Shared model input,Shared input used directly,123,0,12,31,5,123,48,171,0,0,16.11,total,Districts use one school code per calculation unit; charters use calculator building rows and retain the shared charter totals; student enrollment categories use largest remainder
2026,2025-09-30,13,Capital School District,District,TRUE,640,Hartly Elementary School,TRUE,TRUE,School-code record,Hartly Elementary School,1,1,Shared model input,Shared input used directly,203,76,16,6,0,279,22,301,0,0,19.23,total,Districts use one school code per calculation unit; charters use calculator building rows and retain the shared charter totals; student enrollment categories use largest remainder
2026,2025-09-30,13,Capital School District,District,TRUE,650,Kent County Community School,TRUE,TRUE,School-code record,Kent County Community School,1,1,Shared model input,Shared input used directly,0,0,0,1,264,0,265,265,-0.49,0.97,102.19,total,Districts use one school code per calculation unit; charters use calculator building rows and retain the shared charter totals; student enrollment categories use largest remainder
2026,2025-09-30,13,Capital School District,District,TRUE,655,Kent County Secondary ILC,TRUE,TRUE,School-code record,Kent County Secondary ILC,1,1,Shared model input,Shared input used directly,0,0,0,27,54,0,81,81,-0.13,0.26,25.4,total,Districts use one school code per calculation unit; charters use calculator building rows and retain the shared charter totals; student enrollment categories use largest remainder
2026,2025-09-30,13,Capital School District,District,TRUE,633,Middle School of Excellence,TRUE,TRUE,School-code record,Middle School of Excellence,1,1,Shared model input,Shared input used directly,0,484,73,14,15,484,102,586,-1.28,2.56,42.27,total,Districts use one school code per calculation unit; charters use calculator building rows and retain the shared charter totals; student enrollment categories use largest remainder
2026,2025-09-30,13,Capital School District,District,TRUE,637,Middle School of Innovation,TRUE,TRUE,School-code record,Middle School of Innovation,1,1,Shared model input,Shared input used directly,0,549,101,9,4,549,114,663,-1.27,2.54,43.78,total,Districts use one school code per calculation unit; charters use calculator building rows and retain the shared charter totals; student enrollment categories use largest remainder
2026,2025-09-30,13,Capital School District,District,TRUE,635,North Dover Elementary School,TRUE,TRUE,School-code record,North Dover Elementary School,1,1,Shared model input,Shared input used directly,171,118,28,6,5,289,39,328,0,0,22.71,total,Districts use one school code per calculation unit; charters use calculator building rows and retain the shared charter totals; student enrollment categories use largest remainder
2026,2025-09-30,13,Capital School District,District,TRUE,634,South Dover Elementary School,TRUE,TRUE,School-code record,South Dover Elementary School,1,1,Shared model input,Shared input used directly,335,217,58,6,7,552,71,623,0,0,42.12,total,Districts use one school code per calculation unit; charters use calculator building rows and retain the shared charter totals; student enrollment categories use largest remainder
2026,2025-09-30,13,Capital School District,District,TRUE,642,Towne Point Elementary School,TRUE,TRUE,School-code record,Towne Point Elementary School,1,1,Shared model input,Shared input used directly,173,110,22,10,7,283,39,322,0,0,23.16,total,Districts use one school code per calculation unit; charters use calculator building rows and retain the shared charter totals; student enrollment categories use largest remainder
2026,2025-09-30,80,Charter School of New Castle,Charter,TRUE,579,Charter School of New Castle,TRUE,TRUE,Charter building,New Castle Primary,1,2,Calculator Data sheet building row,Calculator category values reconcile to shared totals,271,162,21,9,8,433,38,471,0,0,50.79,total,Districts use one school code per calculation unit; charters use calculator building rows and retain the shared charter totals; student enrollment categories use largest remainder
2026,2025-09-30,80,Charter School of New Castle,Charter,TRUE,579,Charter School of New Castle,TRUE,TRUE,Charter building,New Castle Junior,2,2,Calculator Data sheet building row,Calculator category values reconcile to shared totals,0,246,27,11,4,246,42,288,0,0,50.79,total,Districts use one school code per calculation unit; charters use calculator building rows and retain the shared charter totals; student enrollment categories use largest remainder
2026,2025-09-30,70,Charter School of Wilmington,Charter,TRUE,295,Charter School of Wilmington,TRUE,TRUE,Charter building,Charter_School_of_Wilmington,1,1,Calculator Data sheet building row,Calculator category values reconcile to shared totals,0,966,11,2,1,966,14,980,0,0,50.32,total,Districts use one school code per calculation unit; charters use calculator building rows and retain the shared charter totals; student enrollment categories use largest remainder
2026,2025-09-30,33,Christina School District,District,TRUE,339,Brader (Henry M.) Elementary School,TRUE,TRUE,School-code record,Brader (Henry M.) Elementary School,1,1,Shared model input,Shared input used directly,172,89,30,10,19,261,59,320,0,0,27.62,total,Districts use one school code per calculation unit; charters use calculator building rows and retain the shared charter totals; student enrollment categories use largest remainder
2026,2025-09-30,33,Christina School District,District,TRUE,538,Brennen School (The),TRUE,TRUE,School-code record,Brennen School (The),1,1,Shared model input,Shared input used directly,1,0,0,2,423,1,425,426,-2.03,4.05,165.1,total,Districts use one school code per calculation unit; charters use calculator building rows and retain the shared charter totals; student enrollment categories use largest remainder
2026,2025-09-30,33,Christina School District,District,TRUE,310,Brookside Elementary School,TRUE,TRUE,School-code record,Brookside Elementary School,1,1,Shared model input,Shared input used directly,137,73,13,22,12,210,47,257,0,0,21.95,total,Districts use one school code per calculation unit; charters use calculator building rows and retain the shared charter totals; student enrollment categories use largest remainder
2026,2025-09-30,33,Christina School District,District,TRUE,390,Christiana High School,TRUE,TRUE,School-code record,Christiana High School,1,1,Shared model input,Shared input used directly,0,1130,93,94,16,1130,203,1333,-6.84,13.68,96.23,total,Districts use one school code per calculation unit; charters use calculator building rows and retain the shared charter totals; student enrollment categories use largest remainder
2026,2025-09-30,33,Christina School District,District,TRUE,,Christina - Intensive Learning Center,FALSE,FALSE,Vocational/program adjustment,Christina - Intensive Learning Center,1,0,Shared model input,Shared input used directly,0,0,0,0,0,0,0,0,-0.09,0.19,0.1,total,Districts use one school code per calculation unit; charters use calculator building rows and retain the shared charter totals; student enrollment categories use largest remainder
2026,2025-09-30,33,Christina School District,District,TRUE,545,Christina Early Education Center,TRUE,TRUE,School-code record,Christina Early Education Center,1,1,Shared model input,Shared input used directly,0,0,229,123,59,0,411,411,0,0,70.45,total,Districts use one school code per calculation unit; charters use calculator building rows and retain the shared charter totals; student enrollment categories use largest remainder
2026,2025-09-30,33,Christina School District,District,TRUE,540,Delaware School for the Deaf School (DSD),TRUE,TRUE,School-code record,Delaware School for the Deaf School (DSD),1,1,Shared model input,Shared input used directly,0,0,0,0,105,0,105,105,0,0,40.38,total,Districts use one school code per calculation unit; charters use calculator building rows and retain the shared charter totals; student enrollment categories use largest remainder
2026,2025-09-30,33,Christina School District,District,TRUE,537,Douglass School,TRUE,TRUE,School-code record,Douglass School,1,1,Shared model input,Shared input used directly,0,50,4,9,67,50,80,130,0,0,30.25,total,Districts use one school code per calculation unit; charters use calculator building rows and retain the shared charter totals; student enrollment categories use largest remainder
2026,2025-09-30,33,Christina School District,District,TRUE,318,Downes (John R.) Elementary School,TRUE,TRUE,School-code record,Downes (John R.) Elementary School,1,1,Shared model input,Shared input used directly,199,117,31,15,9,316,55,371,0,0,27.78,total,Districts use one school code per calculation unit; charters use calculator building rows and retain the shared charter totals; student enrollment categories use largest remainder
2026,2025-09-30,33,Christina School District,District,TRUE,320,Gallaher (Robert S.) Elementary School,TRUE,TRUE,School-code record,Gallaher (Robert S.) Elementary School,1,1,Shared model input,Shared input used directly,246,143,24,38,23,389,85,474,0,0,40.38,total,Districts use one school code per calculation unit; charters use calculator building rows and retain the shared charter totals; student enrollment categories use largest remainder
2026,2025-09-30,33,Christina School District,District,TRUE,372,Gauger-Cobbs Middle School,TRUE,TRUE,School-code record,Gauger-Cobbs Middle School,1,1,Shared model input,Shared input used directly,0,491,79,53,15,491,147,638,-1.67,3.34,50.22,total,Districts use one school code per calculation unit; charters use calculator building rows and retain the shared charter totals; student enrollment categories use largest remainder
2026,2025-09-30,33,Christina School District,District,TRUE,392,Glasgow High School,TRUE,TRUE,School-code record,Glasgow High School,1,1,Shared model input,Shared input used directly,0,692,128,55,32,692,215,907,-5.66,11.32,76.98,total,Districts use one school code per calculation unit; charters use calculator building rows and retain the shared charter totals; student enrollment categories use largest remainder
2026,2025-09-30,33,Christina School District,District,TRUE,314,Jones (Albert H.) Elementary School,TRUE,TRUE,School-code record,Jones (Albert H.) Elementary School,1,1,Shared model input,Shared input used directly,183,85,27,15,12,268,54,322,0,0,25.88,total,Districts use one school code per calculation unit; charters use calculator building rows and retain the shared charter totals; student enrollment categories use largest remainder
2026,2025-09-30,33,Christina School District,District,TRUE,321,Keene (William B.) Elementary School,TRUE,TRUE,School-code record,Keene (William B.) Elementary School,1,1,Shared model input,Shared input used directly,226,114,40,23,16,340,79,419,0,0,34.39,total,Districts use one school code per calculation unit; charters use calculator building rows and retain the shared charter totals; student enrollment categories use largest remainder
2026,2025-09-30,33,Christina School District,District,TRUE,374,Kirk (George V.) Middle School,TRUE,TRUE,School-code record,Kirk (George V.) Middle School,1,1,Shared model input,Shared input used directly,0,442,64,41,19,442,124,566,-0.73,1.46,44.59,total,Districts use one school code per calculation unit; charters use calculator building rows and retain the shared charter totals; student enrollment categories use largest remainder
2026,2025-09-30,33,Christina School District,District,TRUE,322,Leasure (May B.) Elementary School,TRUE,TRUE,School-code record,Leasure (May B.) Elementary School,1,1,Shared model input,Shared input used directly,154,72,32,27,10,226,69,295,0,0,25.27,total,Districts use one school code per calculation unit; charters use calculator building rows and retain the shared charter totals; student enrollment categories use largest remainder
2026,2025-09-30,33,Christina School District,District,TRUE,324,Maclary (R. Elisabeth) Elementary School,TRUE,TRUE,School-code record,Maclary (R. Elisabeth) Elementary School,1,1,Shared model input,Shared input used directly,112,73,17,19,10,185,46,231,0,0,19.6,total,Districts use one school code per calculation unit; charters use calculator building rows and retain the shared charter totals; student enrollment categories use largest remainder
2026,2025-09-30,33,Christina School District,District,TRUE,312,Marshall (Thurgood) Elementary School,TRUE,TRUE,School-code record,Marshall (Thurgood) Elementary School,1,1,Shared model input,Shared input used directly,333,130,43,26,11,463,80,543,0,0,40.74,total,Districts use one school code per calculation unit; charters use calculator building rows and retain the shared charter totals; student enrollment categories use largest remainder
2026,2025-09-30,33,Christina School District,District,TRUE,353,Maurice Pritchett SR. Academy,TRUE,TRUE,School-code record,Maurice Pritchett SR. Academy,1,1,Shared model input,Shared input used directly,167,275,55,39,22,442,116,558,-0.34,0.68,45.91,total,Districts use one school code per calculation unit; charters use calculator building rows and retain the shared charter totals; student enrollment categories use largest remainder
2026,2025-09-30,33,Christina School District,District,TRUE,326,McVey (Joseph M.) Elementary School,TRUE,TRUE,School-code record,McVey (Joseph M.) Elementary School,1,1,Shared model input,Shared input used directly,161,93,16,27,27,254,70,324,0,0,31.37,total,Districts use one school code per calculation unit; charters use calculator building rows and retain the shared charter totals; student enrollment categories use largest remainder
2026,2025-09-30,33,Christina School District,District,TRUE,394,Newark High School,TRUE,TRUE,School-code record,Newark High School,1,1,Shared model input,Shared input used directly,0,742,124,92,35,742,251,993,-3.77,7.53,84.41,total,Districts use one school code per calculation unit; charters use calculator building rows and retain the shared charter totals; student enrollment categories use largest remainder
2026,2025-09-30,33,Christina School District,District,TRUE,327,Oberle (William) Elementary School,TRUE,TRUE,School-code record,Oberle (William) Elementary School,1,1,Shared model input,Shared input used directly,272,150,24,20,20,422,64,486,0,0,38.17,total,Districts use one school code per calculation unit; charters use calculator building rows and retain the shared charter totals; student enrollment categories use largest remainder
2026,2025-09-30,33,Christina School District,District,TRUE,358,Pulaski Early Education Center,TRUE,TRUE,School-code record,Pulaski Early Education Center,1,1,Shared model input,Shared input used directly,48,0,12,11,6,48,29,77,0,0,8.53,total,Districts use one school code per calculation unit; charters use calculator building rows and retain the shared charter totals; student enrollment categories use largest remainder
2026,2025-09-30,33,Christina School District,District,TRUE,512,REACH/CBIP,TRUE,TRUE,School-code record,REACH/CBIP,1,1,Shared model input,Shared input used directly,0,0,0,13,199,0,212,212,-0.75,1.49,79.45,total,Districts use one school code per calculation unit; charters use calculator building rows and retain the shared charter totals; student enrollment categories use largest remainder
2026,2025-09-30,33,Christina School District,District,TRUE,376,Shue-Medill Middle School,TRUE,TRUE,School-code record,Shue-Medill Middle School,1,1,Shared model input,Shared input used directly,0,514,95,61,31,514,187,701,-1.42,2.84,60.52,total,Districts use one school code per calculation unit; charters use calculator building rows and retain the shared charter totals; student enrollment categories use largest remainder
2026,2025-09-30,33,Christina School District,District,TRUE,330,Smith (Jennie E.) Elementary School,TRUE,TRUE,School-code record,Smith (Jennie E.) Elementary School,1,1,Shared model input,Shared input used directly,211,120,30,19,30,331,79,410,0,0,37.3,total,Districts use one school code per calculation unit; charters use calculator building rows and retain the shared charter totals; student enrollment categories use largest remainder
2026,2025-09-30,33,Christina School District,District,TRUE,362,Stubbs Early Education Center,TRUE,TRUE,School-code record,Stubbs Early Education Center,1,1,Shared model input,Shared input used directly,70,0,31,15,9,70,55,125,0,0,13.98,total,Districts use one school code per calculation unit; charters use calculator building rows and retain the shared charter totals; student enrollment categories use largest remainder
2026,2025-09-30,33,Christina School District,District,TRUE,352,The Bayard School,TRUE,TRUE,School-code record,The Bayard School,1,1,Shared model input,Shared input used directly,157,264,60,48,20,421,128,549,-0.32,0.64,46.04,total,Districts use one school code per calculation unit; charters use calculator building rows and retain the shared charter totals; student enrollment categories use largest remainder
2026,2025-09-30,33,Christina School District,District,TRUE,332,West Park Place Elementary School,TRUE,TRUE,School-code record,West Park Place Elementary School,1,1,Shared model input,Shared input used directly,196,88,18,15,16,284,49,333,0,0,27.29,total,Districts use one school code per calculation unit; charters use calculator building rows and retain the shared charter totals; student enrollment categories use largest remainder
2026,2025-09-30,33,Christina School District,District,TRUE,334,Wilson (Etta J.) Elementary School,TRUE,TRUE,School-code record,Wilson (Etta J.) Elementary School,1,1,Shared model input,Shared input used directly,164,78,18,18,5,242,41,283,0,0,21.08,total,Districts use one school code per calculation unit; charters use calculator building rows and retain the shared charter totals; student enrollment categories use largest remainder
2026,2025-09-30,34,Colonial School District,District,TRUE,470,Bedford (Gunning) Middle School,TRUE,TRUE,School-code record,Bedford (Gunning) Middle School,1,1,Shared model input,Shared input used directly,0,671,103,60,10,671,173,844,-1.22,2.44,60.88,total,Districts use one school code per calculation unit; charters use calculator building rows and retain the shared charter totals; student enrollment categories use largest remainder
2026,2025-09-30,34,Colonial School District,District,TRUE,412,Castle Hills Elementary School,TRUE,TRUE,School-code record,Castle Hills Elementary School,1,1,Shared model input,Shared input used directly,227,119,24,34,6,346,64,410,0,0,30.8,total,Districts use one school code per calculation unit; charters use calculator building rows and retain the shared charter totals; student enrollment categories use largest remainder
2026,2025-09-30,34,Colonial School District,District,TRUE,410,Downie (Carrie) Elementary School,TRUE,TRUE,School-code record,Downie (Carrie) Elementary School,1,1,Shared model input,Shared input used directly,152,81,24,22,3,233,49,282,0,0,21.11,total,Districts use one school code per calculation unit; charters use calculator building rows and retain the shared charter totals; student enrollment categories use largest remainder
2026,2025-09-30,34,Colonial School District,District,TRUE,456,Eisenberg (Harry O.) Elementary School,TRUE,TRUE,School-code record,Eisenberg (Harry O.) Elementary School,1,1,Shared model input,Shared input used directly,254,103,39,31,8,357,78,435,0,0,33.72,total,Districts use one school code per calculation unit; charters use calculator building rows and retain the shared charter totals; student enrollment categories use largest remainder
2026,2025-09-30,34,Colonial School District,District,TRUE,514,Leach (John G.) School,TRUE,TRUE,School-code record,Leach (John G.) School,1,1,Shared model input,Shared input used directly,0,0,0,23,69,0,92,92,-0.77,1.53,31.13,total,Districts use one school code per calculation unit; charters use calculator building rows and retain the shared charter totals; student enrollment categories use largest remainder
2026,2025-09-30,34,Colonial School District,District,TRUE,,Leach Exceptional VocEd,FALSE,FALSE,Vocational/program adjustment,Leach Exceptional VocEd,1,0,Shared model input,Shared input used directly,0,0,0,0,0,0,0,0,-2.8,5.6,2.8,total,Districts use one school code per calculation unit; charters use calculator building rows and retain the shared charter totals; student enrollment categories use largest remainder
2026,2025-09-30,34,Colonial School District,District,TRUE,476,McCullough (Calvin R. ) Middle School,TRUE,TRUE,School-code record,McCullough (Calvin R. ) Middle School,1,1,Shared model input,Shared input used directly,0,436,71,64,0,436,135,571,-1.79,3.57,42.7,total,Districts use one school code per calculation unit; charters use calculator building rows and retain the shared charter totals; student enrollment categories use largest remainder
2026,2025-09-30,34,Colonial School District,District,TRUE,432,New Castle Elementary School,TRUE,TRUE,School-code record,New Castle Elementary School,1,1,Shared model input,Shared input used directly,192,97,30,26,4,289,60,349,0,0,26.14,total,Districts use one school code per calculation unit; charters use calculator building rows and retain the shared charter totals; student enrollment categories use largest remainder
2026,2025-09-30,34,Colonial School District,District,TRUE,490,Penn (William) High School,TRUE,TRUE,School-code record,Penn (William) High School,1,1,Shared model input,Shared input used directly,0,1446,198,319,42,1446,559,2005,-11.71,23.42,176.9,total,Districts use one school code per calculation unit; charters use calculator building rows and retain the shared charter totals; student enrollment categories use largest remainder
2026,2025-09-30,34,Colonial School District,District,TRUE,418,Pleasantville Elementary School,TRUE,TRUE,School-code record,Pleasantville Elementary School,1,1,Shared model input,Shared input used directly,219,117,17,31,6,336,54,390,0,0,28.87,total,Districts use one school code per calculation unit; charters use calculator building rows and retain the shared charter totals; student enrollment categories use largest remainder
2026,2025-09-30,34,Colonial School District,District,TRUE,474,Read (George) Middle School,TRUE,TRUE,School-code record,Read (George) Middle School,1,1,Shared model input,Shared input used directly,0,396,70,91,36,396,197,593,-3.59,7.18,60.74,total,Districts use one school code per calculation unit; charters use calculator building rows and retain the shared charter totals; student enrollment categories use largest remainder
2026,2025-09-30,34,Colonial School District,District,TRUE,427,Southern Elementary School,TRUE,TRUE,School-code record,Southern Elementary School,1,1,Shared model input,Shared input used directly,314,150,43,89,157,464,289,753,0,0,107.21,total,Districts use one school code per calculation unit; charters use calculator building rows and retain the shared charter totals; student enrollment categories use largest remainder
2026,2025-09-30,34,Colonial School District,District,TRUE,450,The Colwyck Center,TRUE,TRUE,School-code record,The Colwyck Center,1,1,Shared model input,Shared input used directly,0,0,117,44,65,0,226,226,0,0,46.26,total,Districts use one school code per calculation unit; charters use calculator building rows and retain the shared charter totals; student enrollment categories use largest remainder
2026,2025-09-30,34,Colonial School District,District,TRUE,422,Wilbur (Kathleen H.) Elementary,TRUE,TRUE,School-code record,Wilbur (Kathleen H.) Elementary,1,1,Shared model input,Shared input used directly,593,292,51,64,9,885,124,1009,0,0,71.4,total,Districts use one school code per calculation unit; charters use calculator building rows and retain the shared charter totals; student enrollment categories use largest remainder
2026,2025-09-30,34,Colonial School District,District,TRUE,420,Wilmington Manor Elementary School,TRUE,TRUE,School-code record,Wilmington Manor Elementary School,1,1,Shared model input,Shared input used directly,171,85,20,33,5,256,58,314,0,0,24.61,total,Districts use one school code per calculation unit; charters use calculator building rows and retain the shared charter totals; student enrollment categories use largest remainder
2026,2025-09-30,79,Delaware Military Academy,Charter,TRUE,578,Delaware Military Academy,TRUE,TRUE,Charter building,Delaware_Military_Academy_Charter_School,1,1,Calculator Data sheet building row,Calculator category values reconcile to shared totals,0,501,54,0,0,501,54,555,-1.75,3.5,33.23,total,Districts use one school code per calculation unit; charters use calculator building rows and retain the shared charter totals; student enrollment categories use largest remainder
2026,2025-09-30,37,Delmar School District,District,TRUE,730,Delmar High School,TRUE,TRUE,School-code record,Delmar High School,1,1,Shared model input,Shared input used directly,0,630,40,15,9,630,64,694,-5.07,10.14,47.29,total,Districts use one school code per calculation unit; charters use calculator building rows and retain the shared charter totals; student enrollment categories use largest remainder
2026,2025-09-30,37,Delmar School District,District,TRUE,733,Delmar Middle School,TRUE,TRUE,School-code record,Delmar Middle School,1,1,Shared model input,Shared input used directly,0,695,58,15,9,695,82,777,-2.02,4.04,49.63,total,Districts use one school code per calculation unit; charters use calculator building rows and retain the shared charter totals; student enrollment categories use largest remainder
2026,2025-09-30,14,Dover Air Force Base,Dover Air Force Base,FALSE,893,Dover AFB Off Base,TRUE,TRUE,School-code record,Dover AFB Off Base,1,1,Shared model input,Shared input used directly,1,43,7,11,12,44,30,74,-0.19,0.37,9.67,total,Districts use one school code per calculation unit; charters use calculator building rows and retain the shared charter totals; student enrollment categories use largest remainder
2026,2025-09-30,14,Dover Air Force Base,Dover Air Force Base,FALSE,891,Dover Air Force Base Middle School,TRUE,TRUE,School-code record,Dover Air Force Base Middle School,1,1,Shared model input,Shared input used directly,0,106,11,1,0,106,12,118,0,0,6.78,total,Districts use one school code per calculation unit; charters use calculator building rows and retain the shared charter totals; student enrollment categories use largest remainder
2026,2025-09-30,14,Dover Air Force Base,Dover Air Force Base,FALSE,892,Major George S. Welch Elementary School,TRUE,TRUE,School-code record,Major George S. Welch Elementary School,1,1,Shared model input,Shared input used directly,173,70,35,6,1,243,42,285,0,0,19.73,total,Districts use one school code per calculation unit; charters use calculator building rows and retain the shared charter totals; student enrollment categories use largest remainder
2026,2025-09-30,9604,Early College High School at Del State,Charter,TRUE,4040,Early College School at Del State,TRUE,TRUE,Charter building,Early_College_High_School_at_Del_State_Charter_School,1,1,Calculator Data sheet building row,Calculator category values reconcile to shared totals,0,536,51,5,5,536,61,597,0,0,35.62,total,Districts use one school code per calculation unit; charters use calculator building rows and retain the shared charter totals; student enrollment categories use largest remainder
2026,2025-09-30,72,East Side Charter School,Charter,TRUE,571,East Side Charter School,TRUE,TRUE,Charter building,East Side Primary,1,2,Calculator Data sheet building row,Calculator category values reconcile to shared totals,169,79,36,15,6,248,57,305,0,0,33.86,total,Districts use one school code per calculation unit; charters use calculator building rows and retain the shared charter totals; student enrollment categories use largest remainder
2026,2025-09-30,72,East Side Charter School,Charter,TRUE,571,East Side Charter School,TRUE,TRUE,Charter building,East Side Junior,2,2,Calculator Data sheet building row,Calculator category values reconcile to shared totals,0,124,25,5,1,124,31,155,0,0,33.86,total,Districts use one school code per calculation unit; charters use calculator building rows and retain the shared charter totals; student enrollment categories use largest remainder
2026,2025-09-30,76,Edison (Thomas A.) Charter School,Charter,TRUE,575,Edison (Thomas A.) Charter School,TRUE,TRUE,Charter building,Edison Primary,1,3,Calculator Data sheet building row,Calculator category values reconcile to shared totals,208,0,9,13,7,208,29,237,0,0,40.65,total,Districts use one school code per calculation unit; charters use calculator building rows and retain the shared charter totals; student enrollment categories use largest remainder
2026,2025-09-30,76,Edison (Thomas A.) Charter School,Charter,TRUE,575,Edison (Thomas A.) Charter School,TRUE,TRUE,Charter building,Edison Intermediate,2,3,Calculator Data sheet building row,Calculator category values reconcile to shared totals,0,104,11,4,4,104,19,123,0,0,40.65,total,Districts use one school code per calculation unit; charters use calculator building rows and retain the shared charter totals; student enrollment categories use largest remainder
2026,2025-09-30,76,Edison (Thomas A.) Charter School,Charter,TRUE,575,Edison (Thomas A.) Charter School,TRUE,TRUE,Charter building,Edison Junior High,3,3,Calculator Data sheet building row,Calculator category values reconcile to shared totals,0,141,24,8,5,141,37,178,0,0,40.65,total,Districts use one school code per calculation unit; charters use calculator building rows and retain the shared charter totals; student enrollment categories use largest remainder
2026,2025-09-30,9607,First State Military Academy,Charter,TRUE,4055,First State Military Academy,TRUE,TRUE,Charter building,First_State_Military_Academy_Charter_School,1,1,Calculator Data sheet building row,Calculator category values reconcile to shared totals,0,340,58,19,7,340,84,424,0,0,29.76,total,Districts use one school code per calculation unit; charters use calculator building rows and retain the shared charter totals; student enrollment categories use largest remainder
2026,2025-09-30,9606,First State Montessori Academy,Charter,TRUE,4050,First State Montessori Academy,TRUE,TRUE,Charter building,First State Elementary,1,2,Calculator Data sheet building row,Calculator category values reconcile to shared totals,273,185,37,22,3,458,62,520,0,0,44.52,total,Districts use one school code per calculation unit; charters use calculator building rows and retain the shared charter totals; student enrollment categories use largest remainder
2026,2025-09-30,9606,First State Montessori Academy,Charter,TRUE,4050,First State Montessori Academy,TRUE,TRUE,Charter building,First State Middle School,2,2,Calculator Data sheet building row,Calculator category values reconcile to shared totals,0,100,19,7,2,100,28,128,0,0,44.52,total,Districts use one school code per calculation unit; charters use calculator building rows and retain the shared charter totals; student enrollment categories use largest remainder
2026,2025-09-30,9612,Freire Charter School Wilmington,Charter,TRUE,4080,Freire Charter School,TRUE,TRUE,Charter building,Freire_Charter_School_of_Wilmington,1,1,Calculator Data sheet building row,Calculator category values reconcile to shared totals,0,257,68,37,8,257,113,370,0,0,30.2,total,Districts use one school code per calculation unit; charters use calculator building rows and retain the shared charter totals; student enrollment categories use largest remainder
2026,2025-09-30,92,Gateway Charter School,Charter,TRUE,543,Gateway Charter School,TRUE,TRUE,Charter building,Gateway Primary,1,2,Calculator Data sheet building row,Calculator category values reconcile to shared totals,66,18,20,14,6,84,40,124,0,0,21.41,total,Districts use one school code per calculation unit; charters use calculator building rows and retain the shared charter totals; student enrollment categories use largest remainder
2026,2025-09-30,92,Gateway Charter School,Charter,TRUE,543,Gateway Charter School,TRUE,TRUE,Charter building,Gateway Secondary,2,2,Calculator Data sheet building row,Calculator category values reconcile to shared totals,0,41,29,12,5,41,46,87,0,0,21.41,total,Districts use one school code per calculation unit; charters use calculator building rows and retain the shared charter totals; student enrollment categories use largest remainder
2026,2025-09-30,9611,Great Oaks Charter School,Charter,TRUE,4075,Great Oaks Charter School,TRUE,TRUE,Charter building,Great_Oaks_Charter_School,1,1,Calculator Data sheet building row,Calculator category values reconcile to shared totals,0,80,23,29,9,80,61,141,0,0,15.03,total,Districts use one school code per calculation unit; charters use calculator building rows and retain the shared charter totals; student enrollment categories use largest remainder
2026,2025-09-30,36,Indian River School District,District,TRUE,732,Clayton (John M.) Elementary School,TRUE,TRUE,School-code record,Clayton (John M.) Elementary School,1,1,Shared model input,Shared input used directly,253,117,40,17,13,370,70,440,0,0,34.06,total,Districts use one school code per calculation unit; charters use calculator building rows and retain the shared charter totals; student enrollment categories use largest remainder
2026,2025-09-30,36,Indian River School District,District,TRUE,738,East Millsboro Elementary School,TRUE,TRUE,School-code record,East Millsboro Elementary School,1,1,Shared model input,Shared input used directly,435,257,53,18,12,692,83,775,0,0,53.63,total,Districts use one school code per calculation unit; charters use calculator building rows and retain the shared charter totals; student enrollment categories use largest remainder
2026,2025-09-30,36,Indian River School District,District,TRUE,750,Ennis (Howard T.) School,TRUE,TRUE,School-code record,Ennis (Howard T.) School,1,1,Shared model input,Shared input used directly,0,0,48,9,282,0,339,339,-0.12,0.23,115.78,total,Districts use one school code per calculation unit; charters use calculator building rows and retain the shared charter totals; student enrollment categories use largest remainder
2026,2025-09-30,36,Indian River School District,District,TRUE,734,Georgetown Elementary School,TRUE,TRUE,School-code record,Georgetown Elementary School,1,1,Shared model input,Shared input used directly,482,231,69,39,33,713,141,854,0,0,68.7,total,Districts use one school code per calculation unit; charters use calculator building rows and retain the shared charter totals; student enrollment categories use largest remainder
2026,2025-09-30,36,Indian River School District,District,TRUE,743,Georgetown Middle School,TRUE,TRUE,School-code record,Georgetown Middle School,1,1,Shared model input,Shared input used directly,0,699,61,76,10,699,147,846,-1.68,3.36,60.41,total,Districts use one school code per calculation unit; charters use calculator building rows and retain the shared charter totals; student enrollment categories use largest remainder
2026,2025-09-30,36,Indian River School District,District,TRUE,746,Indian River High School,TRUE,TRUE,School-code record,Indian River High School,1,1,Shared model input,Shared input used directly,0,850,125,66,18,850,209,1059,-6.29,12.57,81.58,total,Districts use one school code per calculation unit; charters use calculator building rows and retain the shared charter totals; student enrollment categories use largest remainder
2026,2025-09-30,36,Indian River School District,District,TRUE,745,Indian River Intensive Learning Center,TRUE,TRUE,School-code record,Indian River Intensive Learning Center,1,1,Shared model input,Shared input used directly,7,2,64,13,23,9,100,109,0,0,19.17,total,Districts use one school code per calculation unit; charters use calculator building rows and retain the shared charter totals; student enrollment categories use largest remainder
2026,2025-09-30,36,Indian River School District,District,TRUE,690,Long Neck Elementary School,TRUE,TRUE,School-code record,Long Neck Elementary School,1,1,Shared model input,Shared input used directly,414,214,26,36,8,628,70,698,0,0,48.44,total,Districts use one school code per calculation unit; charters use calculator building rows and retain the shared charter totals; student enrollment categories use largest remainder
2026,2025-09-30,36,Indian River School District,District,TRUE,736,Lord Baltimore Elementary School,TRUE,TRUE,School-code record,Lord Baltimore Elementary School,1,1,Shared model input,Shared input used directly,311,177,36,29,6,488,71,559,0,0,39.48,total,Districts use one school code per calculation unit; charters use calculator building rows and retain the shared charter totals; student enrollment categories use largest remainder
2026,2025-09-30,36,Indian River School District,District,TRUE,692,North Georgetown Elementary School,TRUE,TRUE,School-code record,North Georgetown Elementary School,1,1,Shared model input,Shared input used directly,475,220,57,26,11,695,94,789,0,0,55.67,total,Districts use one school code per calculation unit; charters use calculator building rows and retain the shared charter totals; student enrollment categories use largest remainder
2026,2025-09-30,36,Indian River School District,District,TRUE,742,Selbyville Middle School,TRUE,TRUE,School-code record,Selbyville Middle School,1,1,Shared model input,Shared input used directly,0,598,80,45,21,598,146,744,-1.73,3.46,56.73,total,Districts use one school code per calculation unit; charters use calculator building rows and retain the shared charter totals; student enrollment categories use largest remainder
2026,2025-09-30,36,Indian River School District,District,TRUE,740,Showell (Phillip C.) Elementary School,TRUE,TRUE,School-code record,Showell (Phillip C.) Elementary School,1,1,Shared model input,Shared input used directly,194,78,20,21,5,272,46,318,0,0,23.68,total,Districts use one school code per calculation unit; charters use calculator building rows and retain the shared charter totals; student enrollment categories use largest remainder
2026,2025-09-30,36,Indian River School District,District,TRUE,749,Southern Delaware School of the Arts,TRUE,TRUE,School-code record,Southern Delaware School of the Arts,1,1,Shared model input,Shared input used directly,154,190,44,11,4,344,59,403,0,0,27.62,total,Districts use one school code per calculation unit; charters use calculator building rows and retain the shared charter totals; student enrollment categories use largest remainder
2026,2025-09-30,36,Indian River School District,District,TRUE,748,Sussex Central High School,TRUE,TRUE,School-code record,Sussex Central High School,1,1,Shared model input,Shared input used directly,0,1668,99,164,21,1668,284,1952,-12.39,24.77,142.98,total,Districts use one school code per calculation unit; charters use calculator building rows and retain the shared charter totals; student enrollment categories use largest remainder
2026,2025-09-30,36,Indian River School District,District,TRUE,786,Sussex Central Middle,TRUE,TRUE,School-code record,Sussex Central Middle,1,1,Shared model input,Shared input used directly,0,604,46,52,33,604,131,735,-1.78,3.55,58.81,total,Districts use one school code per calculation unit; charters use calculator building rows and retain the shared charter totals; student enrollment categories use largest remainder
2026,2025-09-30,82,Kuumba Academy Charter School,Charter,TRUE,581,Kuumba Academy Charter School,TRUE,TRUE,Charter building,Kuumba Primary,1,2,Calculator Data sheet building row,Calculator category values reconcile to shared totals,228,106,25,16,1,334,42,376,0,0,39.78,total,Districts use one school code per calculation unit; charters use calculator building rows and retain the shared charter totals; student enrollment categories use largest remainder
2026,2025-09-30,82,Kuumba Academy Charter School,Charter,TRUE,581,Kuumba Academy Charter School,TRUE,TRUE,Charter building,Kuumba Junior High,2,2,Calculator Data sheet building row,Calculator category values reconcile to shared totals,0,131,30,14,5,131,49,180,0,0,39.78,total,Districts use one school code per calculation unit; charters use calculator building rows and retain the shared charter totals; student enrollment categories use largest remainder
2026,2025-09-30,15,Lake Forest School District,District,TRUE,664,Chipman (W.T.) Middle School,TRUE,TRUE,School-code record,Chipman (W.T.) Middle School,1,1,Shared model input,Shared input used directly,0,707,159,28,22,707,209,916,-1.66,3.32,69.07,total,Districts use one school code per calculation unit; charters use calculator building rows and retain the shared charter totals; student enrollment categories use largest remainder
2026,2025-09-30,15,Lake Forest School District,District,TRUE,663,Delaware Early Childhood Center,TRUE,TRUE,School-code record,Delaware Early Childhood Center,1,1,Shared model input,Shared input used directly,0,0,41,21,23,0,85,85,0,0,17.23,total,Districts use one school code per calculation unit; charters use calculator building rows and retain the shared charter totals; student enrollment categories use largest remainder
2026,2025-09-30,15,Lake Forest School District,District,TRUE,669,Lake Forest Central Elementary School,TRUE,TRUE,School-code record,Lake Forest Central Elementary School,1,1,Shared model input,Shared input used directly,0,460,92,24,16,460,132,592,0,0,44.1,total,Districts use one school code per calculation unit; charters use calculator building rows and retain the shared charter totals; student enrollment categories use largest remainder
2026,2025-09-30,15,Lake Forest School District,District,TRUE,658,Lake Forest East Elementary School,TRUE,TRUE,School-code record,Lake Forest East Elementary School,1,1,Shared model input,Shared input used directly,307,0,17,18,13,307,48,355,0,0,28.97,total,Districts use one school code per calculation unit; charters use calculator building rows and retain the shared charter totals; student enrollment categories use largest remainder
2026,2025-09-30,15,Lake Forest School District,District,TRUE,665,Lake Forest High School,TRUE,TRUE,School-code record,Lake Forest High School,1,1,Shared model input,Shared input used directly,0,803,163,24,15,803,202,1005,-6.53,13.06,75.85,total,Districts use one school code per calculation unit; charters use calculator building rows and retain the shared charter totals; student enrollment categories use largest remainder
2026,2025-09-30,15,Lake Forest School District,District,TRUE,660,Lake Forest North Elementary School,TRUE,TRUE,School-code record,Lake Forest North Elementary School,1,1,Shared model input,Shared input used directly,358,0,17,8,15,358,40,398,0,0,31.22,total,Districts use one school code per calculation unit; charters use calculator building rows and retain the shared charter totals; student enrollment categories use largest remainder
2026,2025-09-30,15,Lake Forest School District,District,TRUE,662,Lake Forest South Elementary School,TRUE,TRUE,School-code record,Lake Forest South Elementary School,1,1,Shared model input,Shared input used directly,368,0,28,4,13,368,45,413,0,0,31.72,total,Districts use one school code per calculation unit; charters use calculator building rows and retain the shared charter totals; student enrollment categories use largest remainder
2026,2025-09-30,16,Laurel School District,District,TRUE,783,Laurel Elementary School,TRUE,TRUE,School-code record,Laurel Elementary School,1,1,Shared model input,Shared input used directly,343,483,114,17,20,826,151,977,0,0,69.41,total,Districts use one school code per calculation unit; charters use calculator building rows and retain the shared charter totals; student enrollment categories use largest remainder
2026,2025-09-30,16,Laurel School District,District,TRUE,782,Laurel Middle School,TRUE,TRUE,School-code record,Laurel Middle School,1,1,Shared model input,Shared input used directly,0,311,43,7,4,311,54,365,-2.17,4.33,25.54,total,Districts use one school code per calculation unit; charters use calculator building rows and retain the shared charter totals; student enrollment categories use largest remainder
2026,2025-09-30,16,Laurel School District,District,TRUE,756,Laurel Senior High School,TRUE,TRUE,School-code record,Laurel Senior High School,1,1,Shared model input,Shared input used directly,0,553,99,14,17,553,130,683,-3.86,7.71,52.16,total,Districts use one school code per calculation unit; charters use calculator building rows and retain the shared charter totals; student enrollment categories use largest remainder
2026,2025-09-30,16,Laurel School District,District,TRUE,752,North Laurel Early Learning Academy,TRUE,TRUE,School-code record,North Laurel Early Learning Academy,1,1,Shared model input,Shared input used directly,375,0,48,25,26,375,99,474,0,0,43.04,total,Districts use one school code per calculation unit; charters use calculator building rows and retain the shared charter totals; student enrollment categories use largest remainder
2026,2025-09-30,88,MOT Charter School,Charter,TRUE,587,MOT Charter School,TRUE,TRUE,Charter building,MOT Elementary,1,3,Calculator Data sheet building row,Calculator category values reconcile to shared totals,273,132,27,17,5,405,49,454,-0,0,92.33,total,Districts use one school code per calculation unit; charters use calculator building rows and retain the shared charter totals; student enrollment categories use largest remainder
2026,2025-09-30,88,MOT Charter School,Charter,TRUE,587,MOT Charter School,TRUE,TRUE,Charter building,MOT Middle School,2,3,Calculator Data sheet building row,Calculator category values reconcile to shared totals,0,216,14,5,0,216,19,235,-1.08,2.16,92.33,total,Districts use one school code per calculation unit; charters use calculator building rows and retain the shared charter totals; student enrollment categories use largest remainder
2026,2025-09-30,88,MOT Charter School,Charter,TRUE,587,MOT Charter School,TRUE,TRUE,Charter building,MOT High School,3,3,Calculator Data sheet building row,Calculator category values reconcile to shared totals,0,638,44,14,5,638,63,701,-5.13,10.26,92.33,total,Districts use one school code per calculation unit; charters use calculator building rows and retain the shared charter totals; student enrollment categories use largest remainder
2026,2025-09-30,18,Milford School District,District,TRUE,668,Banneker (Benjamin) Elementary School,TRUE,TRUE,School-code record,Banneker (Benjamin) Elementary School,1,1,Shared model input,Shared input used directly,297,0,24,25,11,297,60,357,0,0,29.59,total,Districts use one school code per calculation unit; charters use calculator building rows and retain the shared charter totals; student enrollment categories use largest remainder
2026,2025-09-30,18,Milford School District,District,TRUE,675,Milford Central Academy,TRUE,TRUE,School-code record,Milford Central Academy,1,1,Shared model input,Shared input used directly,0,565,93,19,13,565,125,690,-1.52,3.03,49,total,Districts use one school code per calculation unit; charters use calculator building rows and retain the shared charter totals; student enrollment categories use largest remainder
2026,2025-09-30,18,Milford School District,District,TRUE,676,Milford Middle School,TRUE,TRUE,School-code record,Milford Middle School,1,1,Shared model input,Shared input used directly,0,571,90,35,8,571,133,704,0,0,48.17,total,Districts use one school code per calculation unit; charters use calculator building rows and retain the shared charter totals; student enrollment categories use largest remainder
2026,2025-09-30,18,Milford School District,District,TRUE,678,Milford Senior High School,TRUE,TRUE,School-code record,Milford Senior High School,1,1,Shared model input,Shared input used directly,0,1034,153,33,11,1034,197,1231,-8.12,16.24,87.76,total,Districts use one school code per calculation unit; charters use calculator building rows and retain the shared charter totals; student enrollment categories use largest remainder
2026,2025-09-30,18,Milford School District,District,TRUE,673,Mispillion Elementary,TRUE,TRUE,School-code record,Mispillion Elementary,1,1,Shared model input,Shared input used directly,283,132,37,24,7,415,68,483,0,0,35.16,total,Districts use one school code per calculation unit; charters use calculator building rows and retain the shared charter totals; student enrollment categories use largest remainder
2026,2025-09-30,18,Milford School District,District,TRUE,670,Morris (Evelyn I.) Early Childhood,TRUE,TRUE,School-code record,Morris (Evelyn I.) Early Childhood,1,1,Shared model input,Shared input used directly,350,0,37,37,11,350,85,435,0,0,36.41,total,Districts use one school code per calculation unit; charters use calculator building rows and retain the shared charter totals; student enrollment categories use largest remainder
2026,2025-09-30,18,Milford School District,District,TRUE,672,Ross (Lulu M.) Elementary School,TRUE,TRUE,School-code record,Ross (Lulu M.) Elementary School,1,1,Shared model input,Shared input used directly,356,176,41,27,14,532,82,614,0,0,45.54,total,Districts use one school code per calculation unit; charters use calculator building rows and retain the shared charter totals; student enrollment categories use largest remainder
2026,2025-09-30,38,New Castle County Vocational-Technical School District,District,TRUE,539,DelCastle ILC,TRUE,TRUE,School-code record,DelCastle ILC,1,1,Shared model input,Shared input used directly,0,0,0,20,16,0,36,36,0,0,9.48,total,Districts use one school code per calculation unit; charters use calculator building rows and retain the shared charter totals; student enrollment categories use largest remainder
2026,2025-09-30,38,New Castle County Vocational-Technical School District,District,TRUE,80,Delcastle Technical High School,TRUE,TRUE,School-code record,Delcastle Technical High School,1,1,Shared model input,Shared input used directly,0,1441,154,38,1,1441,193,1634,-27.64,55.27,124.72,total,Districts use one school code per calculation unit; charters use calculator building rows and retain the shared charter totals; student enrollment categories use largest remainder
2026,2025-09-30,38,New Castle County Vocational-Technical School District,District,TRUE,66,Hodgson (Paul M.) Vocational Technical High School,TRUE,TRUE,School-code record,Hodgson (Paul M.) Vocational Technical High School,1,1,Shared model input,Shared input used directly,0,1004,117,17,13,1004,147,1151,-19.11,38.22,91.07,total,Districts use one school code per calculation unit; charters use calculator building rows and retain the shared charter totals; student enrollment categories use largest remainder
2026,2025-09-30,38,New Castle County Vocational-Technical School District,District,TRUE,26,Howard High School of Technology,TRUE,TRUE,School-code record,Howard High School of Technology,1,1,Shared model input,Shared input used directly,0,812,71,24,6,812,101,913,-15.48,30.95,70.83,total,Districts use one school code per calculation unit; charters use calculator building rows and retain the shared charter totals; student enrollment categories use largest remainder
2026,2025-09-30,38,New Castle County Vocational-Technical School District,District,TRUE,,NCC Exceptional VocEd,FALSE,FALSE,Vocational/program adjustment,NCC Exceptional VocEd,1,0,Shared model input,Shared input used directly,0,0,0,0,0,0,0,0,-1.27,2.53,1.26,total,Districts use one school code per calculation unit; charters use calculator building rows and retain the shared charter totals; student enrollment categories use largest remainder
2026,2025-09-30,38,New Castle County Vocational-Technical School District,District,TRUE,44,St. Georges Technical High School,TRUE,TRUE,School-code record,St. Georges Technical High School,1,1,Shared model input,Shared input used directly,0,1050,115,35,4,1050,154,1204,-20.07,40.13,93.62,total,Districts use one school code per calculation unit; charters use calculator building rows and retain the shared charter totals; student enrollment categories use largest remainder
2026,2025-09-30,89,Newark Charter School,Charter,TRUE,588,Newark Charter School,TRUE,TRUE,Charter building,Newark Elementary,1,4,Calculator Data sheet building row,Calculator category values reconcile to shared totals,668,0,27,19,20,668,66,734,-0,0,209.91,total,Districts use one school code per calculation unit; charters use calculator building rows and retain the shared charter totals; student enrollment categories use largest remainder
2026,2025-09-30,89,Newark Charter School,Charter,TRUE,588,Newark Charter School,TRUE,TRUE,Charter building,Newark Intermediate,2,4,Calculator Data sheet building row,Calculator category values reconcile to shared totals,207,434,67,13,12,641,92,733,-0,0,209.91,total,Districts use one school code per calculation unit; charters use calculator building rows and retain the shared charter totals; student enrollment categories use largest remainder
2026,2025-09-30,89,Newark Charter School,Charter,TRUE,588,Newark Charter School,TRUE,TRUE,Charter building,Newark Middle School,3,4,Calculator Data sheet building row,Calculator category values reconcile to shared totals,0,654,68,11,8,654,87,741,-0.68,1.3699999999999999,209.91,total,Districts use one school code per calculation unit; charters use calculator building rows and retain the shared charter totals; student enrollment categories use largest remainder
2026,2025-09-30,89,Newark Charter School,Charter,TRUE,588,Newark Charter School,TRUE,TRUE,Charter building,Newark High School,4,4,Calculator Data sheet building row,Calculator category values reconcile to shared totals,0,863,63,16,6,863,85,948,-3.37,6.72,209.91,total,Districts use one school code per calculation unit; charters use calculator building rows and retain the shared charter totals; student enrollment categories use largest remainder
2026,2025-09-30,86,Odyssey Charter School,Charter,TRUE,585,Odyssey Charter School,TRUE,TRUE,Charter building,Odyssey Primary,1,4,Calculator Data sheet building row,Calculator category values reconcile to shared totals,750,0,57,22,5,750,84,834,-0,0,162.19,total,Districts use one school code per calculation unit; charters use calculator building rows and retain the shared charter totals; student enrollment categories use largest remainder
2026,2025-09-30,86,Odyssey Charter School,Charter,TRUE,585,Odyssey Charter School,TRUE,TRUE,Charter building,Odyssey Intermediate,2,4,Calculator Data sheet building row,Calculator category values reconcile to shared totals,0,349,57,9,5,349,71,420,-0,0,162.19,total,Districts use one school code per calculation unit; charters use calculator building rows and retain the shared charter totals; student enrollment categories use largest remainder
2026,2025-09-30,86,Odyssey Charter School,Charter,TRUE,585,Odyssey Charter School,TRUE,TRUE,Charter building,Odyssey Middle School,3,4,Calculator Data sheet building row,Calculator category values reconcile to shared totals,0,581,82,18,2,581,102,683,-0,0,162.19,total,Districts use one school code per calculation unit; charters use calculator building rows and retain the shared charter totals; student enrollment categories use largest remainder
2026,2025-09-30,86,Odyssey Charter School,Charter,TRUE,585,Odyssey Charter School,TRUE,TRUE,Charter building,Odyssey High School,4,4,Calculator Data sheet building row,Calculator category values reconcile to shared totals,0,389,64,7,5,389,76,465,-3.12,6.24,162.19,total,Districts use one school code per calculation unit; charters use calculator building rows and retain the shared charter totals; student enrollment categories use largest remainder
2026,2025-09-30,39,Polytech School District,District,TRUE,652,POLYTECH High School,TRUE,TRUE,School-code record,POLYTECH High School,1,1,Shared model input,Shared input used directly,0,1084,144,18,6,1084,168,1252,-20.87,41.73,97.51,total,Districts use one school code per calculation unit; charters use calculator building rows and retain the shared charter totals; student enrollment categories use largest remainder
2026,2025-09-30,71,Positive Outcomes Charter School,Charter,TRUE,570,Positive Outcomes Charter School,TRUE,TRUE,Charter building,Positive Middle School,1,2,Calculator Data sheet building row,Calculator category values reconcile to shared totals,0,15,7,5,5,15,17,32,-0,0,17.71,total,Districts use one school code per calculation unit; charters use calculator building rows and retain the shared charter totals; student enrollment categories use largest remainder
2026,2025-09-30,71,Positive Outcomes Charter School,Charter,TRUE,570,Positive Outcomes Charter School,TRUE,TRUE,Charter building,Postive High School,2,2,Calculator Data sheet building row,Calculator category values reconcile to shared totals,0,35,20,12,18,35,50,85,-0.32,0.64,17.71,total,Districts use one school code per calculation unit; charters use calculator building rows and retain the shared charter totals; student enrollment categories use largest remainder
2026,2025-09-30,87,Providence Creek Academy Charter School,Charter,TRUE,586,Providence Creek Academy Charter School,TRUE,TRUE,Charter building,Providence Primary,1,2,Calculator Data sheet building row,Calculator category values reconcile to shared totals,361,131,52,6,6,492,64,556,-0,0,53.95,total,Districts use one school code per calculation unit; charters use calculator building rows and retain the shared charter totals; student enrollment categories use largest remainder
2026,2025-09-30,87,Providence Creek Academy Charter School,Charter,TRUE,586,Providence Creek Academy Charter School,TRUE,TRUE,Charter building,Providence Junior High,2,2,Calculator Data sheet building row,Calculator category values reconcile to shared totals,0,182,39,8,1,182,48,230,-0.17,0.34,53.95,total,Districts use one school code per calculation unit; charters use calculator building rows and retain the shared charter totals; student enrollment categories use largest remainder
2026,2025-09-30,32,Red Clay Consolidated School District,District,TRUE,252,Baltz (Austin D.) Elementary School,TRUE,TRUE,School-code record,Baltz (Austin D.) Elementary School,1,1,Shared model input,Shared input used directly,273,146,58,26,19,419,103,522,0,0,42.69,total,Districts use one school code per calculation unit; charters use calculator building rows and retain the shared charter totals; student enrollment categories use largest remainder
2026,2025-09-30,32,Red Clay Consolidated School District,District,TRUE,261,Brandywine Springs School,TRUE,TRUE,School-code record,Brandywine Springs School,1,1,Shared model input,Shared input used directly,385,433,113,25,27,818,165,983,-0.36,0.72,73.78,total,Districts use one school code per calculation unit; charters use calculator building rows and retain the shared charter totals; student enrollment categories use largest remainder
2026,2025-09-30,32,Red Clay Consolidated School District,District,TRUE,286,Calloway (Cab) School of the Arts,TRUE,TRUE,School-code record,Calloway (Cab) School of the Arts,1,1,Shared model input,Shared input used directly,0,848,71,16,6,848,93,941,-1.17,2.34,57,total,Districts use one school code per calculation unit; charters use calculator building rows and retain the shared charter totals; student enrollment categories use largest remainder
2026,2025-09-30,32,Red Clay Consolidated School District,District,TRUE,284,Conrad Schools of Science,TRUE,TRUE,School-code record,Conrad Schools of Science,1,1,Shared model input,Shared input used directly,0,1087,70,5,1,1087,76,1163,-5.33,10.65,69.21,total,Districts use one school code per calculation unit; charters use calculator building rows and retain the shared charter totals; student enrollment categories use largest remainder
2026,2025-09-30,32,Red Clay Consolidated School District,District,TRUE,290,Dickinson (John) School,TRUE,TRUE,School-code record,Dickinson (John) School,1,1,Shared model input,Shared input used directly,0,807,165,37,21,807,223,1030,-4.44,8.88,78.68,total,Districts use one school code per calculation unit; charters use calculator building rows and retain the shared charter totals; student enrollment categories use largest remainder
2026,2025-09-30,32,Red Clay Consolidated School District,District,TRUE,530,First State School,TRUE,TRUE,School-code record,First State School,1,1,Shared model input,Shared input used directly,0,1,0,0,18,1,18,19,0,0,6.97,total,Districts use one school code per calculation unit; charters use calculator building rows and retain the shared charter totals; student enrollment categories use largest remainder
2026,2025-09-30,32,Red Clay Consolidated School District,District,TRUE,240,Forest Oak Elementary School,TRUE,TRUE,School-code record,Forest Oak Elementary School,1,1,Shared model input,Shared input used directly,252,120,43,14,7,372,64,436,0,0,31.7,total,Districts use one school code per calculation unit; charters use calculator building rows and retain the shared charter totals; student enrollment categories use largest remainder
2026,2025-09-30,32,Red Clay Consolidated School District,District,TRUE,242,Heritage Elementary School,TRUE,TRUE,School-code record,Heritage Elementary School,1,1,Shared model input,Shared input used directly,244,132,60,21,29,376,110,486,0,0,43.45,total,Districts use one school code per calculation unit; charters use calculator building rows and retain the shared charter totals; student enrollment categories use largest remainder
2026,2025-09-30,32,Red Clay Consolidated School District,District,TRUE,244,Johnson (Joseph E. Jr) Elementary School,TRUE,TRUE,School-code record,Johnson (Joseph E. Jr) Elementary School,1,1,Shared model input,Shared input used directly,131,58,26,8,5,189,39,228,0,0,17.34,total,Districts use one school code per calculation unit; charters use calculator building rows and retain the shared charter totals; student enrollment categories use largest remainder
2026,2025-09-30,32,Red Clay Consolidated School District,District,TRUE,246,Lewis (William C.) Dual Language Elementary School,TRUE,TRUE,School-code record,Lewis (William C.) Dual Language Elementary School,1,1,Shared model input,Shared input used directly,207,81,47,10,10,288,67,355,0,0,27.95,total,Districts use one school code per calculation unit; charters use calculator building rows and retain the shared charter totals; student enrollment categories use largest remainder
2026,2025-09-30,32,Red Clay Consolidated School District,District,TRUE,250,Linden Hill Elementary School,TRUE,TRUE,School-code record,Linden Hill Elementary School,1,1,Shared model input,Shared input used directly,291,171,31,8,16,462,55,517,0,0,37.68,total,Districts use one school code per calculation unit; charters use calculator building rows and retain the shared charter totals; student enrollment categories use largest remainder
2026,2025-09-30,32,Red Clay Consolidated School District,District,TRUE,256,Marbrook Elementary School,TRUE,TRUE,School-code record,Marbrook Elementary School,1,1,Shared model input,Shared input used directly,272,119,44,22,33,391,99,490,0,0,44.34,total,Districts use one school code per calculation unit; charters use calculator building rows and retain the shared charter totals; student enrollment categories use largest remainder
2026,2025-09-30,32,Red Clay Consolidated School District,District,TRUE,294,McKean (Thomas) High School,TRUE,TRUE,School-code record,McKean (Thomas) High School,1,1,Shared model input,Shared input used directly,0,643,124,108,42,643,274,917,-5.5,10.99,86.55,total,Districts use one school code per calculation unit; charters use calculator building rows and retain the shared charter totals; student enrollment categories use largest remainder
2026,2025-09-30,32,Red Clay Consolidated School District,District,TRUE,516,Meadowood Program,TRUE,TRUE,School-code record,Meadowood Program,1,1,Shared model input,Shared input used directly,0,0,0,6,150,0,156,156,-1.55,3.1,60.24,total,Districts use one school code per calculation unit; charters use calculator building rows and retain the shared charter totals; student enrollment categories use largest remainder
2026,2025-09-30,32,Red Clay Consolidated School District,District,TRUE,264,Mote (Anna P.) Elementary School,TRUE,TRUE,School-code record,Mote (Anna P.) Elementary School,1,1,Shared model input,Shared input used directly,155,46,30,23,45,201,98,299,0,0,36.58,total,Districts use one school code per calculation unit; charters use calculator building rows and retain the shared charter totals; student enrollment categories use largest remainder
2026,2025-09-30,32,Red Clay Consolidated School District,District,TRUE,270,North Star Elementary School,TRUE,TRUE,School-code record,North Star Elementary School,1,1,Shared model input,Shared input used directly,348,176,26,11,21,524,58,582,0,0,43.29,total,Districts use one school code per calculation unit; charters use calculator building rows and retain the shared charter totals; student enrollment categories use largest remainder
2026,2025-09-30,32,Red Clay Consolidated School District,District,TRUE,529,Red Clay Early Years Program,TRUE,TRUE,School-code record,Red Clay Early Years Program,1,1,Shared model input,Shared input used directly,0,0,128,78,152,0,358,358,0,0,86.7,total,Districts use one school code per calculation unit; charters use calculator building rows and retain the shared charter totals; student enrollment categories use largest remainder
2026,2025-09-30,32,Red Clay Consolidated School District,District,TRUE,254,Richardson Park Elementary School,TRUE,TRUE,School-code record,Richardson Park Elementary School,1,1,Shared model input,Shared input used directly,278,130,59,24,48,408,131,539,0,0,53.14,total,Districts use one school code per calculation unit; charters use calculator building rows and retain the shared charter totals; student enrollment categories use largest remainder
2026,2025-09-30,32,Red Clay Consolidated School District,District,TRUE,260,Richey Elementary School,TRUE,TRUE,School-code record,Richey Elementary School,1,1,Shared model input,Shared input used directly,210,124,30,7,14,334,51,385,0,0,29.28,total,Districts use one school code per calculation unit; charters use calculator building rows and retain the shared charter totals; student enrollment categories use largest remainder
2026,2025-09-30,32,Red Clay Consolidated School District,District,TRUE,248,Shortlidge (Evan G.) Academy,TRUE,TRUE,School-code record,Shortlidge (Evan G.) Academy,1,1,Shared model input,Shared input used directly,268,0,29,8,35,268,72,340,0,0,34.78,total,Districts use one school code per calculation unit; charters use calculator building rows and retain the shared charter totals; student enrollment categories use largest remainder
2026,2025-09-30,32,Red Clay Consolidated School District,District,TRUE,280,Skyline Middle School,TRUE,TRUE,School-code record,Skyline Middle School,1,1,Shared model input,Shared input used directly,0,254,91,30,10,254,131,385,-0.55,1.1,32.93,total,Districts use one school code per calculation unit; charters use calculator building rows and retain the shared charter totals; student enrollment categories use largest remainder
2026,2025-09-30,32,Red Clay Consolidated School District,District,TRUE,282,Stanton Middle School,TRUE,TRUE,School-code record,Stanton Middle School,1,1,Shared model input,Shared input used directly,0,372,77,32,15,372,124,496,-0.99,1.98,39.86,total,Districts use one school code per calculation unit; charters use calculator building rows and retain the shared charter totals; student enrollment categories use largest remainder
2026,2025-09-30,32,Red Clay Consolidated School District,District,TRUE,266,Warner Elementary School,TRUE,TRUE,School-code record,Warner Elementary School,1,1,Shared model input,Shared input used directly,73,181,67,28,17,254,112,366,0,0,32.75,total,Districts use one school code per calculation unit; charters use calculator building rows and retain the shared charter totals; student enrollment categories use largest remainder
2026,2025-09-30,32,Red Clay Consolidated School District,District,TRUE,271,William F. Cooke Jr. Elementary,TRUE,TRUE,School-code record,William F. Cooke Jr. Elementary,1,1,Shared model input,Shared input used directly,358,182,48,21,4,540,73,613,0,0,41.95,total,Districts use one school code per calculation unit; charters use calculator building rows and retain the shared charter totals; student enrollment categories use largest remainder
2026,2025-09-30,32,Red Clay Consolidated School District,District,TRUE,292,duPont (Alexis I.) High School,TRUE,TRUE,School-code record,duPont (Alexis I.) High School,1,1,Shared model input,Shared input used directly,0,366,146,22,9,366,177,543,-2.99,5.97,45.79,total,Districts use one school code per calculation unit; charters use calculator building rows and retain the shared charter totals; student enrollment categories use largest remainder
2026,2025-09-30,32,Red Clay Consolidated School District,District,TRUE,274,duPont (Alexis I.) Middle School,TRUE,TRUE,School-code record,duPont (Alexis I.) Middle School,1,1,Shared model input,Shared input used directly,0,309,73,22,7,309,102,411,-1.1,2.2,31.6,total,Districts use one school code per calculation unit; charters use calculator building rows and retain the shared charter totals; student enrollment categories use largest remainder
2026,2025-09-30,32,Red Clay Consolidated School District,District,TRUE,276,duPont (H.B.) Middle School,TRUE,TRUE,School-code record,duPont (H.B.) Middle School,1,1,Shared model input,Shared input used directly,0,648,98,21,8,648,127,775,-1.55,3.09,52.19,total,Districts use one school code per calculation unit; charters use calculator building rows and retain the shared charter totals; student enrollment categories use largest remainder
2026,2025-09-30,23,Seaford School District,District,TRUE,761,Blades Elementary School,TRUE,TRUE,School-code record,Blades Elementary School,1,1,Shared model input,Shared input used directly,365,0,13,5,1,365,19,384,0,0,25.29,total,Districts use one school code per calculation unit; charters use calculator building rows and retain the shared charter totals; student enrollment categories use largest remainder
2026,2025-09-30,23,Seaford School District,District,TRUE,762,Frederick Douglass Elementary School,TRUE,TRUE,School-code record,Frederick Douglass Elementary School,1,1,Shared model input,Shared input used directly,131,269,38,7,1,400,46,446,0,0,27.61,total,Districts use one school code per calculation unit; charters use calculator building rows and retain the shared charter totals; student enrollment categories use largest remainder
2026,2025-09-30,23,Seaford School District,District,TRUE,763,Seaford Autistic Program,TRUE,TRUE,School-code record,Seaford Autistic Program,1,1,Shared model input,Shared input used directly,0,0,6,21,59,0,86,86,0,0,26.9,total,Districts use one school code per calculation unit; charters use calculator building rows and retain the shared charter totals; student enrollment categories use largest remainder
2026,2025-09-30,23,Seaford School District,District,TRUE,759,Seaford Central Elementary School,TRUE,TRUE,School-code record,Seaford Central Elementary School,1,1,Shared model input,Shared input used directly,138,259,68,24,7,397,99,496,0,0,36.25,total,Districts use one school code per calculation unit; charters use calculator building rows and retain the shared charter totals; student enrollment categories use largest remainder
2026,2025-09-30,23,Seaford School District,District,TRUE,764,Seaford Middle School,TRUE,TRUE,School-code record,Seaford Middle School,1,1,Shared model input,Shared input used directly,0,703,70,23,6,703,99,802,-2.18,4.36,51.8,total,Districts use one school code per calculation unit; charters use calculator building rows and retain the shared charter totals; student enrollment categories use largest remainder
2026,2025-09-30,23,Seaford School District,District,TRUE,766,Seaford Senior High School,TRUE,TRUE,School-code record,Seaford Senior High School,1,1,Shared model input,Shared input used directly,0,760,113,37,7,760,157,917,-4.79,9.57,65.09,total,Districts use one school code per calculation unit; charters use calculator building rows and retain the shared charter totals; student enrollment categories use largest remainder
2026,2025-09-30,23,Seaford School District,District,TRUE,768,Sussex Orthopedic Program,TRUE,TRUE,School-code record,Sussex Orthopedic Program,1,1,Shared model input,Shared input used directly,0,1,1,11,44,1,56,57,0,0,18.92,total,Districts use one school code per calculation unit; charters use calculator building rows and retain the shared charter totals; student enrollment categories use largest remainder
2026,2025-09-30,23,Seaford School District,District,TRUE,760,West Seaford Elementary School,TRUE,TRUE,School-code record,West Seaford Elementary School,1,1,Shared model input,Shared input used directly,416,0,18,4,5,416,27,443,0,0,30.41,total,Districts use one school code per calculation unit; charters use calculator building rows and retain the shared charter totals; student enrollment categories use largest remainder
2026,2025-09-30,24,Smyrna School District,District,TRUE,680,Clayton Elementary School,TRUE,TRUE,School-code record,Clayton Elementary School,1,1,Shared model input,Shared input used directly,348,90,23,12,15,438,50,488,0,0,36.49,total,Districts use one school code per calculation unit; charters use calculator building rows and retain the shared charter totals; student enrollment categories use largest remainder
2026,2025-09-30,24,Smyrna School District,District,TRUE,696,Clayton Middle School,TRUE,TRUE,School-code record,Clayton Middle School,1,1,Shared model input,Shared input used directly,0,411,56,22,4,411,82,493,0,0,32.43,total,Districts use one school code per calculation unit; charters use calculator building rows and retain the shared charter totals; student enrollment categories use largest remainder
2026,2025-09-30,24,Smyrna School District,District,TRUE,686,Moore (John Bassett) School,TRUE,TRUE,School-code record,Moore (John Bassett) School,1,1,Shared model input,Shared input used directly,0,489,47,52,35,489,134,623,0,0,52.18,total,Districts use one school code per calculation unit; charters use calculator building rows and retain the shared charter totals; student enrollment categories use largest remainder
2026,2025-09-30,24,Smyrna School District,District,TRUE,684,North Smyrna Elementary School,TRUE,TRUE,School-code record,North Smyrna Elementary School,1,1,Shared model input,Shared input used directly,367,0,45,77,76,367,198,565,0,0,70.06,total,Districts use one school code per calculation unit; charters use calculator building rows and retain the shared charter totals; student enrollment categories use largest remainder
2026,2025-09-30,24,Smyrna School District,District,TRUE,682,Smyrna Elementary School,TRUE,TRUE,School-code record,Smyrna Elementary School,1,1,Shared model input,Shared input used directly,290,0,14,16,39,290,69,359,0,0,37.24,total,Districts use one school code per calculation unit; charters use calculator building rows and retain the shared charter totals; student enrollment categories use largest remainder
2026,2025-09-30,24,Smyrna School District,District,TRUE,688,Smyrna High School,TRUE,TRUE,School-code record,Smyrna High School,1,1,Shared model input,Shared input used directly,0,1427,213,51,42,1427,306,1733,-13.9,27.8,135.26,total,Districts use one school code per calculation unit; charters use calculator building rows and retain the shared charter totals; student enrollment categories use largest remainder
2026,2025-09-30,24,Smyrna School District,District,TRUE,685,Smyrna Middle School,TRUE,TRUE,School-code record,Smyrna Middle School,1,1,Shared model input,Shared input used directly,0,777,85,66,27,777,178,955,-4.93,9.85,75.27,total,Districts use one school code per calculation unit; charters use calculator building rows and retain the shared charter totals; student enrollment categories use largest remainder
2026,2025-09-30,24,Smyrna School District,District,TRUE,681,Sunnyside Elementary School,TRUE,TRUE,School-code record,Sunnyside Elementary School,1,1,Shared model input,Shared input used directly,338,109,26,21,11,447,58,505,0,0,37.14,total,Districts use one school code per calculation unit; charters use calculator building rows and retain the shared charter totals; student enrollment categories use largest remainder
2026,2025-09-30,77,Sussex Academy,Charter,TRUE,576,Sussex Academy,TRUE,TRUE,Charter building,SAS Primary,1,3,Calculator Data sheet building row,Calculator category values reconcile to shared totals,174,76,25,3,0,250,28,278,-0,0,70.65,total,Districts use one school code per calculation unit; charters use calculator building rows and retain the shared charter totals; student enrollment categories use largest remainder
2026,2025-09-30,77,Sussex Academy,Charter,TRUE,576,Sussex Academy,TRUE,TRUE,Charter building,SAS Junior High,2,3,Calculator Data sheet building row,Calculator category values reconcile to shared totals,0,347,37,5,0,347,42,389,-0.32,0.64,70.65,total,Districts use one school code per calculation unit; charters use calculator building rows and retain the shared charter totals; student enrollment categories use largest remainder
2026,2025-09-30,77,Sussex Academy,Charter,TRUE,576,Sussex Academy,TRUE,TRUE,Charter building,SAS High School,3,3,Calculator Data sheet building row,Calculator category values reconcile to shared totals,0,490,31,2,0,490,33,523,-1.21,2.4099999999999997,70.65,total,Districts use one school code per calculation unit; charters use calculator building rows and retain the shared charter totals; student enrollment categories use largest remainder
2026,2025-09-30,9614,Sussex Montessori School,Charter,TRUE,4090,Sussex Montessori School,TRUE,TRUE,Charter building,Sussex_Montessori_School_Charter_School,1,1,Calculator Data sheet building row,Calculator category values reconcile to shared totals,227,124,11,17,13,351,41,392,0,0,29.35,total,Districts use one school code per calculation unit; charters use calculator building rows and retain the shared charter totals; student enrollment categories use largest remainder
2026,2025-09-30,40,Sussex Technical School District,District,TRUE,770,Sussex Technical High School,TRUE,TRUE,School-code record,Sussex Technical High School,1,1,Shared model input,Shared input used directly,0,1170,115,51,13,1170,179,1349,-22.49,44.97,108.17,total,Districts use one school code per calculation unit; charters use calculator building rows and retain the shared charter totals; student enrollment categories use largest remainder
2026,2025-09-30,35,Woodbridge School District,District,TRUE,779,Phillis Wheatley Elementary School,TRUE,TRUE,School-code record,Phillis Wheatley Elementary School,1,1,Shared model input,Shared input used directly,162,355,45,71,14,517,130,647,0,0,50.32,total,Districts use one school code per calculation unit; charters use calculator building rows and retain the shared charter totals; student enrollment categories use largest remainder
2026,2025-09-30,35,Woodbridge School District,District,TRUE,776,Woodbridge Early Childhood Education Center,TRUE,TRUE,School-code record,Woodbridge Early Childhood Education Center,1,1,Shared model input,Shared input used directly,490,0,14,70,42,490,126,616,0,0,59.74,total,Districts use one school code per calculation unit; charters use calculator building rows and retain the shared charter totals; student enrollment categories use largest remainder
2026,2025-09-30,35,Woodbridge School District,District,TRUE,780,Woodbridge High School,TRUE,TRUE,School-code record,Woodbridge High School,1,1,Shared model input,Shared input used directly,0,550,68,74,13,550,155,705,-3.8,7.6,56.73,total,Districts use one school code per calculation unit; charters use calculator building rows and retain the shared charter totals; student enrollment categories use largest remainder
2026,2025-09-30,35,Woodbridge School District,District,TRUE,775,Woodbridge Middle School,TRUE,TRUE,School-code record,Woodbridge Middle School,1,1,Shared model input,Shared input used directly,0,488,72,61,14,488,147,635,-2.39,4.77,50.9,total,Districts use one school code per calculation unit; charters use calculator building rows and retain the shared charter totals; student enrollment categories use largest remainder
