RecordType,SchoolYear,CountDate,DistrictCode,DistrictName,LEAType,IncludeInStatewide,SchoolCode,SchoolName,ModelMatchStatus,CurrentConfirmedFundingAmount,CurrentMappedFundingAmount,CurrentAssumptionFundingAmount,CurrentModelFundingAmount,CurrentComponentsMissingInput,CurrentRowsMissingInput,CurrentComponentsMissingRate,CurrentRowsMissingRate,ProposedCalculationUnitCount,ProposedPrincipalPositions,OperationalEnrollmentBasis,CharterBuildingPolicy,ProposedBaseFundingAmount,ProposedCentralOfficeFundingAmount,ProposedPositionBasedFundingAmount,ProposedOpportunityFundingAmount,ProposedOperationalFundingAmount,ProposedWeightedFundingAmount,ProposedModelFundingAmount,ProposedComponentsMissingInput,ProposedRowsMissingInput,ProposedComponentsMissingRate,ProposedRowsMissingRate,PositionBasedComparisonBasis,PositionBasedFundingDifference,PreliminaryPositionBasedPercentDifference,PositionBasedPercentDifference,FullModelComparisonBasis,FullModelFundingDifference,PreliminaryFullModelPercentDifference,FullModelPercentDifference,CurrentModelComplete,ProposedModelComplete,ComparisonComplete,ComparisonStatus,ComparisonInterpretation
School,2026,2025-09-30,69,ASPIRA Delaware,Charter,TRUE,568,ASPIRA Academy,Matched,11269102.1,850505.4,1312786.76,13432394.26,2,,2,,3,3,total,Districts use one school code per calculation unit; charters use calculator building rows and retain the shared charter totals; student enrollment categories use largest remainder,14050841.48,0,14050841.48,2489372.72,3197301.26,5686673.98,19737515.46,0,,0,,Current modeled funding versus proposed Base Funding,618447.22,4.604147,,Current modeled funding versus all proposed funding,6305121.21,46.939668,,FALSE,TRUE,FALSE,Partial because the current model has missing inputs or rates,Preliminary arithmetic comparison only; at least one model has missing inputs or rates
School,2026,2025-09-30,9605,Academia Antonia Alonso,Charter,TRUE,4045,Academia Antonia Alonso,Matched,6036087.45,464421.44,851876.5,7352385.38,2,,2,,2,2,total,Districts use one school code per calculation unit; charters use calculator building rows and retain the shared charter totals; student enrollment categories use largest remainder,7342041.27,0,7342041.27,2165174.31,2173093.09,4338267.4,11680308.67,0,,0,,Current modeled funding versus proposed Base Funding,-10344.11,-0.140691,,Current modeled funding versus all proposed funding,4327923.29,58.864206,,FALSE,TRUE,FALSE,Partial because the current model has missing inputs or rates,Preliminary arithmetic comparison only; at least one model has missing inputs or rates
School,2026,2025-09-30,85,Academy of Dover Charter School,Charter,TRUE,584,Academy Of Dover Charter School,Matched,3680640.95,200067.3,459031.87,4339740.12,2,,2,,2,2,total,Districts use one school code per calculation unit; charters use calculator building rows and retain the shared charter totals; student enrollment categories use largest remainder,4517870.76,0,4517870.76,733807.26,971935.91,1705743.17,6223613.92,0,,0,,Current modeled funding versus proposed Base Funding,178130.64,4.104638,,Current modeled funding versus all proposed funding,1883873.8,43.40983,,FALSE,TRUE,FALSE,Partial because the current model has missing inputs or rates,Preliminary arithmetic comparison only; at least one model has missing inputs or rates
School,2026,2025-09-30,29,Appoquinimink School District,District,TRUE,24,Appoquinimink High School,Matched,11115254.1,964737.54,740170,12820161.64,1,,0,,1,1,total,Districts use one school code per calculation unit; charters use calculator building rows and retain the shared charter totals; student enrollment categories use largest remainder,13836370.49,0,13836370.49,621551.43,2060976.63,2682528.06,16518898.55,0,,0,,Current modeled funding versus proposed Base Funding,1016208.85,7.926646,,Current modeled funding versus all proposed funding,3698736.91,28.850938,,FALSE,TRUE,FALSE,Partial because the current model has missing inputs or rates,Preliminary arithmetic comparison only; at least one model has missing inputs or rates
School,2026,2025-09-30,29,Appoquinimink School District,District,TRUE,13,Appoquinimink PreSchool Center,Matched,3024025.15,75493.69,148034,3247552.84,1,,0,,1,1,total,Districts use one school code per calculation unit; charters use calculator building rows and retain the shared charter totals; student enrollment categories use largest remainder,3711088.14,0,3711088.14,70144.43,516141.9,586286.34,4297374.48,0,,0,,Current modeled funding versus proposed Base Funding,463535.3,14.273372,,Current modeled funding versus all proposed funding,1049821.63,32.326545,,FALSE,TRUE,FALSE,Partial because the current model has missing inputs or rates,Preliminary arithmetic comparison only; at least one model has missing inputs or rates
School,2026,2025-09-30,29,Appoquinimink School District,District,TRUE,36,Brick Mill Early Childhood Center,Matched,3706602.8,143722.88,333755.64,4184081.32,1,,0,,1,1,total,Districts use one school code per calculation unit; charters use calculator building rows and retain the shared charter totals; student enrollment categories use largest remainder,4515475.16,0,4515475.16,178515.73,621173.9,799689.62,5315164.78,0,,0,,Current modeled funding versus proposed Base Funding,331393.84,7.920349,,Current modeled funding versus all proposed funding,1131083.47,27.033018,,FALSE,TRUE,FALSE,Partial because the current model has missing inputs or rates,Preliminary arithmetic comparison only; at least one model has missing inputs or rates
School,2026,2025-09-30,29,Appoquinimink School District,District,TRUE,21,Brick Mill Elementary School,Matched,4320071.7,299094.94,569587.77,5188754.4,1,,0,,1,1,total,Districts use one school code per calculation unit; charters use calculator building rows and retain the shared charter totals; student enrollment categories use largest remainder,5308269.85,0,5308269.85,378087.15,818108.88,1196196.04,6504465.88,0,,0,,Current modeled funding versus proposed Base Funding,119515.45,2.303355,,Current modeled funding versus all proposed funding,1315711.48,25.356981,,FALSE,TRUE,FALSE,Partial because the current model has missing inputs or rates,Preliminary arithmetic comparison only; at least one model has missing inputs or rates
School,2026,2025-09-30,29,Appoquinimink School District,District,TRUE,28,Bunker Hill Elementary School,Matched,4765269.35,306664.74,575329.59,5647263.68,1,,0,,1,1,total,Districts use one school code per calculation unit; charters use calculator building rows and retain the shared charter totals; student enrollment categories use largest remainder,5941955.88,0,5941955.88,415002.67,892658.2,1307660.87,7249616.75,0,,0,,Current modeled funding versus proposed Base Funding,294692.2,5.218318,,Current modeled funding versus all proposed funding,1602353.07,28.373973,,FALSE,TRUE,FALSE,Partial because the current model has missing inputs or rates,Preliminary arithmetic comparison only; at least one model has missing inputs or rates
School,2026,2025-09-30,29,Appoquinimink School District,District,TRUE,33,Cantwells Bridge Middle School,Matched,6560132.2,434505.21,879958.88,7874596.29,1,,0,,1,1,total,Districts use one school code per calculation unit; charters use calculator building rows and retain the shared charter totals; student enrollment categories use largest remainder,8133767.34,0,8133767.34,321427.28,1088033.31,1409460.58,9543227.92,0,,0,,Current modeled funding versus proposed Base Funding,259171.04,3.29123,,Current modeled funding versus all proposed funding,1668631.62,21.190059,,FALSE,TRUE,FALSE,Partial because the current model has missing inputs or rates,Preliminary arithmetic comparison only; at least one model has missing inputs or rates
School,2026,2025-09-30,29,Appoquinimink School District,District,TRUE,22,Cedar Lane Early Childhood Center,Matched,2183858.6,119078.35,288969.76,2591906.71,1,,0,,1,1,total,Districts use one school code per calculation unit; charters use calculator building rows and retain the shared charter totals; student enrollment categories use largest remainder,2722726.61,0,2722726.61,114507.38,331182.25,445689.64,3168416.25,0,,0,,Current modeled funding versus proposed Base Funding,130819.9,5.047246,,Current modeled funding versus all proposed funding,576509.54,22.242681,,FALSE,TRUE,FALSE,Partial because the current model has missing inputs or rates,Preliminary arithmetic comparison only; at least one model has missing inputs or rates
School,2026,2025-09-30,29,Appoquinimink School District,District,TRUE,11,Cedar Lane Elementary School,Matched,4959502.45,342737.29,622308.18,5924547.91,1,,0,,1,1,total,Districts use one school code per calculation unit; charters use calculator building rows and retain the shared charter totals; student enrollment categories use largest remainder,6165960.47,0,6165960.47,163893.02,746793.07,910686.09,7076646.56,0,,0,,Current modeled funding versus proposed Base Funding,241412.56,4.074784,,Current modeled funding versus all proposed funding,1152098.65,19.446187,,FALSE,TRUE,FALSE,Partial because the current model has missing inputs or rates,Preliminary arithmetic comparison only; at least one model has missing inputs or rates
School,2026,2025-09-30,29,Appoquinimink School District,District,TRUE,37,Crystal Run Elementary School,Matched,3656602.2,189502.27,444938.29,4291042.76,1,,0,,1,1,total,Districts use one school code per calculation unit; charters use calculator building rows and retain the shared charter totals; student enrollment categories use largest remainder,4458015.27,0,4458015.27,138433.19,553059.09,691492.28,5149507.56,0,,0,,Current modeled funding versus proposed Base Funding,166972.51,3.891187,,Current modeled funding versus all proposed funding,858464.79,20.005971,,FALSE,TRUE,FALSE,Partial because the current model has missing inputs or rates,Preliminary arithmetic comparison only; at least one model has missing inputs or rates
School,2026,2025-09-30,29,Appoquinimink School District,District,TRUE,35,Lorewood Grove Elementary School,Matched,4909501.85,318131.22,589423.17,5817056.24,1,,0,,1,1,total,Districts use one school code per calculation unit; charters use calculator building rows and retain the shared charter totals; student enrollment categories use largest remainder,6107310.94,0,6107310.94,246260.16,807807.17,1054067.32,7161378.27,0,,0,,Current modeled funding versus proposed Base Funding,290254.7,4.989718,,Current modeled funding versus all proposed funding,1344322.03,23.110006,,FALSE,TRUE,FALSE,Partial because the current model has missing inputs or rates,Preliminary arithmetic comparison only; at least one model has missing inputs or rates
School,2026,2025-09-30,29,Appoquinimink School District,District,TRUE,20,Loss (Olive B.) Elementary School,Matched,3570062.7,216545.87,482521.16,4269129.73,1,,0,,1,1,total,Districts use one school code per calculation unit; charters use calculator building rows and retain the shared charter totals; student enrollment categories use largest remainder,4358221.07,0,4358221.07,247695.21,597158.23,844853.44,5203074.5,0,,0,,Current modeled funding versus proposed Base Funding,89091.34,2.086874,,Current modeled funding versus all proposed funding,933944.78,21.876702,,FALSE,TRUE,FALSE,Partial because the current model has missing inputs or rates,Preliminary arithmetic comparison only; at least one model has missing inputs or rates
School,2026,2025-09-30,29,Appoquinimink School District,District,TRUE,17,Meredith (Everett) Middle School,Matched,5973586.7,422413.72,795502.19,7191502.62,1,,0,,1,1,total,Districts use one school code per calculation unit; charters use calculator building rows and retain the shared charter totals; student enrollment categories use largest remainder,7250434.5,0,7250434.5,391324.29,1182812.33,1574136.62,8824571.11,0,,0,,Current modeled funding versus proposed Base Funding,58931.88,0.819466,,Current modeled funding versus all proposed funding,1633068.5,22.708307,,FALSE,TRUE,FALSE,Partial because the current model has missing inputs or rates,Preliminary arithmetic comparison only; at least one model has missing inputs or rates
School,2026,2025-09-30,29,Appoquinimink School District,District,TRUE,18,Middletown High School,Matched,10446015.3,925487.07,740170,12111672.37,1,,0,,1,1,total,Districts use one school code per calculation unit; charters use calculator building rows and retain the shared charter totals; student enrollment categories use largest remainder,12859171.7,0,12859171.7,532627.59,1902518.71,2435146.3,15294318,0,,0,,Current modeled funding versus proposed Base Funding,747499.34,6.171727,,Current modeled funding versus all proposed funding,3182645.64,26.277508,,FALSE,TRUE,FALSE,Partial because the current model has missing inputs or rates,Preliminary arithmetic comparison only; at least one model has missing inputs or rates
School,2026,2025-09-30,29,Appoquinimink School District,District,TRUE,34,Odessa High School,Matched,9251159.65,942148.32,666153,10859460.97,1,,0,,1,1,total,Districts use one school code per calculation unit; charters use calculator building rows and retain the shared charter totals; student enrollment categories use largest remainder,11430291.15,0,11430291.15,398252.13,1633260.49,2031512.62,13461803.77,0,,0,,Current modeled funding versus proposed Base Funding,570830.17,5.256524,,Current modeled funding versus all proposed funding,2602342.79,23.96383,,FALSE,TRUE,FALSE,Partial because the current model has missing inputs or rates,Preliminary arithmetic comparison only; at least one model has missing inputs or rates
School,2026,2025-09-30,29,Appoquinimink School District,District,TRUE,32,Old State Elementary School,Matched,6113973,401927.9,766271.07,7282171.97,1,,0,,1,1,total,Districts use one school code per calculation unit; charters use calculator building rows and retain the shared charter totals; student enrollment categories use largest remainder,7411918.65,0,7411918.65,281468.45,963844.02,1245312.48,8657231.13,0,,0,,Current modeled funding versus proposed Base Funding,129746.68,1.781703,,Current modeled funding versus all proposed funding,1375059.15,18.882542,,FALSE,TRUE,FALSE,Partial because the current model has missing inputs or rates,Preliminary arithmetic comparison only; at least one model has missing inputs or rates
School,2026,2025-09-30,29,Appoquinimink School District,District,TRUE,16,Redding (Louis L.) Middle School,Matched,4824885.45,312111.92,582115.39,5719112.76,1,,0,,1,1,total,Districts use one school code per calculation unit; charters use calculator building rows and retain the shared charter totals; student enrollment categories use largest remainder,6010242.26,0,6010242.26,458252.22,1024565.64,1482817.86,7493060.12,0,,0,,Current modeled funding versus proposed Base Funding,291129.51,5.090466,,Current modeled funding versus all proposed funding,1773947.37,31.017877,,FALSE,TRUE,FALSE,Partial because the current model has missing inputs or rates,Preliminary arithmetic comparison only; at least one model has missing inputs or rates
School,2026,2025-09-30,29,Appoquinimink School District,District,TRUE,10,Silver Lake Elementary School,Matched,3950836.5,234017.23,502356.56,4687210.29,1,,0,,1,1,total,Districts use one school code per calculation unit; charters use calculator building rows and retain the shared charter totals; student enrollment categories use largest remainder,4795596.23,0,4795596.23,415126.38,768338.93,1183465.31,5979061.53,0,,0,,Current modeled funding versus proposed Base Funding,108385.93,2.312376,,Current modeled funding versus all proposed funding,1291851.24,27.561197,,FALSE,TRUE,FALSE,Partial because the current model has missing inputs or rates,Preliminary arithmetic comparison only; at least one model has missing inputs or rates
School,2026,2025-09-30,29,Appoquinimink School District,District,TRUE,29,Spring Meadow Early Childhood Center,Matched,2269436.55,92412.17,251908.87,2613757.59,1,,0,,1,1,total,Districts use one school code per calculation unit; charters use calculator building rows and retain the shared charter totals; student enrollment categories use largest remainder,2822571.08,0,2822571.08,99488.81,351899.42,451388.23,3273959.31,0,,0,,Current modeled funding versus proposed Base Funding,208813.49,7.989015,,Current modeled funding versus all proposed funding,660201.72,25.25872,,FALSE,TRUE,FALSE,Partial because the current model has missing inputs or rates,Preliminary arithmetic comparison only; at least one model has missing inputs or rates
School,2026,2025-09-30,29,Appoquinimink School District,District,TRUE,27,Townsend Early Childhood Center,Matched,1964625.2,87433.74,174237.98,2226296.92,1,,0,,1,1,total,Districts use one school code per calculation unit; charters use calculator building rows and retain the shared charter totals; student enrollment categories use largest remainder,2383941.08,0,2383941.08,134796.07,326762.59,461558.66,2845499.74,0,,0,,Current modeled funding versus proposed Base Funding,157644.15,7.081003,,Current modeled funding versus all proposed funding,619202.82,27.813128,,FALSE,TRUE,FALSE,Partial because the current model has missing inputs or rates,Preliminary arithmetic comparison only; at least one model has missing inputs or rates
School,2026,2025-09-30,29,Appoquinimink School District,District,TRUE,14,Townsend Elementary School,Matched,3281597.7,193228.28,453812.02,3928638,1,,0,,1,1,total,Districts use one school code per calculation unit; charters use calculator building rows and retain the shared charter totals; student enrollment categories use largest remainder,3952882.62,0,3952882.62,188833.27,528637.2,717470.47,4670353.08,0,,0,,Current modeled funding versus proposed Base Funding,24244.61,0.617125,,Current modeled funding versus all proposed funding,741715.08,18.8797,,FALSE,TRUE,FALSE,Partial because the current model has missing inputs or rates,Preliminary arithmetic comparison only; at least one model has missing inputs or rates
School,2026,2025-09-30,29,Appoquinimink School District,District,TRUE,23,Waters (Alfred G.) Middle School,Matched,7001483.65,489354.43,949904.77,8440742.85,1,,0,,1,1,total,Districts use one school code per calculation unit; charters use calculator building rows and retain the shared charter totals; student enrollment categories use largest remainder,8641370.11,0,8641370.11,237798.29,1248116.1,1485914.39,10127284.5,0,,0,,Current modeled funding versus proposed Base Funding,200627.26,2.376891,,Current modeled funding versus all proposed funding,1686541.65,19.980962,,FALSE,TRUE,FALSE,Partial because the current model has missing inputs or rates,Preliminary arithmetic comparison only; at least one model has missing inputs or rates
School,2026,2025-09-30,31,Brandywine School District,District,TRUE,190,Brandywine High School,Matched,6889943.85,608903.94,444102,7942949.79,1,,0,,1,1,total,Districts use one school code per calculation unit; charters use calculator building rows and retain the shared charter totals; student enrollment categories use largest remainder,8512718.59,0,8512718.59,816001.2,1540285.08,2356286.28,10869004.87,0,,0,,Current modeled funding versus proposed Base Funding,569768.8,7.173265,,Current modeled funding versus all proposed funding,2926055.08,36.838393,,FALSE,TRUE,FALSE,Partial because the current model has missing inputs or rates,Preliminary arithmetic comparison only; at least one model has missing inputs or rates
School,2026,2025-09-30,31,Brandywine School District,District,TRUE,510,Bush (Charles W.) Pre-School,Matched,6472631.15,220384.86,444102,7137118.01,1,,0,,1,1,total,Districts use one school code per calculation unit; charters use calculator building rows and retain the shared charter totals; student enrollment categories use largest remainder,8032715.83,0,8032715.83,257196.25,1171551.94,1428748.19,9461464.02,0,,0,,Current modeled funding versus proposed Base Funding,895597.82,12.548452,,Current modeled funding versus all proposed funding,2324346.01,32.567011,,FALSE,TRUE,FALSE,Partial because the current model has missing inputs or rates,Preliminary arithmetic comparison only; at least one model has missing inputs or rates
School,2026,2025-09-30,31,Brandywine School District,District,TRUE,112,Carrcroft Elementary School,Matched,3697948.85,201350.97,460597.82,4359897.64,1,,0,,1,1,total,Districts use one school code per calculation unit; charters use calculator building rows and retain the shared charter totals; student enrollment categories use largest remainder,4505763,0,4505763,543489.46,824657.13,1368146.59,5873909.59,0,,0,,Current modeled funding versus proposed Base Funding,145865.35,3.345614,,Current modeled funding versus all proposed funding,1514011.94,34.72586,,FALSE,TRUE,FALSE,Partial because the current model has missing inputs or rates,Preliminary arithmetic comparison only; at least one model has missing inputs or rates
School,2026,2025-09-30,31,Brandywine School District,District,TRUE,151,Claymont Elementary School,Matched,8182877.6,475284.55,994168.67,9652330.82,1,,0,,1,1,total,Districts use one school code per calculation unit; charters use calculator building rows and retain the shared charter totals; student enrollment categories use largest remainder,10127611.02,0,10127611.02,1265271.96,1904484.81,3169756.77,13297367.8,0,,0,,Current modeled funding versus proposed Base Funding,475280.2,4.923994,,Current modeled funding versus all proposed funding,3645036.98,37.763283,,FALSE,TRUE,FALSE,Partial because the current model has missing inputs or rates,Preliminary arithmetic comparison only; at least one model has missing inputs or rates
School,2026,2025-09-30,31,Brandywine School District,District,TRUE,194,Concord High School,Matched,8530958.7,768667.88,592136,9891762.58,1,,0,,1,1,total,Districts use one school code per calculation unit; charters use calculator building rows and retain the shared charter totals; student enrollment categories use largest remainder,10527079.04,0,10527079.04,758153.69,1714244.32,2472398.01,12999477.04,0,,0,,Current modeled funding versus proposed Base Funding,635316.46,6.422682,,Current modeled funding versus all proposed funding,3107714.47,31.417196,,FALSE,TRUE,FALSE,Partial because the current model has missing inputs or rates,Preliminary arithmetic comparison only; at least one model has missing inputs or rates
School,2026,2025-09-30,31,Brandywine School District,District,TRUE,124,Forwood Elementary School,Matched,4004683.3,176343.46,423536.93,4604563.7,1,,0,,1,1,total,Districts use one school code per calculation unit; charters use calculator building rows and retain the shared charter totals; student enrollment categories use largest remainder,4858393.75,0,4858393.75,330012.86,748807.92,1078820.77,5937214.52,0,,0,,Current modeled funding versus proposed Base Funding,253830.05,5.512576,,Current modeled funding versus all proposed funding,1332650.82,28.941957,,FALSE,TRUE,FALSE,Partial because the current model has missing inputs or rates,Preliminary arithmetic comparison only; at least one model has missing inputs or rates
School,2026,2025-09-30,31,Brandywine School District,District,TRUE,110,Hanby Elementary School,Matched,4297956.05,289698.19,557060.14,5144714.38,1,,0,,1,1,total,Districts use one school code per calculation unit; charters use calculator building rows and retain the shared charter totals; student enrollment categories use largest remainder,5283519.88,0,5283519.88,349757.21,784132.72,1133889.94,6417409.82,0,,0,,Current modeled funding versus proposed Base Funding,138805.5,2.698022,,Current modeled funding versus all proposed funding,1272695.44,24.737922,,FALSE,TRUE,FALSE,Partial because the current model has missing inputs or rates,Preliminary arithmetic comparison only; at least one model has missing inputs or rates
School,2026,2025-09-30,31,Brandywine School District,District,TRUE,156,Harlan (David W. ) Elementary School,Matched,4418149.8,229060.44,473542.66,5120752.9,1,,0,,1,1,total,Districts use one school code per calculation unit; charters use calculator building rows and retain the shared charter totals; student enrollment categories use largest remainder,5494709.57,0,5494709.57,563654.44,977671.72,1541326.15,7036035.72,0,,0,,Current modeled funding versus proposed Base Funding,373956.67,7.302767,,Current modeled funding versus all proposed funding,1915282.83,37.402368,,FALSE,TRUE,FALSE,Partial because the current model has missing inputs or rates,Preliminary arithmetic comparison only; at least one model has missing inputs or rates
School,2026,2025-09-30,31,Brandywine School District,District,TRUE,128,Lancashire Elementary School,Matched,3972952.15,228798.42,495048.78,4696799.35,1,,0,,1,1,total,Districts use one school code per calculation unit; charters use calculator building rows and retain the shared charter totals; student enrollment categories use largest remainder,4821835.12,0,4821835.12,348619.07,729146.91,1077765.98,5899601.1,0,,0,,Current modeled funding versus proposed Base Funding,125035.77,2.662148,,Current modeled funding versus all proposed funding,1202801.75,25.608966,,FALSE,TRUE,FALSE,Partial because the current model has missing inputs or rates,Preliminary arithmetic comparison only; at least one model has missing inputs or rates
School,2026,2025-09-30,31,Brandywine School District,District,TRUE,130,Lombardy Elementary School,Matched,3924874.65,200745.2,457465.91,4583085.76,1,,0,,1,1,total,Districts use one school code per calculation unit; charters use calculator building rows and retain the shared charter totals; student enrollment categories use largest remainder,4766062.94,0,4766062.94,364850.02,748742.92,1113592.94,5879655.88,0,,0,,Current modeled funding versus proposed Base Funding,182977.18,3.992445,,Current modeled funding versus all proposed funding,1296570.12,28.290331,,FALSE,TRUE,FALSE,Partial because the current model has missing inputs or rates,Preliminary arithmetic comparison only; at least one model has missing inputs or rates
School,2026,2025-09-30,31,Brandywine School District,District,TRUE,132,Maple Lane Elementary School,Matched,3824873.45,168840.97,415185.19,4408899.6,1,,0,,1,1,total,Districts use one school code per calculation unit; charters use calculator building rows and retain the shared charter totals; student enrollment categories use largest remainder,4651444.7,0,4651444.7,459142.94,801990.11,1261133.05,5912577.76,0,,0,,Current modeled funding versus proposed Base Funding,242545.1,5.501262,,Current modeled funding versus all proposed funding,1503678.15,34.10552,,FALSE,TRUE,FALSE,Partial because the current model has missing inputs or rates,Preliminary arithmetic comparison only; at least one model has missing inputs or rates
School,2026,2025-09-30,31,Brandywine School District,District,TRUE,176,Mount Pleasant Elementary School,Matched,5461203.4,356999.48,711462.72,6529665.6,1,,0,,1,1,total,Districts use one school code per calculation unit; charters use calculator building rows and retain the shared charter totals; student enrollment categories use largest remainder,6715016.89,0,6715016.89,731728.91,1181252.45,1912981.36,8627998.25,0,,0,,Current modeled funding versus proposed Base Funding,185351.29,2.838603,,Current modeled funding versus all proposed funding,2098332.65,32.135377,,FALSE,TRUE,FALSE,Partial because the current model has missing inputs or rates,Preliminary arithmetic comparison only; at least one model has missing inputs or rates
School,2026,2025-09-30,31,Brandywine School District,District,TRUE,196,Mount Pleasant High School,Matched,8216531.85,720539.9,518119,9455190.75,1,,0,,1,1,total,Districts use one school code per calculation unit; charters use calculator building rows and retain the shared charter totals; student enrollment categories use largest remainder,10167031.39,0,10167031.39,900817.82,1772869.85,2673687.66,12840719.06,0,,0,,Current modeled funding versus proposed Base Funding,711840.65,7.52857,,Current modeled funding versus all proposed funding,3385528.31,35.806029,,FALSE,TRUE,FALSE,Partial because the current model has missing inputs or rates,Preliminary arithmetic comparison only; at least one model has missing inputs or rates
School,2026,2025-09-30,31,Brandywine School District,District,TRUE,178,Springer Middle School,Matched,6622632.95,409204.43,844985.93,7876823.31,1,,0,,1,1,total,Districts use one school code per calculation unit; charters use calculator building rows and retain the shared charter totals; student enrollment categories use largest remainder,8206104.95,0,8206104.95,658961.79,1417395.7,2076357.49,10282462.44,0,,0,,Current modeled funding versus proposed Base Funding,329281.64,4.180386,,Current modeled funding versus all proposed funding,2405639.13,30.540727,,FALSE,TRUE,FALSE,Partial because the current model has missing inputs or rates,Preliminary arithmetic comparison only; at least one model has missing inputs or rates
School,2026,2025-09-30,31,Brandywine School District,District,TRUE,180,Talley Middle School,Matched,7264948.35,462483.92,984772.95,8712205.22,1,,0,,1,1,total,Districts use one school code per calculation unit; charters use calculator building rows and retain the shared charter totals; student enrollment categories use largest remainder,9017452.05,0,9017452.05,935704.47,1680609.38,2616313.85,11633765.9,0,,0,,Current modeled funding versus proposed Base Funding,305246.84,3.503669,,Current modeled funding versus all proposed funding,2921560.68,33.534112,,FALSE,TRUE,FALSE,Partial because the current model has missing inputs or rates,Preliminary arithmetic comparison only; at least one model has missing inputs or rates
School,2026,2025-09-30,31,Brandywine School District,District,TRUE,170,duPont (Pierre S.) Middle School,Matched,5458318.75,358131.7,713028.68,6529479.13,1,,0,,1,1,total,Districts use one school code per calculation unit; charters use calculator building rows and retain the shared charter totals; student enrollment categories use largest remainder,6711703.75,0,6711703.75,677394.81,1230973.66,1908368.47,8620072.21,0,,0,,Current modeled funding versus proposed Base Funding,182224.62,2.790799,,Current modeled funding versus all proposed funding,2090593.09,32.017762,,FALSE,TRUE,FALSE,Partial because the current model has missing inputs or rates,Preliminary arithmetic comparison only; at least one model has missing inputs or rates
School,2026,2025-09-30,9615,Bryan Allen Stevenson School of Excellence,Charter,TRUE,4110,Bryan Allen Stevenson School of Excellence,Matched,1012512.15,54902.1,128303.37,1195717.62,2,,2,,1,1,total,Districts use one school code per calculation unit; charters use calculator building rows and retain the shared charter totals; student enrollment categories use largest remainder,1390826.95,0,1390826.95,140585.77,254910.57,395496.34,1786323.29,0,,0,,Current modeled funding versus proposed Base Funding,195109.33,16.317342,,Current modeled funding versus all proposed funding,590605.67,49.393407,,FALSE,TRUE,FALSE,Partial because the current model has missing inputs or rates,Preliminary arithmetic comparison only; at least one model has missing inputs or rates
School,2026,2025-09-30,10,Caesar Rodney School District,District,TRUE,610,Allen Frear Elementary School,Matched,3474869.25,225062.8,495048.78,4194980.83,1,,0,,1,1,total,Districts use one school code per calculation unit; charters use calculator building rows and retain the shared charter totals; student enrollment categories use largest remainder,4174789.21,0,4174789.21,388825.31,669237.73,1058063.04,5232852.25,0,,0,,Current modeled funding versus proposed Base Funding,-20191.62,-0.481328,,Current modeled funding versus all proposed funding,1037871.42,24.740791,,FALSE,TRUE,FALSE,Partial because the current model has missing inputs or rates,Preliminary arithmetic comparison only; at least one model has missing inputs or rates
School,2026,2025-09-30,10,Caesar Rodney School District,District,TRUE,626,Caesar Rodney High School,Matched,15619413.85,1607281.31,1036238,18262933.16,1,,0,,1,1,total,Districts use one school code per calculation unit; charters use calculator building rows and retain the shared charter totals; student enrollment categories use largest remainder,19270775.86,0,19270775.86,1940835.84,3531083.31,5471919.15,24742695.01,0,,0,,Current modeled funding versus proposed Base Funding,1007842.7,5.518515,,Current modeled funding versus all proposed funding,6479761.85,35.480401,,FALSE,TRUE,FALSE,Partial because the current model has missing inputs or rates,Preliminary arithmetic comparison only; at least one model has missing inputs or rates
School,2026,2025-09-30,10,Caesar Rodney School District,District,TRUE,623,David E. Robinson Elementary School,Matched,3501792.65,211033.78,475735.36,4188561.8,1,,0,,1,1,total,Districts use one school code per calculation unit; charters use calculator building rows and retain the shared charter totals; student enrollment categories use largest remainder,4207060.32,0,4207060.32,593345.2,843684.43,1437029.63,5644089.96,0,,0,,Current modeled funding versus proposed Base Funding,18498.53,0.441644,,Current modeled funding versus all proposed funding,1455528.16,34.75007,,FALSE,TRUE,FALSE,Partial because the current model has missing inputs or rates,Preliminary arithmetic comparison only; at least one model has missing inputs or rates
Vocational/program record,2026,2025-09-30,10,Caesar Rodney School District,District,TRUE,,Dover AFB Choice,Matched,10577.05,0,0,10577.05,0,,0,,0,0,total,Districts use one school code per calculation unit; charters use calculator building rows and retain the shared charter totals; student enrollment categories use largest remainder,10577.05,0,10577.05,0,0,0,10577.05,0,,0,,Current modeled funding versus proposed Base Funding,0,0,0,Current modeled funding versus all proposed funding,0,0,0,TRUE,TRUE,TRUE,Complete,Complete modeled comparison
Vocational/program record,2026,2025-09-30,10,Caesar Rodney School District,District,TRUE,,Dover Air Force Base Middle School,Matched,22115.65,0,0,22115.65,0,,0,,0,0,total,Districts use one school code per calculation unit; charters use calculator building rows and retain the shared charter totals; student enrollment categories use largest remainder,22115.65,0,22115.65,0,0,0,22115.65,0,,0,,Current modeled funding versus proposed Base Funding,0,0,0,Current modeled funding versus all proposed funding,0,0,0,TRUE,TRUE,TRUE,Complete,Complete modeled comparison
School,2026,2025-09-30,10,Caesar Rodney School District,District,TRUE,621,F. Niel Postlethwait Middle School,Matched,5913970.6,382350.74,741737.81,7038059.15,1,,0,,1,1,total,Districts use one school code per calculation unit; charters use calculator building rows and retain the shared charter totals; student enrollment categories use largest remainder,7181171.2,0,7181171.2,724504.16,1333535.84,2058040,9239211.19,0,,0,,Current modeled funding versus proposed Base Funding,143112.05,2.033402,,Current modeled funding versus all proposed funding,2201152.04,31.274986,,FALSE,TRUE,FALSE,Partial because the current model has missing inputs or rates,Preliminary arithmetic comparison only; at least one model has missing inputs or rates
School,2026,2025-09-30,10,Caesar Rodney School District,District,TRUE,625,Fred Fifer III Middle School,Matched,5918778.35,397002.36,761573.21,7077353.92,1,,0,,1,1,total,Districts use one school code per calculation unit; charters use calculator building rows and retain the shared charter totals; student enrollment categories use largest remainder,7186971.49,0,7186971.49,776339.28,1384410.71,2160749.99,9347721.49,0,,0,,Current modeled funding versus proposed Base Funding,109617.57,1.54885,,Current modeled funding versus all proposed funding,2270367.56,32.079328,,FALSE,TRUE,FALSE,Partial because the current model has missing inputs or rates,Preliminary arithmetic comparison only; at least one model has missing inputs or rates
School,2026,2025-09-30,10,Caesar Rodney School District,District,TRUE,611,J. Ralph McIlvaine Early Childhood Center,Matched,3459484.45,201485.59,463207.74,4124177.78,1,,0,,1,1,total,Districts use one school code per calculation unit; charters use calculator building rows and retain the shared charter totals; student enrollment categories use largest remainder,4155988.95,0,4155988.95,516520.35,726709.6,1243229.95,5399218.9,0,,0,,Current modeled funding versus proposed Base Funding,31811.17,0.771334,,Current modeled funding versus all proposed funding,1275041.12,30.91625,,FALSE,TRUE,FALSE,Partial because the current model has missing inputs or rates,Preliminary arithmetic comparison only; at least one model has missing inputs or rates
School,2026,2025-09-30,10,Caesar Rodney School District,District,TRUE,630,John S. Charlton School,Matched,12817808.15,475724.46,1041145.4,14334678,1,,0,,1,1,total,Districts use one school code per calculation unit; charters use calculator building rows and retain the shared charter totals; student enrollment categories use largest remainder,15847674.68,0,15847674.68,327216.97,2304903.04,2632120.01,18479794.7,0,,0,,Current modeled funding versus proposed Base Funding,1512996.68,10.554801,,Current modeled funding versus all proposed funding,4145116.69,28.916706,,FALSE,TRUE,FALSE,Partial because the current model has missing inputs or rates,Preliminary arithmetic comparison only; at least one model has missing inputs or rates
School,2026,2025-09-30,10,Caesar Rodney School District,District,TRUE,613,Magnolia Middle School,Matched,3313328.85,203851,467905.6,3985085.45,1,,0,,1,1,total,Districts use one school code per calculation unit; charters use calculator building rows and retain the shared charter totals; student enrollment categories use largest remainder,3989320.03,0,3989320.03,390854.18,727505.79,1118359.97,5107680,0,,0,,Current modeled funding versus proposed Base Funding,4234.58,0.106261,,Current modeled funding versus all proposed funding,1122594.55,28.169899,,FALSE,TRUE,FALSE,Partial because the current model has missing inputs or rates,Preliminary arithmetic comparison only; at least one model has missing inputs or rates
School,2026,2025-09-30,10,Caesar Rodney School District,District,TRUE,616,Nellie Hughes Stokes Elementary School,Matched,3262366.7,201161.07,464773.69,3928301.46,1,,0,,1,1,total,Districts use one school code per calculation unit; charters use calculator building rows and retain the shared charter totals; student enrollment categories use largest remainder,3930701.71,0,3930701.71,460701.71,704188.82,1164890.52,5095592.23,0,,0,,Current modeled funding versus proposed Base Funding,2400.25,0.061101,,Current modeled funding versus all proposed funding,1167290.77,29.714898,,FALSE,TRUE,FALSE,Partial because the current model has missing inputs or rates,Preliminary arithmetic comparison only; at least one model has missing inputs or rates
School,2026,2025-09-30,10,Caesar Rodney School District,District,TRUE,618,Star Hill Elementary School,Matched,3267174.45,163888.99,384388.11,3815451.55,1,,0,,1,1,total,Districts use one school code per calculation unit; charters use calculator building rows and retain the shared charter totals; student enrollment categories use largest remainder,3936976.96,0,3936976.96,531019.34,798431.63,1329450.97,5266427.93,0,,0,,Current modeled funding versus proposed Base Funding,121525.41,3.185086,,Current modeled funding versus all proposed funding,1450976.38,38.028956,,FALSE,TRUE,FALSE,Partial because the current model has missing inputs or rates,Preliminary arithmetic comparison only; at least one model has missing inputs or rates
School,2026,2025-09-30,10,Caesar Rodney School District,District,TRUE,620,W. B. Simpson Elementary School,Matched,3176788.75,189365.25,449636.15,3815790.15,1,,0,,1,1,total,Districts use one school code per calculation unit; charters use calculator building rows and retain the shared charter totals; student enrollment categories use largest remainder,3833640.08,0,3833640.08,420742.89,666962.9,1087705.79,4921345.87,0,,0,,Current modeled funding versus proposed Base Funding,17849.93,0.467791,,Current modeled funding versus all proposed funding,1105555.72,28.973179,,FALSE,TRUE,FALSE,Partial because the current model has missing inputs or rates,Preliminary arithmetic comparison only; at least one model has missing inputs or rates
School,2026,2025-09-30,10,Caesar Rodney School District,District,TRUE,622,W. Reily Brown Elementary School,Matched,3593139.9,212103.51,476257.35,4281500.75,1,,0,,1,1,total,Districts use one school code per calculation unit; charters use calculator building rows and retain the shared charter totals; student enrollment categories use largest remainder,4384444.96,0,4384444.96,721386.63,925854.42,1647241.04,6031686,0,,0,,Current modeled funding versus proposed Base Funding,102944.21,2.404395,,Current modeled funding versus all proposed funding,1750185.25,40.877845,,FALSE,TRUE,FALSE,Partial because the current model has missing inputs or rates,Preliminary arithmetic comparison only; at least one model has missing inputs or rates
School,2026,2025-09-30,74,Campus Community School,Charter,TRUE,573,Campus Community School,Matched,2932677.9,174809.79,357871.68,3465359.37,2,,2,,2,2,total,Districts use one school code per calculation unit; charters use calculator building rows and retain the shared charter totals; student enrollment categories use largest remainder,3625803.17,0,3625803.17,579464.77,762261.89,1341726.66,4967529.83,0,,0,,Current modeled funding versus proposed Base Funding,160443.8,4.629932,,Current modeled funding versus all proposed funding,1502170.46,43.348187,,FALSE,TRUE,FALSE,Partial because the current model has missing inputs or rates,Preliminary arithmetic comparison only; at least one model has missing inputs or rates
School,2026,2025-09-30,17,Cape Henlopen School District,District,TRUE,724,Beacon Middle School,Matched,3495061.8,212906.4,478345.28,4186313.49,1,,0,,1,1,total,Districts use one school code per calculation unit; charters use calculator building rows and retain the shared charter totals; student enrollment categories use largest remainder,4198948.85,0,4198948.85,331027.29,746289.36,1077316.65,5276265.5,0,,0,,Current modeled funding versus proposed Base Funding,12635.37,0.301826,,Current modeled funding versus all proposed funding,1089952.01,26.036082,,FALSE,TRUE,FALSE,Partial because the current model has missing inputs or rates,Preliminary arithmetic comparison only; at least one model has missing inputs or rates
School,2026,2025-09-30,17,Cape Henlopen School District,District,TRUE,726,Cape Henlopen High School,Matched,13179350.95,1394985.49,888204,15462540.44,1,,0,,1,1,total,Districts use one school code per calculation unit; charters use calculator building rows and retain the shared charter totals; student enrollment categories use largest remainder,16338146.09,0,16338146.09,1348950.43,2774281.01,4123231.44,20461377.53,0,,0,,Current modeled funding versus proposed Base Funding,875605.65,5.662754,,Current modeled funding versus all proposed funding,4998837.09,32.328692,,FALSE,TRUE,FALSE,Partial because the current model has missing inputs or rates,Preliminary arithmetic comparison only; at least one model has missing inputs or rates
School,2026,2025-09-30,17,Cape Henlopen School District,District,TRUE,716,Frederick D Thomas Middle School,Matched,3508523.5,215699.7,481999.17,4206222.38,1,,0,,1,1,total,Districts use one school code per calculation unit; charters use calculator building rows and retain the shared charter totals; student enrollment categories use largest remainder,4214057.16,0,4214057.16,388404.69,791022.2,1179426.89,5393484.05,0,,0,,Current modeled funding versus proposed Base Funding,7834.78,0.186267,,Current modeled funding versus all proposed funding,1187261.67,28.226317,,FALSE,TRUE,FALSE,Partial because the current model has missing inputs or rates,Preliminary arithmetic comparison only; at least one model has missing inputs or rates
School,2026,2025-09-30,17,Cape Henlopen School District,District,TRUE,710,H. O. Brittingham Elementary School,Matched,3781603.7,216209.33,479911.24,4477724.26,1,,0,,1,1,total,Districts use one school code per calculation unit; charters use calculator building rows and retain the shared charter totals; student enrollment categories use largest remainder,4601917.77,0,4601917.77,454664.58,770321.28,1224985.86,5826903.63,0,,0,,Current modeled funding versus proposed Base Funding,124193.51,2.773585,,Current modeled funding versus all proposed funding,1349179.37,30.130917,,FALSE,TRUE,FALSE,Partial because the current model has missing inputs or rates,Preliminary arithmetic comparison only; at least one model has missing inputs or rates
School,2026,2025-09-30,17,Cape Henlopen School District,District,TRUE,712,Lewes Elementary School,Matched,4227762.9,325326.02,606126.67,5159215.58,1,,0,,1,1,total,Districts use one school code per calculation unit; charters use calculator building rows and retain the shared charter totals; student enrollment categories use largest remainder,5202222.89,0,5202222.89,518474.99,870104.92,1388579.91,6590802.8,0,,0,,Current modeled funding versus proposed Base Funding,43007.31,0.833602,,Current modeled funding versus all proposed funding,1431587.21,27.748156,,FALSE,TRUE,FALSE,Partial because the current model has missing inputs or rates,Preliminary arithmetic comparison only; at least one model has missing inputs or rates
School,2026,2025-09-30,17,Cape Henlopen School District,District,TRUE,718,Love Creek Elementary School,Matched,4673922.1,348672.45,633269.85,5655864.4,1,,0,,1,1,total,Districts use one school code per calculation unit; charters use calculator building rows and retain the shared charter totals; student enrollment categories use largest remainder,5836093.44,0,5836093.44,402532.55,843099.48,1245632.03,7081725.47,0,,0,,Current modeled funding versus proposed Base Funding,180229.04,3.186587,,Current modeled funding versus all proposed funding,1425861.07,25.210312,,FALSE,TRUE,FALSE,Partial because the current model has missing inputs or rates,Preliminary arithmetic comparison only; at least one model has missing inputs or rates
School,2026,2025-09-30,17,Cape Henlopen School District,District,TRUE,720,Mariner Middle School,Matched,3866220.1,237228.81,507576.4,4611025.31,1,,0,,1,1,total,Districts use one school code per calculation unit; charters use calculator building rows and retain the shared charter totals; student enrollment categories use largest remainder,4698769.07,0,4698769.07,422870.72,861428.08,1284298.8,5983067.88,0,,0,,Current modeled funding versus proposed Base Funding,87743.76,1.902912,,Current modeled funding versus all proposed funding,1372042.56,29.755694,,FALSE,TRUE,FALSE,Partial because the current model has missing inputs or rates,Preliminary arithmetic comparison only; at least one model has missing inputs or rates
School,2026,2025-09-30,17,Cape Henlopen School District,District,TRUE,721,Milton Elementary School,Matched,3982567.65,244255.33,515928.15,4742751.14,1,,0,,1,1,total,Districts use one school code per calculation unit; charters use calculator building rows and retain the shared charter totals; student enrollment categories use largest remainder,4832903.45,0,4832903.45,484949.17,795864.33,1280813.49,6113716.94,0,,0,,Current modeled funding versus proposed Base Funding,90152.31,1.900844,,Current modeled funding versus all proposed funding,1370965.8,28.906552,,FALSE,TRUE,FALSE,Partial because the current model has missing inputs or rates,Preliminary arithmetic comparison only; at least one model has missing inputs or rates
School,2026,2025-09-30,17,Cape Henlopen School District,District,TRUE,722,Rehoboth Elementary School,Matched,4118146.2,242579.83,512274.26,4873000.3,1,,0,,1,1,total,Districts use one school code per calculation unit; charters use calculator building rows and retain the shared charter totals; student enrollment categories use largest remainder,4989521.46,0,4989521.46,470351.21,822804.77,1293155.98,6282677.44,0,,0,,Current modeled funding versus proposed Base Funding,116521.17,2.391159,,Current modeled funding versus all proposed funding,1409677.15,28.928321,,FALSE,TRUE,FALSE,Partial because the current model has missing inputs or rates,Preliminary arithmetic comparison only; at least one model has missing inputs or rates
School,2026,2025-09-30,17,Cape Henlopen School District,District,TRUE,728,Sussex Consortium,Matched,15279986.7,501260.82,1125497.31,16906744.84,1,,0,,1,1,total,Districts use one school code per calculation unit; charters use calculator building rows and retain the shared charter totals; student enrollment categories use largest remainder,18881540.42,0,18881540.42,357278.87,2438841.58,2796120.45,21677660.87,0,,0,,Current modeled funding versus proposed Base Funding,1974795.59,11.680519,,Current modeled funding versus all proposed funding,4770916.04,28.21901,,FALSE,TRUE,FALSE,Partial because the current model has missing inputs or rates,Preliminary arithmetic comparison only; at least one model has missing inputs or rates
School,2026,2025-09-30,13,Capital School District,District,TRUE,636,Booker T. Washington Elementary School,Matched,2282898.25,135975.19,310893.1,2729766.54,1,,0,,1,1,total,Districts use one school code per calculation unit; charters use calculator building rows and retain the shared charter totals; student enrollment categories use largest remainder,2838418.23,0,2838418.23,527085.31,643499.69,1170585,4009003.23,0,,0,,Current modeled funding versus proposed Base Funding,108651.69,3.980256,,Current modeled funding versus all proposed funding,1279236.69,46.862494,,FALSE,TRUE,FALSE,Partial because the current model has missing inputs or rates,Preliminary arithmetic comparison only; at least one model has missing inputs or rates
School,2026,2025-09-30,13,Capital School District,District,TRUE,645,Capital Early Childhood Center,Matched,423082,17404.06,0,440486.06,1,,0,,1,1,total,Districts use one school code per calculation unit; charters use calculator building rows and retain the shared charter totals; student enrollment categories use largest remainder,640135.86,0,640135.86,60123.8,121248.26,181372.06,821507.92,0,,0,,Current modeled funding versus proposed Base Funding,199649.81,45.324887,,Current modeled funding versus all proposed funding,381021.86,86.500324,,FALSE,TRUE,FALSE,Partial because the current model has missing inputs or rates,Preliminary arithmetic comparison only; at least one model has missing inputs or rates
School,2026,2025-09-30,13,Capital School District,District,TRUE,644,Central Elementary School,Matched,4409495.85,322842.82,600906.82,5333245.49,1,,0,,1,1,total,Districts use one school code per calculation unit; charters use calculator building rows and retain the shared charter totals; student enrollment categories use largest remainder,5485648.48,0,5485648.48,1158880.05,1326938.84,2485818.89,7971467.38,0,,0,,Current modeled funding versus proposed Base Funding,152402.99,2.857603,,Current modeled funding versus all proposed funding,2638221.89,49.467475,,FALSE,TRUE,FALSE,Partial because the current model has missing inputs or rates,Preliminary arithmetic comparison only; at least one model has missing inputs or rates
School,2026,2025-09-30,13,Capital School District,District,TRUE,648,Dover High School,Matched,13338006.7,1242712.03,888204,15468922.73,1,,0,,1,1,total,Districts use one school code per calculation unit; charters use calculator building rows and retain the shared charter totals; student enrollment categories use largest remainder,16519790.1,0,16519790.1,2521636.69,3646644.5,6168281.19,22688071.29,0,,0,,Current modeled funding versus proposed Base Funding,1050867.37,6.79341,,Current modeled funding versus all proposed funding,7219148.57,46.668722,,FALSE,TRUE,FALSE,Partial because the current model has missing inputs or rates,Preliminary arithmetic comparison only; at least one model has missing inputs or rates
School,2026,2025-09-30,13,Capital School District,District,TRUE,632,East Dover Early Childhood Center,Matched,3977759.9,174987.68,379690.25,4532437.83,1,,0,,1,1,total,Districts use one school code per calculation unit; charters use calculator building rows and retain the shared charter totals; student enrollment categories use largest remainder,4827962.6,0,4827962.6,713172.18,1001573.65,1714745.83,6542708.43,0,,0,,Current modeled funding versus proposed Base Funding,295524.77,6.520217,,Current modeled funding versus all proposed funding,2010270.6,44.352966,,FALSE,TRUE,FALSE,Partial because the current model has missing inputs or rates,Preliminary arithmetic comparison only; at least one model has missing inputs or rates
School,2026,2025-09-30,13,Capital School District,District,TRUE,638,Fairview Early Childhood Center,Matched,1702122.05,77387.95,145006.86,1924516.86,1,,0,,1,1,total,Districts use one school code per calculation unit; charters use calculator building rows and retain the shared charter totals; student enrollment categories use largest remainder,2008597.97,0,2008597.97,353394.33,454461.6,807855.94,2816453.91,0,,0,,Current modeled funding versus proposed Base Funding,84081.11,4.368946,,Current modeled funding versus all proposed funding,891937.05,46.346024,,FALSE,TRUE,FALSE,Partial because the current model has missing inputs or rates,Preliminary arithmetic comparison only; at least one model has missing inputs or rates
School,2026,2025-09-30,13,Capital School District,District,TRUE,640,Hartly Elementary School,Matched,2002125.65,129638.57,231134.27,2362898.49,1,,0,,1,1,total,Districts use one school code per calculation unit; charters use calculator building rows and retain the shared charter totals; student enrollment categories use largest remainder,2428140.87,0,2428140.87,326672.64,448189.58,774862.23,3203003.1,0,,0,,Current modeled funding versus proposed Base Funding,65242.38,2.761116,,Current modeled funding versus all proposed funding,840104.6,35.553986,,FALSE,TRUE,FALSE,Partial because the current model has missing inputs or rates,Preliminary arithmetic comparison only; at least one model has missing inputs or rates
School,2026,2025-09-30,13,Capital School District,District,TRUE,650,Kent County Community School,Matched,10516208.45,318698.54,831517.25,11666424.24,1,,0,,1,1,total,Districts use one school code per calculation unit; charters use calculator building rows and retain the shared charter totals; student enrollment categories use largest remainder,12938034.65,0,12938034.65,309501.49,1871126.11,2180627.59,15118662.25,0,,0,,Current modeled funding versus proposed Base Funding,1271610.42,10.899744,,Current modeled funding versus all proposed funding,3452238.01,29.591226,,FALSE,TRUE,FALSE,Partial because the current model has missing inputs or rates,Preliminary arithmetic comparison only; at least one model has missing inputs or rates
School,2026,2025-09-30,13,Capital School District,District,TRUE,655,Kent County Secondary ILC,Matched,2682674.9,61779.59,166303.45,2910757.94,1,,0,,1,1,total,Districts use one school code per calculation unit; charters use calculator building rows and retain the shared charter totals; student enrollment categories use largest remainder,3317984.49,0,3317984.49,165996.12,494596.05,660592.16,3978576.65,0,,0,,Current modeled funding versus proposed Base Funding,407226.55,13.990396,,Current modeled funding versus all proposed funding,1067818.72,36.685246,,FALSE,TRUE,FALSE,Partial because the current model has missing inputs or rates,Preliminary arithmetic comparison only; at least one model has missing inputs or rates
School,2026,2025-09-30,13,Capital School District,District,TRUE,633,Middle School of Excellence,Matched,4351802.85,323179.36,601950.79,5276933,1,,0,,1,1,total,Districts use one school code per calculation unit; charters use calculator building rows and retain the shared charter totals; student enrollment categories use largest remainder,5345150.72,0,5345150.72,876125,1219859.51,2095984.5,7441135.22,0,,0,,Current modeled funding versus proposed Base Funding,68217.72,1.292753,,Current modeled funding versus all proposed funding,2164202.22,41.012501,,FALSE,TRUE,FALSE,Partial because the current model has missing inputs or rates,Preliminary arithmetic comparison only; at least one model has missing inputs or rates
School,2026,2025-09-30,13,Capital School District,District,TRUE,637,Middle School of Innovation,Matched,4496996.9,353884.05,642143.58,5493024.54,1,,0,,1,1,total,Districts use one school code per calculation unit; charters use calculator building rows and retain the shared charter totals; student enrollment categories use largest remainder,5633048.92,0,5633048.92,1116545.97,1402934.3,2519480.27,8152529.18,0,,0,,Current modeled funding versus proposed Base Funding,140024.38,2.549131,,Current modeled funding versus all proposed funding,2659504.65,48.416034,,FALSE,TRUE,FALSE,Partial because the current model has missing inputs or rates,Preliminary arithmetic comparison only; at least one model has missing inputs or rates
School,2026,2025-09-30,13,Capital School District,District,TRUE,635,North Dover Elementary School,Matched,2336745.05,142532.96,319244.85,2798522.86,1,,0,,1,1,total,Districts use one school code per calculation unit; charters use calculator building rows and retain the shared charter totals; student enrollment categories use largest remainder,2899821.33,0,2899821.33,588396.74,681359.31,1269756.05,4169577.38,0,,0,,Current modeled funding versus proposed Base Funding,101298.48,3.619712,,Current modeled funding versus all proposed funding,1371054.52,48.992079,,FALSE,TRUE,FALSE,Partial because the current model has missing inputs or rates,Preliminary arithmetic comparison only; at least one model has missing inputs or rates
School,2026,2025-09-30,13,Capital School District,District,TRUE,634,South Dover Elementary School,Matched,4337379.6,337302.12,621264.21,5295945.93,1,,0,,1,1,total,Districts use one school code per calculation unit; charters use calculator building rows and retain the shared charter totals; student enrollment categories use largest remainder,5328900.32,0,5328900.32,1225758.5,1348468.45,2574226.95,7903127.27,0,,0,,Current modeled funding versus proposed Base Funding,32954.39,0.622257,,Current modeled funding versus all proposed funding,2607181.34,49.229757,,FALSE,TRUE,FALSE,Partial because the current model has missing inputs or rates,Preliminary arithmetic comparison only; at least one model has missing inputs or rates
School,2026,2025-09-30,13,Capital School District,District,TRUE,642,Towne Point Elementary School,Matched,2380014.8,140549.76,316112.94,2836677.5,1,,0,,1,1,total,Districts use one school code per calculation unit; charters use calculator building rows and retain the shared charter totals; student enrollment categories use largest remainder,2949036.23,0,2949036.23,620066.89,707617.31,1327684.19,4276720.43,0,,0,,Current modeled funding versus proposed Base Funding,112358.73,3.960927,,Current modeled funding versus all proposed funding,1440042.92,50.765126,,FALSE,TRUE,FALSE,Partial because the current model has missing inputs or rates,Preliminary arithmetic comparison only; at least one model has missing inputs or rates
School,2026,2025-09-30,80,Charter School of New Castle,Charter,TRUE,579,Charter School of New Castle,Matched,5258316.35,395862.92,766271.07,6420450.35,2,,2,,2,2,total,Districts use one school code per calculation unit; charters use calculator building rows and retain the shared charter totals; student enrollment categories use largest remainder,6426904.99,0,6426904.99,1251317.3,1493553.64,2744870.94,9171775.93,0,,0,,Current modeled funding versus proposed Base Funding,6454.64,0.100533,,Current modeled funding versus all proposed funding,2751325.58,42.852533,,FALSE,TRUE,FALSE,Partial because the current model has missing inputs or rates,Preliminary arithmetic comparison only; at least one model has missing inputs or rates
School,2026,2025-09-30,70,Charter School of Wilmington,Charter,TRUE,295,Charter School of Wilmington,Matched,5213123.5,672065.76,370085,6255274.26,2,,2,,1,1,total,Districts use one school code per calculation unit; charters use calculator building rows and retain the shared charter totals; student enrollment categories use largest remainder,6356805.84,0,6356805.84,102829.02,730999.27,833828.29,7190634.13,0,,0,,Current modeled funding versus proposed Base Funding,101531.58,1.623136,,Current modeled funding versus all proposed funding,935359.87,14.953139,,FALSE,TRUE,FALSE,Partial because the current model has missing inputs or rates,Preliminary arithmetic comparison only; at least one model has missing inputs or rates
School,2026,2025-09-30,33,Christina School District,District,TRUE,339,Brader (Henry M.) Elementary School,Matched,2896139,142996.91,315068.97,3354204.88,1,,0,,1,1,total,Districts use one school code per calculation unit; charters use calculator building rows and retain the shared charter totals; student enrollment categories use largest remainder,3562787.12,0,3562787.12,470054.3,680335.64,1150389.93,4713177.06,0,,0,,Current modeled funding versus proposed Base Funding,208582.24,6.21853,,Current modeled funding versus all proposed funding,1358972.18,40.515479,,FALSE,TRUE,FALSE,Partial because the current model has missing inputs or rates,Preliminary arithmetic comparison only; at least one model has missing inputs or rates
School,2026,2025-09-30,33,Christina School District,District,TRUE,538,Brennen School (The),Matched,16968117.5,562146.17,1255366.63,18785630.3,1,,0,,1,1,total,Districts use one school code per calculation unit; charters use calculator building rows and retain the shared charter totals; student enrollment categories use largest remainder,20877031.97,0,20877031.97,354359.28,2712145.74,3066505.03,23943537,0,,0,,Current modeled funding versus proposed Base Funding,2091401.67,11.132986,,Current modeled funding versus all proposed funding,5157906.7,27.45666,,FALSE,TRUE,FALSE,Partial because the current model has missing inputs or rates,Preliminary arithmetic comparison only; at least one model has missing inputs or rates
School,2026,2025-09-30,33,Christina School District,District,TRUE,310,Brookside Elementary School,Matched,2263667.25,114676.86,282183.96,2660528.07,1,,0,,1,1,total,Districts use one school code per calculation unit; charters use calculator building rows and retain the shared charter totals; student enrollment categories use largest remainder,2814067.31,0,2814067.31,554623.49,659504.72,1214128.22,4028195.53,0,,0,,Current modeled funding versus proposed Base Funding,153539.24,5.771006,,Current modeled funding versus all proposed funding,1367667.46,51.405865,,FALSE,TRUE,FALSE,Partial because the current model has missing inputs or rates,Preliminary arithmetic comparison only; at least one model has missing inputs or rates
School,2026,2025-09-30,33,Christina School District,District,TRUE,390,Christiana High School,Matched,9943124.65,942869.49,814396.54,11700390.67,1,,0,,1,1,total,Districts use one school code per calculation unit; charters use calculator building rows and retain the shared charter totals; student enrollment categories use largest remainder,12205724.67,0,12205724.67,1409742.27,2378639.92,3788382.19,15994106.87,0,,0,,Current modeled funding versus proposed Base Funding,505334,4.31895,,Current modeled funding versus all proposed funding,4293716.19,36.697204,,FALSE,TRUE,FALSE,Partial because the current model has missing inputs or rates,Preliminary arithmetic comparison only; at least one model has missing inputs or rates
Vocational/program record,2026,2025-09-30,33,Christina School District,District,TRUE,,Christina - Intensive Learning Center,Matched,9615.5,0,0,9615.5,0,,0,,0,0,total,Districts use one school code per calculation unit; charters use calculator building rows and retain the shared charter totals; student enrollment categories use largest remainder,9615.5,0,9615.5,0,0,0,9615.5,0,,0,,Current modeled funding versus proposed Base Funding,0,0,0,Current modeled funding versus all proposed funding,0,0,0,TRUE,TRUE,TRUE,Complete,Complete modeled comparison
School,2026,2025-09-30,33,Christina School District,District,TRUE,545,Christina Early Education Center,Matched,7195716.75,276193.22,518119,7990028.97,1,,0,,1,1,total,Districts use one school code per calculation unit; charters use calculator building rows and retain the shared charter totals; student enrollment categories use largest remainder,8938702.52,0,8938702.52,380784.06,1437495.41,1818279.48,10756982,0,,0,,Current modeled funding versus proposed Base Funding,948673.55,11.873218,,Current modeled funding versus all proposed funding,2766953.03,34.630075,,FALSE,TRUE,FALSE,Partial because the current model has missing inputs or rates,Preliminary arithmetic comparison only; at least one model has missing inputs or rates
School,2026,2025-09-30,33,Christina School District,District,TRUE,540,Delaware School for the Deaf School (DSD),Matched,4170069.9,145275.78,323733.17,4639078.85,1,,0,,1,1,total,Districts use one school code per calculation unit; charters use calculator building rows and retain the shared charter totals; student enrollment categories use largest remainder,5136332,0,5136332,109806.35,665841.74,775648.09,5911980.08,0,,0,,Current modeled funding versus proposed Base Funding,497253.15,10.718791,,Current modeled funding versus all proposed funding,1272901.23,27.438663,,FALSE,TRUE,FALSE,Partial because the current model has missing inputs or rates,Preliminary arithmetic comparison only; at least one model has missing inputs or rates
School,2026,2025-09-30,33,Christina School District,District,TRUE,537,Douglass School,Matched,3196019.75,91816.01,241886.4,3529722.16,1,,0,,1,1,total,Districts use one school code per calculation unit; charters use calculator building rows and retain the shared charter totals; student enrollment categories use largest remainder,3853867.75,0,3853867.75,276519.99,627234.68,903754.68,4757622.43,0,,0,,Current modeled funding versus proposed Base Funding,324145.59,9.183318,,Current modeled funding versus all proposed funding,1227900.27,34.787448,,FALSE,TRUE,FALSE,Partial because the current model has missing inputs or rates,Preliminary arithmetic comparison only; at least one model has missing inputs or rates
School,2026,2025-09-30,33,Christina School District,District,TRUE,318,Downes (John R.) Elementary School,Matched,2911523.8,162727.91,341690.17,3415941.88,1,,0,,1,1,total,Districts use one school code per calculation unit; charters use calculator building rows and retain the shared charter totals; student enrollment categories use largest remainder,3581905.41,0,3581905.41,411538.75,637455.15,1048993.9,4630899.32,0,,0,,Current modeled funding versus proposed Base Funding,165963.53,4.8585,,Current modeled funding versus all proposed funding,1214957.43,35.567275,,FALSE,TRUE,FALSE,Partial because the current model has missing inputs or rates,Preliminary arithmetic comparison only; at least one model has missing inputs or rates
School,2026,2025-09-30,33,Christina School District,District,TRUE,320,Gallaher (Robert S.) Elementary School,Matched,4170069.9,278738.92,543488.55,4992297.37,1,,0,,1,1,total,Districts use one school code per calculation unit; charters use calculator building rows and retain the shared charter totals; student enrollment categories use largest remainder,5134916.58,0,5134916.58,820875.43,1082443.73,1903319.16,7038235.74,0,,0,,Current modeled funding versus proposed Base Funding,142619.2,2.856785,,Current modeled funding versus all proposed funding,2045938.37,40.981901,,FALSE,TRUE,FALSE,Partial because the current model has missing inputs or rates,Preliminary arithmetic comparison only; at least one model has missing inputs or rates
School,2026,2025-09-30,33,Christina School District,District,TRUE,372,Gauger-Cobbs Middle School,Matched,5203508,348912.84,703110.97,6255531.82,1,,0,,1,1,total,Districts use one school code per calculation unit; charters use calculator building rows and retain the shared charter totals; student enrollment categories use largest remainder,6345731.81,0,6345731.81,1002657.14,1462226.03,2464883.17,8810614.98,0,,0,,Current modeled funding versus proposed Base Funding,90200,1.441924,,Current modeled funding versus all proposed funding,2555083.17,40.845179,,FALSE,TRUE,FALSE,Partial because the current model has missing inputs or rates,Preliminary arithmetic comparison only; at least one model has missing inputs or rates
School,2026,2025-09-30,33,Christina School District,District,TRUE,392,Glasgow High School,Matched,7957874.9,651676.09,518119,9127669.99,1,,0,,1,1,total,Districts use one school code per calculation unit; charters use calculator building rows and retain the shared charter totals; student enrollment categories use largest remainder,9793744.29,0,9793744.29,1495375.39,2164854.97,3660230.36,13453974.64,0,,0,,Current modeled funding versus proposed Base Funding,666074.3,7.297309,,Current modeled funding versus all proposed funding,4326304.65,47.397689,,FALSE,TRUE,FALSE,Partial because the current model has missing inputs or rates,Preliminary arithmetic comparison only; at least one model has missing inputs or rates
School,2026,2025-09-30,33,Christina School District,District,TRUE,314,Jones (Albert H.) Elementary School,Matched,2728829.3,142511.33,316112.94,3187453.57,1,,0,,1,1,total,Districts use one school code per calculation unit; charters use calculator building rows and retain the shared charter totals; student enrollment categories use largest remainder,3370701.11,0,3370701.11,526664.69,689987.4,1216652.09,4587353.2,0,,0,,Current modeled funding versus proposed Base Funding,183247.54,5.749026,,Current modeled funding versus all proposed funding,1399899.63,43.91906,,FALSE,TRUE,FALSE,Partial because the current model has missing inputs or rates,Preliminary arithmetic comparison only; at least one model has missing inputs or rates
School,2026,2025-09-30,33,Christina School District,District,TRUE,321,Keene (William B.) Elementary School,Matched,3594101.45,185956.56,440762.42,4220820.42,1,,0,,1,1,total,Districts use one school code per calculation unit; charters use calculator building rows and retain the shared charter totals; student enrollment categories use largest remainder,4387257.8,0,4387257.8,553980.19,828686.83,1382667.02,5769924.82,0,,0,,Current modeled funding versus proposed Base Funding,166437.37,3.943247,,Current modeled funding versus all proposed funding,1549104.39,36.7015,,FALSE,TRUE,FALSE,Partial because the current model has missing inputs or rates,Preliminary arithmetic comparison only; at least one model has missing inputs or rates
School,2026,2025-09-30,33,Christina School District,District,TRUE,374,Kirk (George V.) Middle School,Matched,4574882.45,317160.06,591511.11,5483553.61,1,,0,,1,1,total,Districts use one school code per calculation unit; charters use calculator building rows and retain the shared charter totals; student enrollment categories use largest remainder,5722374.27,0,5722374.27,845741.45,1237375.67,2083117.12,7805491.39,0,,0,,Current modeled funding versus proposed Base Funding,238820.66,4.355217,,Current modeled funding versus all proposed funding,2321937.77,42.343669,,FALSE,TRUE,FALSE,Partial because the current model has missing inputs or rates,Preliminary arithmetic comparison only; at least one model has missing inputs or rates
School,2026,2025-09-30,33,Christina School District,District,TRUE,322,Leasure (May B.) Elementary School,Matched,2670174.75,131686.68,302019.36,3103880.79,1,,0,,1,1,total,Districts use one school code per calculation unit; charters use calculator building rows and retain the shared charter totals; student enrollment categories use largest remainder,3302793.22,0,3302793.22,489204.84,671756.29,1160961.13,4463754.35,0,,0,,Current modeled funding versus proposed Base Funding,198912.43,6.408507,,Current modeled funding versus all proposed funding,1359873.56,43.812042,,FALSE,TRUE,FALSE,Partial because the current model has missing inputs or rates,Preliminary arithmetic comparison only; at least one model has missing inputs or rates
School,2026,2025-09-30,33,Christina School District,District,TRUE,324,Maclary (R. Elisabeth) Elementary School,Matched,2037703,102982.01,194595.37,2335280.38,1,,0,,1,1,total,Districts use one school code per calculation unit; charters use calculator building rows and retain the shared charter totals; student enrollment categories use largest remainder,2468455.95,0,2468455.95,363464.45,506766.37,870230.82,3338686.77,0,,0,,Current modeled funding versus proposed Base Funding,133175.58,5.702766,,Current modeled funding versus all proposed funding,1003406.4,42.967277,,FALSE,TRUE,FALSE,Partial because the current model has missing inputs or rates,Preliminary arithmetic comparison only; at least one model has missing inputs or rates
School,2026,2025-09-30,33,Christina School District,District,TRUE,312,Marshall (Thurgood) Elementary School,Matched,4204685.7,305537.32,579505.47,5089728.49,1,,0,,1,1,total,Districts use one school code per calculation unit; charters use calculator building rows and retain the shared charter totals; student enrollment categories use largest remainder,5175486.69,0,5175486.69,541856.47,887507.34,1429363.81,6604850.5,0,,0,,Current modeled funding versus proposed Base Funding,85758.2,1.684927,,Current modeled funding versus all proposed funding,1515122.01,29.768229,,FALSE,TRUE,FALSE,Partial because the current model has missing inputs or rates,Preliminary arithmetic comparison only; at least one model has missing inputs or rates
School,2026,2025-09-30,33,Christina School District,District,TRUE,353,Maurice Pritchett SR. Academy,Matched,4701807.05,315035.03,587335.23,5604177.31,1,,0,,1,1,total,Districts use one school code per calculation unit; charters use calculator building rows and retain the shared charter totals; student enrollment categories use largest remainder,5868086.13,0,5868086.13,1386410.28,1584514.21,2970924.49,8839010.62,0,,0,,Current modeled funding versus proposed Base Funding,263908.82,4.709145,,Current modeled funding versus all proposed funding,3234833.3,57.721823,,FALSE,TRUE,FALSE,Partial because the current model has missing inputs or rates,Preliminary arithmetic comparison only; at least one model has missing inputs or rates
School,2026,2025-09-30,33,Christina School District,District,TRUE,326,McVey (Joseph M.) Elementary School,Matched,3303713.35,147239.75,391173.91,3842127.01,1,,0,,1,1,total,Districts use one school code per calculation unit; charters use calculator building rows and retain the shared charter totals; student enrollment categories use largest remainder,3979067.5,0,3979067.5,460578,731925.45,1192503.45,5171570.95,0,,0,,Current modeled funding versus proposed Base Funding,136940.5,3.564185,,Current modeled funding versus all proposed funding,1329443.95,34.60177,,FALSE,TRUE,FALSE,Partial because the current model has missing inputs or rates,Preliminary arithmetic comparison only; at least one model has missing inputs or rates
School,2026,2025-09-30,33,Christina School District,District,TRUE,394,Newark High School,Matched,8672306.55,772804.95,592136,10037247.5,1,,0,,1,1,total,Districts use one school code per calculation unit; charters use calculator building rows and retain the shared charter totals; student enrollment categories use largest remainder,10690941.42,0,10690941.42,1463482.56,2279392.48,3742875.04,14433816.47,0,,0,,Current modeled funding versus proposed Base Funding,653693.93,6.512681,,Current modeled funding versus all proposed funding,4396568.97,43.802536,,FALSE,TRUE,FALSE,Partial because the current model has missing inputs or rates,Preliminary arithmetic comparison only; at least one model has missing inputs or rates
School,2026,2025-09-30,33,Christina School District,District,TRUE,327,Oberle (William) Elementary School,Matched,3957567.35,214452.09,475735.36,4647754.81,1,,0,,1,1,total,Districts use one school code per calculation unit; charters use calculator building rows and retain the shared charter totals; student enrollment categories use largest remainder,4804492.29,0,4804492.29,936001.37,1111642.76,2047644.13,6852136.42,0,,0,,Current modeled funding versus proposed Base Funding,156737.49,3.372327,,Current modeled funding versus all proposed funding,2204381.61,47.428957,,FALSE,TRUE,FALSE,Partial because the current model has missing inputs or rates,Preliminary arithmetic comparison only; at least one model has missing inputs or rates
School,2026,2025-09-30,33,Christina School District,District,TRUE,358,Pulaski Early Education Center,Matched,820202.15,35767.26,29753.1,885722.51,1,,0,,1,1,total,Districts use one school code per calculation unit; charters use calculator building rows and retain the shared charter totals; student enrollment categories use largest remainder,1170597.56,0,1170597.56,160206.42,227953.87,388160.29,1558757.85,0,,0,,Current modeled funding versus proposed Base Funding,284875.05,32.163013,,Current modeled funding versus all proposed funding,673035.34,75.987155,,FALSE,TRUE,FALSE,Partial because the current model has missing inputs or rates,Preliminary arithmetic comparison only; at least one model has missing inputs or rates
School,2026,2025-09-30,33,Christina School District,District,TRUE,512,REACH/CBIP,Matched,8195377.75,209221.26,568229.49,8972828.5,1,,0,,1,1,total,Districts use one school code per calculation unit; charters use calculator building rows and retain the shared charter totals; student enrollment categories use largest remainder,10141185.25,0,10141185.25,190688.94,1287243.12,1477932.06,11619117.31,0,,0,,Current modeled funding versus proposed Base Funding,1168356.75,13.021053,,Current modeled funding versus all proposed funding,2646288.8,29.492248,,FALSE,TRUE,FALSE,Partial because the current model has missing inputs or rates,Preliminary arithmetic comparison only; at least one model has missing inputs or rates
School,2026,2025-09-30,33,Christina School District,District,TRUE,376,Shue-Medill Middle School,Matched,6240897.6,380571.87,810012.98,7431482.46,1,,0,,1,1,total,Districts use one school code per calculation unit; charters use calculator building rows and retain the shared charter totals; student enrollment categories use largest remainder,7766096.68,0,7766096.68,1002088.07,1601201.68,2603289.75,10369386.43,0,,0,,Current modeled funding versus proposed Base Funding,334614.22,4.502658,,Current modeled funding versus all proposed funding,2937903.97,39.533215,,FALSE,TRUE,FALSE,Partial because the current model has missing inputs or rates,Preliminary arithmetic comparison only; at least one model has missing inputs or rates
School,2026,2025-09-30,33,Christina School District,District,TRUE,330,Smith (Jennie E.) Elementary School,Matched,3873912.5,184593.56,436064.56,4494570.62,1,,0,,1,1,total,Districts use one school code per calculation unit; charters use calculator building rows and retain the shared charter totals; student enrollment categories use largest remainder,4708105.74,0,4708105.74,739275.31,990280.76,1729556.07,6437661.81,0,,0,,Current modeled funding versus proposed Base Funding,213535.12,4.750957,,Current modeled funding versus all proposed funding,1943091.19,43.231965,,FALSE,TRUE,FALSE,Partial because the current model has missing inputs or rates,Preliminary arithmetic comparison only; at least one model has missing inputs or rates
School,2026,2025-09-30,33,Christina School District,District,TRUE,362,Stubbs Early Education Center,Matched,1344246.9,58159.35,117863.68,1520269.93,1,,0,,1,1,total,Districts use one school code per calculation unit; charters use calculator building rows and retain the shared charter totals; student enrollment categories use largest remainder,1772192.14,0,1772192.14,301212.81,405114.12,706326.93,2478519.07,0,,0,,Current modeled funding versus proposed Base Funding,251922.21,16.570887,,Current modeled funding versus all proposed funding,958249.14,63.031513,,FALSE,TRUE,FALSE,Partial because the current model has missing inputs or rates,Preliminary arithmetic comparison only; at least one model has missing inputs or rates
School,2026,2025-09-30,33,Christina School District,District,TRUE,352,The Bayard School,Matched,4714307.2,311667.2,582637.37,5608611.77,1,,0,,1,1,total,Districts use one school code per calculation unit; charters use calculator building rows and retain the shared charter totals; student enrollment categories use largest remainder,5883425.92,0,5883425.92,1404571.13,1608627.37,3013198.5,8896624.42,0,,0,,Current modeled funding versus proposed Base Funding,274814.14,4.89986,,Current modeled funding versus all proposed funding,3288012.64,58.624358,,FALSE,TRUE,FALSE,Partial because the current model has missing inputs or rates,Preliminary arithmetic comparison only; at least one model has missing inputs or rates
School,2026,2025-09-30,33,Christina School District,District,TRUE,332,West Park Place Elementary School,Matched,2864407.85,147758.98,321854.77,3334021.6,1,,0,,1,1,total,Districts use one school code per calculation unit; charters use calculator building rows and retain the shared charter totals; student enrollment categories use largest remainder,3527667.16,0,3527667.16,300544.77,554618.97,855163.74,4382830.91,0,,0,,Current modeled funding versus proposed Base Funding,193645.56,5.808168,,Current modeled funding versus all proposed funding,1048809.3,31.457784,,FALSE,TRUE,FALSE,Partial because the current model has missing inputs or rates,Preliminary arithmetic comparison only; at least one model has missing inputs or rates
School,2026,2025-09-30,33,Christina School District,District,TRUE,334,Wilson (Etta J.) Elementary School,Matched,2180012.4,124049.57,295755.55,2599817.52,1,,0,,1,1,total,Districts use one school code per calculation unit; charters use calculator building rows and retain the shared charter totals; student enrollment categories use largest remainder,2720399.83,0,2720399.83,274837.52,456720.18,731557.7,3451957.53,0,,0,,Current modeled funding versus proposed Base Funding,120582.32,4.638107,,Current modeled funding versus all proposed funding,852140.02,32.776916,,FALSE,TRUE,FALSE,Partial because the current model has missing inputs or rates,Preliminary arithmetic comparison only; at least one model has missing inputs or rates
School,2026,2025-09-30,34,Colonial School District,District,TRUE,470,Bedford (Gunning) Middle School,Matched,6275513.4,435832.15,884656.74,7596002.29,1,,0,,1,1,total,Districts use one school code per calculation unit; charters use calculator building rows and retain the shared charter totals; student enrollment categories use largest remainder,7805771.18,0,7805771.18,870211.59,1547190.8,2417402.39,10223173.57,0,,0,,Current modeled funding versus proposed Base Funding,209768.89,2.76157,,Current modeled funding versus all proposed funding,2627171.28,34.586236,,FALSE,TRUE,FALSE,Partial because the current model has missing inputs or rates,Preliminary arithmetic comparison only; at least one model has missing inputs or rates
School,2026,2025-09-30,34,Colonial School District,District,TRUE,412,Castle Hills Elementary School,Matched,3248905,179906,436064.56,3864875.56,1,,0,,1,1,total,Districts use one school code per calculation unit; charters use calculator building rows and retain the shared charter totals; student enrollment categories use largest remainder,3914511.77,0,3914511.77,771366.08,914545.28,1685911.36,5600423.13,0,,0,,Current modeled funding versus proposed Base Funding,49636.21,1.28429,,Current modeled funding versus all proposed funding,1735547.57,44.905652,,FALSE,TRUE,FALSE,Partial because the current model has missing inputs or rates,Preliminary arithmetic comparison only; at least one model has missing inputs or rates
School,2026,2025-09-30,34,Colonial School District,District,TRUE,410,Downie (Carrie) Elementary School,Matched,2182897.05,123686.58,295233.57,2601817.2,1,,0,,1,1,total,Districts use one school code per calculation unit; charters use calculator building rows and retain the shared charter totals; student enrollment categories use largest remainder,2722719.86,0,2722719.86,502021.36,613325.74,1115347.1,3838066.96,0,,0,,Current modeled funding versus proposed Base Funding,120902.66,4.646855,,Current modeled funding versus all proposed funding,1236249.76,47.514859,,FALSE,TRUE,FALSE,Partial because the current model has missing inputs or rates,Preliminary arithmetic comparison only; at least one model has missing inputs or rates
School,2026,2025-09-30,34,Colonial School District,District,TRUE,456,Eisenberg (Harry O.) Elementary School,Matched,3529677.6,191627.3,449114.16,4170419.06,1,,0,,1,1,total,Districts use one school code per calculation unit; charters use calculator building rows and retain the shared charter totals; student enrollment categories use largest remainder,4237578.48,0,4237578.48,884933.26,1032251.31,1917184.56,6154763.04,0,,0,,Current modeled funding versus proposed Base Funding,67159.42,1.610376,,Current modeled funding versus all proposed funding,1984343.98,47.581405,,FALSE,TRUE,FALSE,Partial because the current model has missing inputs or rates,Preliminary arithmetic comparison only; at least one model has missing inputs or rates
School,2026,2025-09-30,34,Colonial School District,District,TRUE,514,Leach (John G.) School,Matched,3280636.15,60142.55,235100.61,3575879.31,1,,0,,1,1,total,Districts use one school code per calculation unit; charters use calculator building rows and retain the shared charter totals; student enrollment categories use largest remainder,3951881.4,0,3951881.4,49088.73,487430.34,536519.07,4488400.47,0,,0,,Current modeled funding versus proposed Base Funding,376002.09,10.514955,,Current modeled funding versus all proposed funding,912521.16,25.518791,,FALSE,TRUE,FALSE,Partial because the current model has missing inputs or rates,Preliminary arithmetic comparison only; at least one model has missing inputs or rates
Vocational/program record,2026,2025-09-30,34,Colonial School District,District,TRUE,,Leach Exceptional VocEd,Matched,269234,0,0,269234,0,,0,,0,0,total,Districts use one school code per calculation unit; charters use calculator building rows and retain the shared charter totals; student enrollment categories use largest remainder,269234,0,269234,0,0,0,269234,0,,0,,Current modeled funding versus proposed Base Funding,0,0,0,Current modeled funding versus all proposed funding,0,0,0,TRUE,TRUE,TRUE,Complete,Complete modeled comparison
School,2026,2025-09-30,34,Colonial School District,District,TRUE,476,McCullough (Calvin R. ) Middle School,Matched,4393149.5,317720.16,594121.03,5304990.69,1,,0,,1,1,total,Districts use one school code per calculation unit; charters use calculator building rows and retain the shared charter totals; student enrollment categories use largest remainder,5466274.86,0,5466274.86,1016092.21,1347656.01,2363748.23,7830023.09,0,,0,,Current modeled funding versus proposed Base Funding,161284.18,3.040235,,Current modeled funding versus all proposed funding,2525032.4,47.597301,,FALSE,TRUE,FALSE,Partial because the current model has missing inputs or rates,Preliminary arithmetic comparison only; at least one model has missing inputs or rates
School,2026,2025-09-30,34,Colonial School District,District,TRUE,432,New Castle Elementary School,Matched,2753829.6,153083.57,330206.52,3237119.68,1,,0,,1,1,total,Districts use one school code per calculation unit; charters use calculator building rows and retain the shared charter totals; student enrollment categories use largest remainder,3400458.67,0,3400458.67,623332.87,759613.34,1382946.22,4783404.89,0,,0,,Current modeled funding versus proposed Base Funding,163338.99,5.045812,,Current modeled funding versus all proposed funding,1546285.2,47.767316,,FALSE,TRUE,FALSE,Partial because the current model has missing inputs or rates,Preliminary arithmetic comparison only; at least one model has missing inputs or rates
School,2026,2025-09-30,34,Colonial School District,District,TRUE,490,Penn (William) High School,Matched,18237012.5,1581821.87,1184272,21003106.37,1,,0,,1,1,total,Districts use one school code per calculation unit; charters use calculator building rows and retain the shared charter totals; student enrollment categories use largest remainder,22389538.1,0,22389538.1,2701735.92,4525686.24,7227422.16,29616960.26,0,,0,,Current modeled funding versus proposed Base Funding,1386431.73,6.601079,,Current modeled funding versus all proposed funding,8613853.9,41.012285,,FALSE,TRUE,FALSE,Partial because the current model has missing inputs or rates,Preliminary arithmetic comparison only; at least one model has missing inputs or rates
School,2026,2025-09-30,34,Colonial School District,District,TRUE,418,Pleasantville Elementary School,Matched,3016332.75,170821.76,351607.87,3538762.38,1,,0,,1,1,total,Districts use one school code per calculation unit; charters use calculator building rows and retain the shared charter totals; student enrollment categories use largest remainder,3701409.73,0,3701409.73,592800.87,766827.79,1359628.66,5061038.4,0,,0,,Current modeled funding versus proposed Base Funding,162647.35,4.596165,,Current modeled funding versus all proposed funding,1522276.01,43.017186,,FALSE,TRUE,FALSE,Partial because the current model has missing inputs or rates,Preliminary arithmetic comparison only; at least one model has missing inputs or rates
School,2026,2025-09-30,34,Colonial School District,District,TRUE,474,Read (George) Middle School,Matched,6262051.7,339191.57,753638.68,7354881.95,1,,0,,1,1,total,Districts use one school code per calculation unit; charters use calculator building rows and retain the shared charter totals; student enrollment categories use largest remainder,7790079.6,0,7790079.6,904430.19,1546167.13,2450597.32,10240676.93,0,,0,,Current modeled funding versus proposed Base Funding,435197.65,5.917126,,Current modeled funding versus all proposed funding,2885794.98,39.236455,,FALSE,TRUE,FALSE,Partial because the current model has missing inputs or rates,Preliminary arithmetic comparison only; at least one model has missing inputs or rates
School,2026,2025-09-30,34,Colonial School District,District,TRUE,427,Southern Elementary School,Matched,10998906.55,501551.69,1133224.17,12633682.41,1,,0,,1,1,total,Districts use one school code per calculation unit; charters use calculator building rows and retain the shared charter totals; student enrollment categories use largest remainder,13703033.16,0,13703033.16,835448.65,2084651.08,2920099.73,16623132.89,0,,0,,Current modeled funding versus proposed Base Funding,1069350.75,8.464284,,Current modeled funding versus all proposed funding,3989450.48,31.577891,,FALSE,TRUE,FALSE,Partial because the current model has missing inputs or rates,Preliminary arithmetic comparison only; at least one model has missing inputs or rates
School,2026,2025-09-30,34,Colonial School District,District,TRUE,450,The Colwyck Center,Matched,4735461.3,187593.6,296068,5219122.9,1,,0,,1,1,total,Districts use one school code per calculation unit; charters use calculator building rows and retain the shared charter totals; student enrollment categories use largest remainder,5907242.47,0,5907242.47,240495.2,908435.75,1148930.94,7056173.42,0,,0,,Current modeled funding versus proposed Base Funding,688119.57,13.184583,,Current modeled funding versus all proposed funding,1837050.52,35.198453,,FALSE,TRUE,FALSE,Partial because the current model has missing inputs or rates,Preliminary arithmetic comparison only; at least one model has missing inputs or rates
School,2026,2025-09-30,34,Colonial School District,District,TRUE,422,Wilbur (Kathleen H.) Elementary,Matched,7287064,506881.08,1044801.14,8838746.23,1,,0,,1,1,total,Districts use one school code per calculation unit; charters use calculator building rows and retain the shared charter totals; student enrollment categories use largest remainder,9043791.61,0,9043791.61,1201708.98,1708930.97,2910639.95,11954431.56,0,,0,,Current modeled funding versus proposed Base Funding,205045.38,2.319847,,Current modeled funding versus all proposed funding,3115685.34,35.250309,,FALSE,TRUE,FALSE,Partial because the current model has missing inputs or rates,Preliminary arithmetic comparison only; at least one model has missing inputs or rates
School,2026,2025-09-30,34,Colonial School District,District,TRUE,420,Wilmington Manor Elementary School,Matched,2519439.55,138518.49,311937.07,2969895.1,1,,0,,1,1,total,Districts use one school code per calculation unit; charters use calculator building rows and retain the shared charter totals; student enrollment categories use largest remainder,3156649.83,0,3156649.83,426631.55,612334.57,1038966.12,4195615.95,0,,0,,Current modeled funding versus proposed Base Funding,186754.72,6.28826,,Current modeled funding versus all proposed funding,1225720.85,41.27152,,FALSE,TRUE,FALSE,Partial because the current model has missing inputs or rates,Preliminary arithmetic comparison only; at least one model has missing inputs or rates
School,2026,2025-09-30,79,Delaware Military Academy,Charter,TRUE,578,Delaware Military Academy,Matched,3482561.65,352814.33,222051,4057426.98,2,,2,,1,1,total,Districts use one school code per calculation unit; charters use calculator building rows and retain the shared charter totals; student enrollment categories use largest remainder,4183739.28,0,4183739.28,247645.72,607589.93,855235.66,5038974.93,0,,0,,Current modeled funding versus proposed Base Funding,126312.3,3.113113,,Current modeled funding versus all proposed funding,981547.95,24.191389,,FALSE,TRUE,FALSE,Partial because the current model has missing inputs or rates,Preliminary arithmetic comparison only; at least one model has missing inputs or rates
School,2026,2025-09-30,37,Delmar School District,District,TRUE,730,Delmar High School,Matched,4834500.95,502955.55,296068,5633524.5,1,,0,,1,1,total,Districts use one school code per calculation unit; charters use calculator building rows and retain the shared charter totals; student enrollment categories use largest remainder,6021308.19,0,6021308.19,362276.82,929819.12,1292095.94,7313404.12,0,,0,,Current modeled funding versus proposed Base Funding,387783.68,6.8835,,Current modeled funding versus all proposed funding,1679879.62,29.819336,,FALSE,TRUE,FALSE,Partial because the current model has missing inputs or rates,Preliminary arithmetic comparison only; at least one model has missing inputs or rates
School,2026,2025-09-30,37,Delmar School District,District,TRUE,733,Delmar Middle School,Matched,5059503.65,401949.53,696429.95,6157883.13,1,,0,,1,1,total,Districts use one school code per calculation unit; charters use calculator building rows and retain the shared charter totals; student enrollment categories use largest remainder,6280377.23,0,6280377.23,478342.97,1052318.53,1530661.5,7811038.73,0,,0,,Current modeled funding versus proposed Base Funding,122494.1,1.989224,,Current modeled funding versus all proposed funding,1653155.6,26.846167,,FALSE,TRUE,FALSE,Partial because the current model has missing inputs or rates,Preliminary arithmetic comparison only; at least one model has missing inputs or rates
School,2026,2025-09-30,14,Dover Air Force Base,Dover Air Force Base,FALSE,893,Dover AFB Off Base,Matched,929818.85,46204.88,6785.8,982809.53,1,,0,,1,1,total,Districts use one school code per calculation unit; charters use calculator building rows and retain the shared charter totals; student enrollment categories use largest remainder,1296791.63,0,1296791.63,13360.84,151795.93,165156.77,1461948.4,0,,0,,Current modeled funding versus proposed Base Funding,313982.1,31.947401,,Current modeled funding versus all proposed funding,479138.87,48.751956,,FALSE,TRUE,FALSE,Partial because the current model has missing inputs or rates,Preliminary arithmetic comparison only; at least one model has missing inputs or rates
School,2026,2025-09-30,14,Dover Air Force Base,Dover Air Force Base,FALSE,891,Dover Air Force Base Middle School,Matched,651930.9,50274.64,61594.15,763799.69,1,,0,,1,1,total,Districts use one school code per calculation unit; charters use calculator building rows and retain the shared charter totals; student enrollment categories use largest remainder,902364.28,0,902364.28,19323.74,117169.82,136493.56,1038857.84,0,,0,,Current modeled funding versus proposed Base Funding,138564.6,18.141484,,Current modeled funding versus all proposed funding,275058.15,36.011818,,FALSE,TRUE,FALSE,Partial because the current model has missing inputs or rates,Preliminary arithmetic comparison only; at least one model has missing inputs or rates
School,2026,2025-09-30,14,Dover Air Force Base,Dover Air Force Base,FALSE,892,Major George S. Welch Elementary School,Matched,2050203.15,123845.24,222782.52,2396830.91,1,,0,,1,1,total,Districts use one school code per calculation unit; charters use calculator building rows and retain the shared charter totals; student enrollment categories use largest remainder,2482840.43,0,2482840.43,59406.27,296913.62,356319.89,2839160.31,0,,0,,Current modeled funding versus proposed Base Funding,86009.52,3.588468,,Current modeled funding versus all proposed funding,442329.41,18.454761,,FALSE,TRUE,FALSE,Partial because the current model has missing inputs or rates,Preliminary arithmetic comparison only; at least one model has missing inputs or rates
School,2026,2025-09-30,9604,Early College High School at Del State,Charter,TRUE,4040,Early College School at Del State,Matched,3712372.1,357614.87,318096.11,4388083.08,2,,2,,1,1,total,Districts use one school code per calculation unit; charters use calculator building rows and retain the shared charter totals; student enrollment categories use largest remainder,4523063.07,0,4523063.07,660817.46,1005050.88,1665868.35,6188931.41,0,,0,,Current modeled funding versus proposed Base Funding,134979.99,3.076058,,Current modeled funding versus all proposed funding,1800848.34,41.039522,,FALSE,TRUE,FALSE,Partial because the current model has missing inputs or rates,Preliminary arithmetic comparison only; at least one model has missing inputs or rates
School,2026,2025-09-30,72,East Side Charter School,Charter,TRUE,571,East Side Charter School,Matched,3543139.3,201343.76,462163.77,4206646.83,2,,2,,2,2,total,Districts use one school code per calculation unit; charters use calculator building rows and retain the shared charter totals; student enrollment categories use largest remainder,4360699.92,0,4360699.92,1101552.13,1196120.07,2297672.2,6658372.12,0,,0,,Current modeled funding versus proposed Base Funding,154053.09,3.662135,,Current modeled funding versus all proposed funding,2451725.29,58.282175,,FALSE,TRUE,FALSE,Partial because the current model has missing inputs or rates,Preliminary arithmetic comparison only; at least one model has missing inputs or rates
School,2026,2025-09-30,76,Edison (Thomas A.) Charter School,Charter,TRUE,575,Edison (Thomas A.) Charter School,Matched,4196031.75,303549.32,576895.55,5076476.61,2,,2,,3,3,total,Districts use one school code per calculation unit; charters use calculator building rows and retain the shared charter totals; student enrollment categories use largest remainder,5250060.34,0,5250060.34,1368472.11,1451518.1,2819990.21,8070050.54,0,,0,,Current modeled funding versus proposed Base Funding,173583.73,3.419374,,Current modeled funding versus all proposed funding,2993573.93,58.969521,,FALSE,TRUE,FALSE,Partial because the current model has missing inputs or rates,Preliminary arithmetic comparison only; at least one model has missing inputs or rates
School,2026,2025-09-30,9607,First State Military Academy,Charter,TRUE,4055,First State Military Academy,Matched,3101910.7,273772.52,148034,3523717.22,2,,2,,1,1,total,Districts use one school code per calculation unit; charters use calculator building rows and retain the shared charter totals; student enrollment categories use largest remainder,3800603.87,0,3800603.87,286590.11,630663.17,917253.28,4717857.15,0,,0,,Current modeled funding versus proposed Base Funding,276886.65,7.8578,,Current modeled funding versus all proposed funding,1194139.94,33.888643,,FALSE,TRUE,FALSE,Partial because the current model has missing inputs or rates,Preliminary arithmetic comparison only; at least one model has missing inputs or rates
School,2026,2025-09-30,9606,First State Montessori Academy,Charter,TRUE,4050,First State Montessori Academy,Matched,4568151.6,348648.41,634313.82,5551113.83,2,,2,,2,2,total,Districts use one school code per calculation unit; charters use calculator building rows and retain the shared charter totals; student enrollment categories use largest remainder,5733969.71,0,5733969.71,218425.06,740131.08,958556.14,6692525.85,0,,0,,Current modeled funding versus proposed Base Funding,182855.87,3.294039,,Current modeled funding versus all proposed funding,1141412.01,20.561856,,FALSE,TRUE,FALSE,Partial because the current model has missing inputs or rates,Preliminary arithmetic comparison only; at least one model has missing inputs or rates
School,2026,2025-09-30,9612,Freire Charter School Wilmington,Charter,TRUE,4080,Freire Charter School,Matched,3191212,213319.87,259111.88,3663643.75,2,,2,,1,1,total,Districts use one school code per calculation unit; charters use calculator building rows and retain the shared charter totals; student enrollment categories use largest remainder,3847609.75,0,3847609.75,632066.91,882242.74,1514309.65,5361919.4,0,,0,,Current modeled funding versus proposed Base Funding,183966,5.021394,,Current modeled funding versus all proposed funding,1698275.65,46.354825,,FALSE,TRUE,FALSE,Partial because the current model has missing inputs or rates,Preliminary arithmetic comparison only; at least one model has missing inputs or rates
School,2026,2025-09-30,92,Gateway Charter School,Charter,TRUE,543,Gateway Charter School,Matched,2211743.55,96594.91,258172.68,2566511.14,2,,2,,2,2,total,Districts use one school code per calculation unit; charters use calculator building rows and retain the shared charter totals; student enrollment categories use largest remainder,2822917.09,0,2822917.09,336643.79,546315.85,882959.65,3705876.73,0,,0,,Current modeled funding versus proposed Base Funding,256405.94,9.990447,,Current modeled funding versus all proposed funding,1139365.59,44.393557,,FALSE,TRUE,FALSE,Partial because the current model has missing inputs or rates,Preliminary arithmetic comparison only; at least one model has missing inputs or rates
School,2026,2025-09-30,9611,Great Oaks Charter School,Charter,TRUE,4075,Great Oaks Charter School,Matched,1598274.65,95070.85,74017,1767362.5,2,,2,,1,1,total,Districts use one school code per calculation unit; charters use calculator building rows and retain the shared charter totals; student enrollment categories use largest remainder,1889401.19,0,1889401.19,302227.25,449132.01,751359.26,2640760.45,0,,0,,Current modeled funding versus proposed Base Funding,122038.68,6.90513,,Current modeled funding versus all proposed funding,873397.94,49.418155,,FALSE,TRUE,FALSE,Partial because the current model has missing inputs or rates,Preliminary arithmetic comparison only; at least one model has missing inputs or rates
School,2026,2025-09-30,36,Indian River School District,District,TRUE,732,Clayton (John M.) Elementary School,Matched,3562370.3,193795.59,451724.09,4207889.98,1,,0,,1,1,total,Districts use one school code per calculation unit; charters use calculator building rows and retain the shared charter totals; student enrollment categories use largest remainder,4349973.08,0,4349973.08,701741.24,911295.53,1613036.76,5963009.84,0,,0,,Current modeled funding versus proposed Base Funding,142083.1,3.376588,,Current modeled funding versus all proposed funding,1755119.86,41.710213,,FALSE,TRUE,FALSE,Partial because the current model has missing inputs or rates,Preliminary arithmetic comparison only; at least one model has missing inputs or rates
School,2026,2025-09-30,36,Indian River School District,District,TRUE,738,East Millsboro Elementary School,Matched,5531396.55,404064.94,774622.82,6710084.32,1,,0,,1,1,total,Districts use one school code per calculation unit; charters use calculator building rows and retain the shared charter totals; student enrollment categories use largest remainder,6795652.3,0,6795652.3,1094574.8,1404461.68,2499036.48,9294688.79,0,,0,,Current modeled funding versus proposed Base Funding,85567.99,1.275215,,Current modeled funding versus all proposed funding,2584604.47,38.518212,,FALSE,TRUE,FALSE,Partial because the current model has missing inputs or rates,Preliminary arithmetic comparison only; at least one model has missing inputs or rates
School,2026,2025-09-30,36,Indian River School District,District,TRUE,750,Ennis (Howard T.) School,Matched,11957220.9,360807.21,907100.2,13225128.32,1,,0,,1,1,total,Districts use one school code per calculation unit; charters use calculator building rows and retain the shared charter totals; student enrollment categories use largest remainder,14650258.81,0,14650258.81,372421.17,2071424.59,2443845.75,17094104.56,0,,0,,Current modeled funding versus proposed Base Funding,1425130.5,10.775929,,Current modeled funding versus all proposed funding,3868976.25,29.254735,,FALSE,TRUE,FALSE,Partial because the current model has missing inputs or rates,Preliminary arithmetic comparison only; at least one model has missing inputs or rates
School,2026,2025-09-30,36,Indian River School District,District,TRUE,734,Georgetown Elementary School,Matched,7027445.5,445317.84,889876.58,8362639.92,1,,0,,1,1,total,Districts use one school code per calculation unit; charters use calculator building rows and retain the shared charter totals; student enrollment categories use largest remainder,8745795.15,0,8745795.15,1814328.44,2104263.33,3918591.77,12664386.92,0,,0,,Current modeled funding versus proposed Base Funding,383155.23,4.58175,,Current modeled funding versus all proposed funding,4301747,51.44006,,FALSE,TRUE,FALSE,Partial because the current model has missing inputs or rates,Preliminary arithmetic comparison only; at least one model has missing inputs or rates
School,2026,2025-09-30,36,Indian River School District,District,TRUE,743,Georgetown Middle School,Matched,6230320.55,436262.45,885700.71,7552283.7,1,,0,,1,1,total,Districts use one school code per calculation unit; charters use calculator building rows and retain the shared charter totals; student enrollment categories use largest remainder,7753430.81,0,7753430.81,1347589.61,1792969.57,3140559.17,10893989.98,0,,0,,Current modeled funding versus proposed Base Funding,201147.11,2.663395,,Current modeled funding versus all proposed funding,3341706.28,44.247626,,FALSE,TRUE,FALSE,Partial because the current model has missing inputs or rates,Preliminary arithmetic comparison only; at least one model has missing inputs or rates
School,2026,2025-09-30,36,Indian River School District,District,TRUE,746,Indian River High School,Matched,8400187.9,786918.1,592136,9779242,1,,0,,1,1,total,Districts use one school code per calculation unit; charters use calculator building rows and retain the shared charter totals; student enrollment categories use largest remainder,10377701.19,0,10377701.19,776784.64,1740291.08,2517075.73,12894776.91,0,,0,,Current modeled funding versus proposed Base Funding,598459.19,6.119689,,Current modeled funding versus all proposed funding,3115534.92,31.858654,,FALSE,TRUE,FALSE,Partial because the current model has missing inputs or rates,Preliminary arithmetic comparison only; at least one model has missing inputs or rates
School,2026,2025-09-30,36,Indian River School District,District,TRUE,745,Indian River Intensive Learning Center,Matched,1996356.35,55748.27,79236.84,2131341.46,1,,0,,1,1,total,Districts use one school code per calculation unit; charters use calculator building rows and retain the shared charter totals; student enrollment categories use largest remainder,2420216.92,0,2420216.92,103546.54,382089.62,485636.17,2905853.09,0,,0,,Current modeled funding versus proposed Base Funding,288875.46,13.553692,,Current modeled funding versus all proposed funding,774511.63,36.339162,,FALSE,TRUE,FALSE,Partial because the current model has missing inputs or rates,Preliminary arithmetic comparison only; at least one model has missing inputs or rates
School,2026,2025-09-30,36,Indian River School District,District,TRUE,690,Long Neck Elementary School,Matched,4945079.2,370706.37,660413.03,5976198.6,1,,0,,1,1,total,Districts use one school code per calculation unit; charters use calculator building rows and retain the shared charter totals; student enrollment categories use largest remainder,6146734.17,0,6146734.17,1184859.47,1390763.98,2575623.45,8722357.61,0,,0,,Current modeled funding versus proposed Base Funding,170535.56,2.853579,,Current modeled funding versus all proposed funding,2746159.01,45.951602,,FALSE,TRUE,FALSE,Partial because the current model has missing inputs or rates,Preliminary arithmetic comparison only; at least one model has missing inputs or rates
School,2026,2025-09-30,36,Indian River School District,District,TRUE,736,Lord Baltimore Elementary School,Matched,4083530.4,243474.08,513840.22,4840844.69,1,,0,,1,1,total,Districts use one school code per calculation unit; charters use calculator building rows and retain the shared charter totals; student enrollment categories use largest remainder,4948394.78,0,4948394.78,354705.68,745590.66,1100296.34,6048691.12,0,,0,,Current modeled funding versus proposed Base Funding,107550.09,2.221722,,Current modeled funding versus all proposed funding,1207846.43,24.95115,,FALSE,TRUE,FALSE,Partial because the current model has missing inputs or rates,Preliminary arithmetic comparison only; at least one model has missing inputs or rates
School,2026,2025-09-30,36,Indian River School District,District,TRUE,692,North Georgetown Elementary School,Matched,5774545.85,410920.8,781930.6,6967397.25,1,,0,,1,1,total,Districts use one school code per calculation unit; charters use calculator building rows and retain the shared charter totals; student enrollment categories use largest remainder,7021679.14,0,7021679.14,1887714.11,1953084.86,3840798.97,10862478.11,0,,0,,Current modeled funding versus proposed Base Funding,54281.89,0.779084,,Current modeled funding versus all proposed funding,3895080.86,55.904389,,FALSE,TRUE,FALSE,Partial because the current model has missing inputs or rates,Preliminary arithmetic comparison only; at least one model has missing inputs or rates
School,2026,2025-09-30,36,Indian River School District,District,TRUE,742,Selbyville Middle School,Matched,5876470.15,394377.33,758441.31,7029288.79,1,,0,,1,1,total,Districts use one school code per calculation unit; charters use calculator building rows and retain the shared charter totals; student enrollment categories use largest remainder,7138884.13,0,7138884.13,605196.76,1256321.73,1861518.49,9000402.62,0,,0,,Current modeled funding versus proposed Base Funding,109595.35,1.559124,,Current modeled funding versus all proposed funding,1971113.84,28.041441,,FALSE,TRUE,FALSE,Partial because the current model has missing inputs or rates,Preliminary arithmetic comparison only; at least one model has missing inputs or rates
School,2026,2025-09-30,36,Indian River School District,District,TRUE,740,Showell (Phillip C.) Elementary School,Matched,2430015.4,139386.29,314025,2883426.69,1,,0,,1,1,total,Districts use one school code per calculation unit; charters use calculator building rows and retain the shared charter totals; student enrollment categories use largest remainder,3006791.65,0,3006791.65,416239.79,581981.88,998221.67,4005013.32,0,,0,,Current modeled funding versus proposed Base Funding,123364.96,4.278415,,Current modeled funding versus all proposed funding,1121586.63,38.897699,,FALSE,TRUE,FALSE,Partial because the current model has missing inputs or rates,Preliminary arithmetic comparison only; at least one model has missing inputs or rates
School,2026,2025-09-30,36,Indian River School District,District,TRUE,749,Southern Delaware School of the Arts,Matched,2896139,174920.37,358393.67,3429453.04,1,,0,,1,1,total,Districts use one school code per calculation unit; charters use calculator building rows and retain the shared charter totals; student enrollment categories use largest remainder,3563117.91,0,3563117.91,198853.9,505125.24,703979.14,4267097.06,0,,0,,Current modeled funding versus proposed Base Funding,133664.88,3.897557,,Current modeled funding versus all proposed funding,837644.02,24.425003,,FALSE,TRUE,FALSE,Partial because the current model has missing inputs or rates,Preliminary arithmetic comparison only; at least one model has missing inputs or rates
School,2026,2025-09-30,36,Indian River School District,District,TRUE,748,Sussex Central High School,Matched,14706902.9,1463512.75,962221,17132636.65,1,,0,,1,1,total,Districts use one school code per calculation unit; charters use calculator building rows and retain the shared charter totals; student enrollment categories use largest remainder,18147480.63,0,18147480.63,2919443.46,4063197.75,6982641.21,25130121.84,0,,0,,Current modeled funding versus proposed Base Funding,1014843.98,5.923455,,Current modeled funding versus all proposed funding,7997485.18,46.679827,,FALSE,TRUE,FALSE,Partial because the current model has missing inputs or rates,Preliminary arithmetic comparison only; at least one model has missing inputs or rates
School,2026,2025-09-30,36,Indian River School District,District,TRUE,786,Sussex Central Middle,Matched,6076472.55,392415.77,753743.45,7222631.77,1,,0,,1,1,total,Districts use one school code per calculation unit; charters use calculator building rows and retain the shared charter totals; student enrollment categories use largest remainder,7368271.22,0,7368271.22,903366.27,1469196.75,2372563.02,9740834.24,0,,0,,Current modeled funding versus proposed Base Funding,145639.45,2.016432,,Current modeled funding versus all proposed funding,2518202.47,34.865442,,FALSE,TRUE,FALSE,Partial because the current model has missing inputs or rates,Preliminary arithmetic comparison only; at least one model has missing inputs or rates
School,2026,2025-09-30,82,Kuumba Academy Charter School,Charter,TRUE,581,Kuumba Academy Charter School,Matched,4112376.9,242536.56,512274.26,4867187.73,2,,2,,2,2,total,Districts use one school code per calculation unit; charters use calculator building rows and retain the shared charter totals; student enrollment categories use largest remainder,5135198.83,0,5135198.83,1147003.74,1295773.72,2442777.46,7577976.29,0,,0,,Current modeled funding versus proposed Base Funding,268011.1,5.506488,,Current modeled funding versus all proposed funding,2710788.56,55.695172,,FALSE,TRUE,FALSE,Partial because the current model has missing inputs or rates,Preliminary arithmetic comparison only; at least one model has missing inputs or rates
School,2026,2025-09-30,15,Lake Forest School District,District,TRUE,664,Chipman (W.T.) Middle School,Matched,7063022.85,469431.11,922239.61,8454693.57,1,,0,,1,1,total,Districts use one school code per calculation unit; charters use calculator building rows and retain the shared charter totals; student enrollment categories use largest remainder,8785282.28,0,8785282.28,1154203.76,1824427.17,2978630.92,11763913.21,0,,0,,Current modeled funding versus proposed Base Funding,330588.72,3.910121,,Current modeled funding versus all proposed funding,3309219.64,39.140622,,FALSE,TRUE,FALSE,Partial because the current model has missing inputs or rates,Preliminary arithmetic comparison only; at least one model has missing inputs or rates
School,2026,2025-09-30,15,Lake Forest School District,District,TRUE,663,Delaware Early Childhood Center,Matched,1809815.65,45118.33,74017,1928950.98,1,,0,,1,1,total,Districts use one school code per calculation unit; charters use calculator building rows and retain the shared charter totals; student enrollment categories use largest remainder,2206042.26,0,2206042.26,86845.49,337064.3,423909.79,2629952.05,0,,0,,Current modeled funding versus proposed Base Funding,277091.28,14.364869,,Current modeled funding versus all proposed funding,701001.07,36.341052,,FALSE,TRUE,FALSE,Partial because the current model has missing inputs or rates,Preliminary arithmetic comparison only; at least one model has missing inputs or rates
School,2026,2025-09-30,15,Lake Forest School District,District,TRUE,669,Lake Forest Central Elementary School,Matched,4527766.5,326806.81,605082.7,5459656,1,,0,,1,1,total,Districts use one school code per calculation unit; charters use calculator building rows and retain the shared charter totals; student enrollment categories use largest remainder,5668871.41,0,5668871.41,667497.89,1098968.72,1766466.61,7435338.02,0,,0,,Current modeled funding versus proposed Base Funding,209215.4,3.832025,,Current modeled funding versus all proposed funding,1975682.01,36.186932,,FALSE,TRUE,FALSE,Partial because the current model has missing inputs or rates,Preliminary arithmetic comparison only; at least one model has missing inputs or rates
School,2026,2025-09-30,15,Lake Forest School District,District,TRUE,658,Lake Forest East Elementary School,Matched,3025948.25,157432.18,333338.42,3516718.85,1,,0,,1,1,total,Districts use one school code per calculation unit; charters use calculator building rows and retain the shared charter totals; student enrollment categories use largest remainder,3713323.41,0,3713323.41,425320.21,640818.65,1066138.86,4779462.27,0,,0,,Current modeled funding versus proposed Base Funding,196604.56,5.590568,,Current modeled funding versus all proposed funding,1262743.42,35.906863,,FALSE,TRUE,FALSE,Partial because the current model has missing inputs or rates,Preliminary arithmetic comparison only; at least one model has missing inputs or rates
School,2026,2025-09-30,15,Lake Forest School District,District,TRUE,665,Lake Forest High School,Matched,7849219.75,723169.74,518119,9090508.49,1,,0,,1,1,total,Districts use one school code per calculation unit; charters use calculator building rows and retain the shared charter totals; student enrollment categories use largest remainder,9670066.77,0,9670066.77,1029898.42,1857379.66,2887278.07,12557344.84,0,,0,,Current modeled funding versus proposed Base Funding,579558.28,6.375422,,Current modeled funding versus all proposed funding,3466836.35,38.13688,,FALSE,TRUE,FALSE,Partial because the current model has missing inputs or rates,Preliminary arithmetic comparison only; at least one model has missing inputs or rates
School,2026,2025-09-30,15,Lake Forest School District,District,TRUE,660,Lake Forest North Elementary School,Matched,3289290.1,175593.45,429800.75,3894684.3,1,,0,,1,1,total,Districts use one school code per calculation unit; charters use calculator building rows and retain the shared charter totals; student enrollment categories use largest remainder,3962203.23,0,3962203.23,405476.88,643970.91,1049447.79,5011651.02,0,,0,,Current modeled funding versus proposed Base Funding,67518.93,1.733618,,Current modeled funding versus all proposed funding,1116966.73,28.679262,,FALSE,TRUE,FALSE,Partial because the current model has missing inputs or rates,Preliminary arithmetic comparison only; at least one model has missing inputs or rates
School,2026,2025-09-30,15,Lake Forest School District,District,TRUE,662,Lake Forest South Elementary School,Matched,3337367.6,181723.33,437630.51,3956721.44,1,,0,,1,1,total,Districts use one school code per calculation unit; charters use calculator building rows and retain the shared charter totals; student enrollment categories use largest remainder,4016487.24,0,4016487.24,566103.92,757647.24,1323751.17,5340238.4,0,,0,,Current modeled funding versus proposed Base Funding,59765.79,1.510488,,Current modeled funding versus all proposed funding,1383516.96,34.966246,,FALSE,TRUE,FALSE,Partial because the current model has missing inputs or rates,Preliminary arithmetic comparison only; at least one model has missing inputs or rates
School,2026,2025-09-30,16,Laurel School District,District,TRUE,783,Laurel Elementary School,Matched,7095715.55,493138.13,954080.65,8542934.33,1,,0,,1,1,total,Districts use one school code per calculation unit; charters use calculator building rows and retain the shared charter totals; student enrollment categories use largest remainder,8824331.06,0,8824331.06,1825561.44,2148817.44,3974378.88,12798709.94,0,,0,,Current modeled funding versus proposed Base Funding,281396.74,3.293912,,Current modeled funding versus all proposed funding,4255775.62,49.816321,,FALSE,TRUE,FALSE,Partial because the current model has missing inputs or rates,Preliminary arithmetic comparison only; at least one model has missing inputs or rates
School,2026,2025-09-30,16,Laurel School District,District,TRUE,782,Laurel Middle School,Matched,2696136.6,158804.79,338558.26,3193499.65,1,,0,,1,1,total,Districts use one school code per calculation unit; charters use calculator building rows and retain the shared charter totals; student enrollment categories use largest remainder,3332906.48,0,3332906.48,641642.18,815541.58,1457183.76,4790090.23,0,,0,,Current modeled funding versus proposed Base Funding,139406.82,4.365331,,Current modeled funding versus all proposed funding,1596590.58,49.995013,,FALSE,TRUE,FALSE,Partial because the current model has missing inputs or rates,Preliminary arithmetic comparison only; at least one model has missing inputs or rates
School,2026,2025-09-30,16,Laurel School District,District,TRUE,756,Laurel Senior High School,Matched,5390048.7,520698.56,370085,6280832.26,1,,0,,1,1,total,Districts use one school code per calculation unit; charters use calculator building rows and retain the shared charter totals; student enrollment categories use largest remainder,6633185.09,0,6633185.09,1092842.84,1518040.52,2610883.36,9244068.45,0,,0,,Current modeled funding versus proposed Base Funding,352352.83,5.60997,,Current modeled funding versus all proposed funding,2963236.2,47.179037,,FALSE,TRUE,FALSE,Partial because the current model has missing inputs or rates,Preliminary arithmetic comparison only; at least one model has missing inputs or rates
School,2026,2025-09-30,16,Laurel School District,District,TRUE,752,North Laurel Early Learning Academy,Matched,4425842.2,280657.21,518433.31,5224932.72,1,,0,,1,1,total,Districts use one school code per calculation unit; charters use calculator building rows and retain the shared charter totals; student enrollment categories use largest remainder,5502771.54,0,5502771.54,1014533.45,1233768.45,2248301.89,7751073.43,0,,0,,Current modeled funding versus proposed Base Funding,277838.82,5.317558,,Current modeled funding versus all proposed funding,2526140.71,48.347813,,FALSE,TRUE,FALSE,Partial because the current model has missing inputs or rates,Preliminary arithmetic comparison only; at least one model has missing inputs or rates
School,2026,2025-09-30,88,MOT Charter School,Charter,TRUE,587,MOT Charter School,Matched,9433854.15,877363.89,1025800.17,11337018.22,2,,2,,3,3,total,Districts use one school code per calculation unit; charters use calculator building rows and retain the shared charter totals; student enrollment categories use largest remainder,11737509.98,0,11737509.98,405872.76,1550586.79,1956459.55,13693969.54,0,,0,,Current modeled funding versus proposed Base Funding,400491.77,3.532602,,Current modeled funding versus all proposed funding,2356951.32,20.78987,,FALSE,TRUE,FALSE,Partial because the current model has missing inputs or rates,Preliminary arithmetic comparison only; at least one model has missing inputs or rates
School,2026,2025-09-30,18,Milford School District,District,TRUE,668,Banneker (Benjamin) Elementary School,Matched,3085564.35,158648.54,319244.85,3563457.73,1,,0,,1,1,total,Districts use one school code per calculation unit; charters use calculator building rows and retain the shared charter totals; student enrollment categories use largest remainder,3781161.54,0,3781161.54,663341.18,814582.9,1477924.08,5259085.62,0,,0,,Current modeled funding versus proposed Base Funding,217703.81,6.109342,,Current modeled funding versus all proposed funding,1695627.89,47.58378,,FALSE,TRUE,FALSE,Partial because the current model has missing inputs or rates,Preliminary arithmetic comparison only; at least one model has missing inputs or rates
School,2026,2025-09-30,18,Milford School District,District,TRUE,675,Milford Central Academy,Matched,4998926,368033.26,656237.16,6023196.42,1,,0,,1,1,total,Districts use one school code per calculation unit; charters use calculator building rows and retain the shared charter totals; student enrollment categories use largest remainder,6209805.62,0,6209805.62,984347.84,1380852.23,2365200.07,8575005.69,0,,0,,Current modeled funding versus proposed Base Funding,186609.21,3.098176,,Current modeled funding versus all proposed funding,2551809.27,42.366363,,FALSE,TRUE,FALSE,Partial because the current model has missing inputs or rates,Preliminary arithmetic comparison only; at least one model has missing inputs or rates
School,2026,2025-09-30,18,Milford School District,District,TRUE,676,Milford Middle School,Matched,4919117.35,372819.38,663544.94,5955481.66,1,,0,,1,1,total,Districts use one school code per calculation unit; charters use calculator building rows and retain the shared charter totals; student enrollment categories use largest remainder,6118738.56,0,6118738.56,1064389.19,1413203.52,2477592.71,8596331.27,0,,0,,Current modeled funding versus proposed Base Funding,163256.9,2.741288,,Current modeled funding versus all proposed funding,2640849.6,44.343174,,FALSE,TRUE,FALSE,Partial because the current model has missing inputs or rates,Preliminary arithmetic comparison only; at least one model has missing inputs or rates
School,2026,2025-09-30,18,Milford School District,District,TRUE,678,Milford Senior High School,Matched,8994425.8,891376.08,592136,10477937.88,1,,0,,1,1,total,Districts use one school code per calculation unit; charters use calculator building rows and retain the shared charter totals; student enrollment categories use largest remainder,11135205.19,0,11135205.19,1714245.81,2468869.29,4183115.1,15318320.29,0,,0,,Current modeled funding versus proposed Base Funding,657267.31,6.272869,,Current modeled funding versus all proposed funding,4840382.41,46.195945,,FALSE,TRUE,FALSE,Partial because the current model has missing inputs or rates,Preliminary arithmetic comparison only; at least one model has missing inputs or rates
School,2026,2025-09-30,18,Milford School District,District,TRUE,673,Mispillion Elementary,Matched,3668140.8,211127.53,474169.41,4353437.74,1,,0,,1,1,total,Districts use one school code per calculation unit; charters use calculator building rows and retain the shared charter totals; student enrollment categories use largest remainder,4472016.45,0,4472016.45,926005.48,1067056.15,1993061.64,6465078.09,0,,0,,Current modeled funding versus proposed Base Funding,118578.71,2.723795,,Current modeled funding versus all proposed funding,2111640.35,48.505123,,FALSE,TRUE,FALSE,Partial because the current model has missing inputs or rates,Preliminary arithmetic comparison only; at least one model has missing inputs or rates
School,2026,2025-09-30,18,Milford School District,District,TRUE,670,Morris (Evelyn I.) Early Childhood,Matched,3788334.55,193567.23,426668.84,4408570.62,1,,0,,1,1,total,Districts use one school code per calculation unit; charters use calculator building rows and retain the shared charter totals; student enrollment categories use largest remainder,4609236.39,0,4609236.39,637460.73,894689.29,1532150.02,6141386.42,0,,0,,Current modeled funding versus proposed Base Funding,200665.78,4.55172,,Current modeled funding versus all proposed funding,1732815.8,39.305615,,FALSE,TRUE,FALSE,Partial because the current model has missing inputs or rates,Preliminary arithmetic comparison only; at least one model has missing inputs or rates
School,2026,2025-09-30,18,Milford School District,District,TRUE,672,Ross (Lulu M.) Elementary School,Matched,4666229.7,336306.92,616566.35,5619102.97,1,,0,,1,1,total,Districts use one school code per calculation unit; charters use calculator building rows and retain the shared charter totals; student enrollment categories use largest remainder,5827512.42,0,5827512.42,1025964.39,1265648.51,2291612.91,8119125.32,0,,0,,Current modeled funding versus proposed Base Funding,208409.44,3.708945,,Current modeled funding versus all proposed funding,2500022.35,44.491485,,FALSE,TRUE,FALSE,Partial because the current model has missing inputs or rates,Preliminary arithmetic comparison only; at least one model has missing inputs or rates
School,2026,2025-09-30,38,New Castle County Vocational-Technical School District,District,TRUE,539,DelCastle ILC,Matched,911549.4,24529.14,0,936078.54,1,,0,,1,1,total,Districts use one school code per calculation unit; charters use calculator building rows and retain the shared charter totals; student enrollment categories use largest remainder,1276157.71,0,1276157.71,25707.25,163901.26,189608.51,1465766.21,0,,0,,Current modeled funding versus proposed Base Funding,340079.16,36.330196,,Current modeled funding versus all proposed funding,529687.67,56.585815,,FALSE,TRUE,FALSE,Partial because the current model has missing inputs or rates,Preliminary arithmetic comparison only; at least one model has missing inputs or rates
School,2026,2025-09-30,38,New Castle County Vocational-Technical School District,District,TRUE,80,Delcastle Technical High School,Matched,12816846.6,1238803.33,888204,14943853.93,1,,0,,1,1,total,Districts use one school code per calculation unit; charters use calculator building rows and retain the shared charter totals; student enrollment categories use largest remainder,15847714.89,0,15847714.89,1838204.76,3659188.55,5497393.31,21345108.2,0,,0,,Current modeled funding versus proposed Base Funding,903860.96,6.048379,,Current modeled funding versus all proposed funding,6401254.27,42.835364,,FALSE,TRUE,FALSE,Partial because the current model has missing inputs or rates,Preliminary arithmetic comparison only; at least one model has missing inputs or rates
School,2026,2025-09-30,38,New Castle County Vocational-Technical School District,District,TRUE,66,Hodgson (Paul M.) Vocational Technical High School,Matched,9312698.85,856839.61,666153,10835691.46,1,,0,,1,1,total,Districts use one school code per calculation unit; charters use calculator building rows and retain the shared charter totals; student enrollment categories use largest remainder,11500870.85,0,11500870.85,1145964.57,2533344.37,3679308.94,15180179.79,0,,0,,Current modeled funding versus proposed Base Funding,665179.39,6.138781,,Current modeled funding versus all proposed funding,4344488.34,40.094242,,FALSE,TRUE,FALSE,Partial because the current model has missing inputs or rates,Preliminary arithmetic comparison only; at least one model has missing inputs or rates
School,2026,2025-09-30,38,New Castle County Vocational-Technical School District,District,TRUE,26,Howard High School of Technology,Matched,7232255.65,652625.62,518119,8403000.27,1,,0,,1,1,total,Districts use one school code per calculation unit; charters use calculator building rows and retain the shared charter totals; student enrollment categories use largest remainder,8980264.55,0,8980264.55,1500299.11,2365120.95,3865420.06,12845684.61,0,,0,,Current modeled funding versus proposed Base Funding,577264.28,6.86974,,Current modeled funding versus all proposed funding,4442684.34,52.870215,,FALSE,TRUE,FALSE,Partial because the current model has missing inputs or rates,Preliminary arithmetic comparison only; at least one model has missing inputs or rates
Vocational/program record,2026,2025-09-30,38,New Castle County Vocational-Technical School District,District,TRUE,,NCC Exceptional VocEd,Matched,121155.3,0,0,121155.3,0,,0,,0,0,total,Districts use one school code per calculation unit; charters use calculator building rows and retain the shared charter totals; student enrollment categories use largest remainder,121155.3,0,121155.3,0,0,0,121155.3,0,,0,,Current modeled funding versus proposed Base Funding,0,0,0,Current modeled funding versus all proposed funding,0,0,0,TRUE,TRUE,TRUE,Complete,Complete modeled comparison
School,2026,2025-09-30,38,New Castle County Vocational-Technical School District,District,TRUE,44,St. Georges Technical High School,Matched,9557894.1,889832.79,666153,11113879.89,1,,0,,1,1,total,Districts use one school code per calculation unit; charters use calculator building rows and retain the shared charter totals; student enrollment categories use largest remainder,11917151.9,0,11917151.9,574565.79,2218020.91,2792586.7,14709738.6,0,,0,,Current modeled funding versus proposed Base Funding,803272,7.227647,,Current modeled funding versus all proposed funding,3595858.71,32.354666,,FALSE,TRUE,FALSE,Partial because the current model has missing inputs or rates,Preliminary arithmetic comparison only; at least one model has missing inputs or rates
School,2026,2025-09-30,89,Newark Charter School,Charter,TRUE,588,Newark Charter School,Matched,21545355.05,1887169.28,2558864.3,25991388.63,2,,2,,4,4,total,Districts use one school code per calculation unit; charters use calculator building rows and retain the shared charter totals; student enrollment categories use largest remainder,26526651.71,0,26526651.71,1153535.71,3636082.81,4789618.52,31316270.23,0,,0,,Current modeled funding versus proposed Base Funding,535263.07,2.059386,,Current modeled funding versus all proposed funding,5324881.59,20.487099,,FALSE,TRUE,FALSE,Partial because the current model has missing inputs or rates,Preliminary arithmetic comparison only; at least one model has missing inputs or rates
School,2026,2025-09-30,86,Odyssey Charter School,Charter,TRUE,585,Odyssey Charter School,Matched,16688306.45,1390057.55,2121338.56,20199702.56,2,,2,,4,4,total,Districts use one school code per calculation unit; charters use calculator building rows and retain the shared charter totals; student enrollment categories use largest remainder,20489873.47,0,20489873.47,2445603.59,3842230.84,6287834.43,26777707.9,0,,0,,Current modeled funding versus proposed Base Funding,290170.92,1.436511,,Current modeled funding versus all proposed funding,6578005.35,32.564862,,FALSE,TRUE,FALSE,Partial because the current model has missing inputs or rates,Preliminary arithmetic comparison only; at least one model has missing inputs or rates
School,2026,2025-09-30,39,Polytech School District,District,TRUE,652,POLYTECH High School,Matched,10066203.05,940331,666153,11672687.05,1,,0,,1,1,total,Districts use one school code per calculation unit; charters use calculator building rows and retain the shared charter totals; student enrollment categories use largest remainder,12421127.91,0,12421127.91,727201.07,2398885.87,3126086.94,15547214.86,0,,0,,Current modeled funding versus proposed Base Funding,748440.87,6.411899,,Current modeled funding versus all proposed funding,3874527.81,33.19311,,FALSE,TRUE,FALSE,Partial because the current model has missing inputs or rates,Preliminary arithmetic comparison only; at least one model has missing inputs or rates
School,2026,2025-09-30,71,Positive Outcomes Charter School,Charter,TRUE,570,Positive Outcomes Charter School,Matched,1855970.05,77772.57,90720.5,2024463.12,2,,2,,2,2,total,Districts use one school code per calculation unit; charters use calculator building rows and retain the shared charter totals; student enrollment categories use largest remainder,2338905.01,0,2338905.01,200412.67,404496.66,604909.33,2943814.34,0,,0,,Current modeled funding versus proposed Base Funding,314441.89,15.532113,,Current modeled funding versus all proposed funding,919351.22,45.4121,,FALSE,TRUE,FALSE,Partial because the current model has missing inputs or rates,Preliminary arithmetic comparison only; at least one model has missing inputs or rates
School,2026,2025-09-30,87,Providence Creek Academy Charter School,Charter,TRUE,586,Providence Creek Academy Charter School,Matched,5562166.15,408526.54,780364.65,6751057.34,2,,2,,2,2,total,Districts use one school code per calculation unit; charters use calculator building rows and retain the shared charter totals; student enrollment categories use largest remainder,6777606.81,0,6777606.81,450087.26,1019756.01,1469843.27,8247450.08,0,,0,,Current modeled funding versus proposed Base Funding,26549.47,0.393264,,Current modeled funding versus all proposed funding,1496392.74,22.165309,,FALSE,TRUE,FALSE,Partial because the current model has missing inputs or rates,Preliminary arithmetic comparison only; at least one model has missing inputs or rates
School,2026,2025-09-30,32,Red Clay Consolidated School District,District,TRUE,252,Baltz (Austin D.) Elementary School,Matched,4392187.95,298866.57,568543.8,5259598.31,1,,0,,1,1,total,Districts use one school code per calculation unit; charters use calculator building rows and retain the shared charter totals; student enrollment categories use largest remainder,5466119.14,0,5466119.14,1104224.3,1306611.64,2410835.94,7876955.09,0,,0,,Current modeled funding versus proposed Base Funding,206520.83,3.926551,,Current modeled funding versus all proposed funding,2617356.77,49.763435,,FALSE,TRUE,FALSE,Partial because the current model has missing inputs or rates,Preliminary arithmetic comparison only; at least one model has missing inputs or rates
School,2026,2025-09-30,32,Red Clay Consolidated School District,District,TRUE,261,Brandywine Springs School,Matched,7515912.9,498597.33,1031229.55,9045739.78,1,,0,,1,1,total,Districts use one school code per calculation unit; charters use calculator building rows and retain the shared charter totals; student enrollment categories use largest remainder,9306362.22,0,9306362.22,652083.43,1471309.09,2123392.52,11429754.74,0,,0,,Current modeled funding versus proposed Base Funding,260622.44,2.881162,,Current modeled funding versus all proposed funding,2384014.96,26.355113,,FALSE,TRUE,FALSE,Partial because the current model has missing inputs or rates,Preliminary arithmetic comparison only; at least one model has missing inputs or rates
School,2026,2025-09-30,32,Red Clay Consolidated School District,District,TRUE,286,Calloway (Cab) School of the Arts,Matched,5902432,560343.26,606543.88,7069319.14,1,,0,,1,1,total,Districts use one school code per calculation unit; charters use calculator building rows and retain the shared charter totals; student enrollment categories use largest remainder,7168298.76,0,7168298.76,378210.86,1057046.92,1435257.78,8603556.54,0,,0,,Current modeled funding versus proposed Base Funding,98979.61,1.400129,,Current modeled funding versus all proposed funding,1534237.39,21.70276,,FALSE,TRUE,FALSE,Partial because the current model has missing inputs or rates,Preliminary arithmetic comparison only; at least one model has missing inputs or rates
School,2026,2025-09-30,32,Red Clay Consolidated School District,District,TRUE,284,Conrad Schools of Science,Matched,7076484.55,693765.54,708226.05,8478476.14,1,,0,,1,1,total,Districts use one school code per calculation unit; charters use calculator building rows and retain the shared charter totals; student enrollment categories use largest remainder,8802367.23,0,8802367.23,688776.27,1454199.14,2142975.41,10945342.64,0,,0,,Current modeled funding versus proposed Base Funding,323891.1,3.820157,,Current modeled funding versus all proposed funding,2466866.51,29.095635,,FALSE,TRUE,FALSE,Partial because the current model has missing inputs or rates,Preliminary arithmetic comparison only; at least one model has missing inputs or rates
School,2026,2025-09-30,32,Red Clay Consolidated School District,District,TRUE,290,Dickinson (John) School,Matched,8121338.4,669440.73,659054.76,9449833.88,1,,0,,1,1,total,Districts use one school code per calculation unit; charters use calculator building rows and retain the shared charter totals; student enrollment categories use largest remainder,10056185.81,0,10056185.81,1449552.64,2146981.33,3596533.97,13652719.78,0,,0,,Current modeled funding versus proposed Base Funding,606351.93,6.416535,,Current modeled funding versus all proposed funding,4202885.9,44.475765,,FALSE,TRUE,FALSE,Partial because the current model has missing inputs or rates,Preliminary arithmetic comparison only; at least one model has missing inputs or rates
School,2026,2025-09-30,32,Red Clay Consolidated School District,District,TRUE,530,First State School,Matched,670200.35,13872.76,5219.84,689292.96,1,,0,,1,1,total,Districts use one school code per calculation unit; charters use calculator building rows and retain the shared charter totals; student enrollment categories use largest remainder,924135.64,0,924135.64,51414.51,136197.12,187611.63,1111747.27,0,,0,,Current modeled funding versus proposed Base Funding,234842.69,34.070084,,Current modeled funding versus all proposed funding,422454.31,61.288065,,FALSE,TRUE,FALSE,Partial because the current model has missing inputs or rates,Preliminary arithmetic comparison only; at least one model has missing inputs or rates
School,2026,2025-09-30,32,Red Clay Consolidated School District,District,TRUE,240,Forest Oak Elementary School,Matched,3335444.5,190555.17,449636.15,3975635.82,1,,0,,1,1,total,Districts use one school code per calculation unit; charters use calculator building rows and retain the shared charter totals; student enrollment categories use largest remainder,4014739.53,0,4014739.53,896166.26,1004498.42,1900664.69,5915404.22,0,,0,,Current modeled funding versus proposed Base Funding,39103.71,0.983584,,Current modeled funding versus all proposed funding,1939768.4,48.7914,,FALSE,TRUE,FALSE,Partial because the current model has missing inputs or rates,Preliminary arithmetic comparison only; at least one model has missing inputs or rates
School,2026,2025-09-30,32,Red Clay Consolidated School District,District,TRUE,242,Heritage Elementary School,Matched,4465265.75,285568.33,549752.36,5300586.44,1,,0,,1,1,total,Districts use one school code per calculation unit; charters use calculator building rows and retain the shared charter totals; student enrollment categories use largest remainder,5550246.22,0,5550246.22,337410.8,821911.09,1159321.9,6709568.12,0,,0,,Current modeled funding versus proposed Base Funding,249659.78,4.710041,,Current modeled funding versus all proposed funding,1408981.68,26.581619,,FALSE,TRUE,FALSE,Partial because the current model has missing inputs or rates,Preliminary arithmetic comparison only; at least one model has missing inputs or rates
School,2026,2025-09-30,32,Red Clay Consolidated School District,District,TRUE,244,Johnson (Joseph E. Jr) Elementary School,Matched,1820392.7,100198.32,193029.42,2113620.43,1,,0,,1,1,total,Districts use one school code per calculation unit; charters use calculator building rows and retain the shared charter totals; student enrollment categories use largest remainder,2218312.23,0,2218312.23,583398.79,614316.92,1197715.71,3416027.94,0,,0,,Current modeled funding versus proposed Base Funding,104691.79,4.953197,,Current modeled funding versus all proposed funding,1302407.51,61.619744,,FALSE,TRUE,FALSE,Partial because the current model has missing inputs or rates,Preliminary arithmetic comparison only; at least one model has missing inputs or rates
School,2026,2025-09-30,32,Red Clay Consolidated School District,District,TRUE,246,Lewis (William C.) Dual Language Elementary School,Matched,2927870.15,156696.59,333338.42,3417905.16,1,,0,,1,1,total,Districts use one school code per calculation unit; charters use calculator building rows and retain the shared charter totals; student enrollment categories use largest remainder,3598477.9,0,3598477.9,877584.79,952193.66,1829778.45,5428256.35,0,,0,,Current modeled funding versus proposed Base Funding,180572.74,5.283141,,Current modeled funding versus all proposed funding,2010351.19,58.818226,,FALSE,TRUE,FALSE,Partial because the current model has missing inputs or rates,Preliminary arithmetic comparison only; at least one model has missing inputs or rates
School,2026,2025-09-30,32,Red Clay Consolidated School District,District,TRUE,250,Linden Hill Elementary School,Matched,3910451.4,226021.94,491916.88,4628390.22,1,,0,,1,1,total,Districts use one school code per calculation unit; charters use calculator building rows and retain the shared charter totals; student enrollment categories use largest remainder,4751161.65,0,4751161.65,396198.52,742064.68,1138263.2,5889424.85,0,,0,,Current modeled funding versus proposed Base Funding,122771.43,2.652573,,Current modeled funding versus all proposed funding,1261034.63,27.245642,,FALSE,TRUE,FALSE,Partial because the current model has missing inputs or rates,Preliminary arithmetic comparison only; at least one model has missing inputs or rates
School,2026,2025-09-30,32,Red Clay Consolidated School District,District,TRUE,256,Marbrook Elementary School,Matched,4550843.7,287748.65,551840.3,5390432.65,1,,0,,1,1,total,Districts use one school code per calculation unit; charters use calculator building rows and retain the shared charter totals; student enrollment categories use largest remainder,5694411.22,0,5694411.22,777378.46,1110684.08,1888062.54,7582473.76,0,,0,,Current modeled funding versus proposed Base Funding,303978.57,5.639224,,Current modeled funding versus all proposed funding,2192041.11,40.665402,,FALSE,TRUE,FALSE,Partial because the current model has missing inputs or rates,Preliminary arithmetic comparison only; at least one model has missing inputs or rates
School,2026,2025-09-30,32,Red Clay Consolidated School District,District,TRUE,294,McKean (Thomas) High School,Matched,8878078.25,723578.39,592136,10193792.64,1,,0,,1,1,total,Districts use one school code per calculation unit; charters use calculator building rows and retain the shared charter totals; student enrollment categories use largest remainder,11001482.46,0,11001482.46,1606121.94,2403939.24,4010061.18,15011543.65,0,,0,,Current modeled funding versus proposed Base Funding,807689.82,7.92335,,Current modeled funding versus all proposed funding,4817751,47.261615,,FALSE,TRUE,FALSE,Partial because the current model has missing inputs or rates,Preliminary arithmetic comparison only; at least one model has missing inputs or rates
School,2026,2025-09-30,32,Red Clay Consolidated School District,District,TRUE,516,Meadowood Program,Matched,6213974.2,173829.01,484294.79,6872098,1,,0,,1,1,total,Districts use one school code per calculation unit; charters use calculator building rows and retain the shared charter totals; student enrollment categories use largest remainder,7735470.96,0,7735470.96,122573.38,945645.41,1068218.79,8803689.75,0,,0,,Current modeled funding versus proposed Base Funding,863372.96,12.563455,,Current modeled funding versus all proposed funding,1931591.75,28.107744,,FALSE,TRUE,FALSE,Partial because the current model has missing inputs or rates,Preliminary arithmetic comparison only; at least one model has missing inputs or rates
School,2026,2025-09-30,32,Red Clay Consolidated School District,District,TRUE,264,Mote (Anna P.) Elementary School,Matched,3804680.9,141381.5,378124.3,4324186.71,1,,0,,1,1,total,Districts use one school code per calculation unit; charters use calculator building rows and retain the shared charter totals; student enrollment categories use largest remainder,4628390.69,0,4628390.69,590697.77,904341.06,1495038.83,6123429.52,0,,0,,Current modeled funding versus proposed Base Funding,304203.98,7.034941,,Current modeled funding versus all proposed funding,1799242.82,41.608814,,FALSE,TRUE,FALSE,Partial because the current model has missing inputs or rates,Preliminary arithmetic comparison only; at least one model has missing inputs or rates
School,2026,2025-09-30,32,Red Clay Consolidated School District,District,TRUE,270,North Star Elementary School,Matched,4449880.95,322376.46,599862.85,5372120.27,1,,0,,1,1,total,Districts use one school code per calculation unit; charters use calculator building rows and retain the shared charter totals; student enrollment categories use largest remainder,5531286.95,0,5531286.95,160255.91,653118.96,813374.87,6344661.82,0,,0,,Current modeled funding versus proposed Base Funding,159166.68,2.962828,,Current modeled funding versus all proposed funding,972541.55,18.103495,,FALSE,TRUE,FALSE,Partial because the current model has missing inputs or rates,Preliminary arithmetic comparison only; at least one model has missing inputs or rates
School,2026,2025-09-30,32,Red Clay Consolidated School District,District,TRUE,529,Red Clay Early Years Program,Matched,8892501.5,334835.75,592136,9819473.25,1,,0,,1,1,total,Districts use one school code per calculation unit; charters use calculator building rows and retain the shared charter totals; student enrollment categories use largest remainder,11017392.77,0,11017392.77,470969.76,1672176.27,2143146.04,13160538.81,0,,0,,Current modeled funding versus proposed Base Funding,1197919.52,12.199428,,Current modeled funding versus all proposed funding,3341065.56,34.024896,,FALSE,TRUE,FALSE,Partial because the current model has missing inputs or rates,Preliminary arithmetic comparison only; at least one model has missing inputs or rates
School,2026,2025-09-30,32,Red Clay Consolidated School District,District,TRUE,254,Richardson Park Elementary School,Matched,5484280.6,312941.26,651434.53,6448656.39,1,,0,,1,1,total,Districts use one school code per calculation unit; charters use calculator building rows and retain the shared charter totals; student enrollment categories use largest remainder,6742473.18,0,6742473.18,1197750.21,1521420.27,2719170.48,9461643.66,0,,0,,Current modeled funding versus proposed Base Funding,293816.8,4.556248,,Current modeled funding versus all proposed funding,3012987.27,46.722714,,FALSE,TRUE,FALSE,Partial because the current model has missing inputs or rates,Preliminary arithmetic comparison only; at least one model has missing inputs or rates
School,2026,2025-09-30,32,Red Clay Consolidated School District,District,TRUE,260,Richey Elementary School,Matched,3055756.3,169194.34,348997.95,3573948.59,1,,0,,1,1,total,Districts use one school code per calculation unit; charters use calculator building rows and retain the shared charter totals; student enrollment categories use largest remainder,3747740.54,0,3747740.54,574070.95,759337.11,1333408.06,5081148.59,0,,0,,Current modeled funding versus proposed Base Funding,173791.95,4.862743,,Current modeled funding versus all proposed funding,1507200.01,42.171844,,FALSE,TRUE,FALSE,Partial because the current model has missing inputs or rates,Preliminary arithmetic comparison only; at least one model has missing inputs or rates
School,2026,2025-09-30,32,Red Clay Consolidated School District,District,TRUE,248,Shortlidge (Evan G.) Academy,Matched,3631601.9,155852.83,399525.66,4186980.39,1,,0,,1,1,total,Districts use one school code per calculation unit; charters use calculator building rows and retain the shared charter totals; student enrollment categories use largest remainder,4430467.47,0,4430467.47,807366.13,989013.35,1796379.49,6226846.96,0,,0,,Current modeled funding versus proposed Base Funding,243487.08,5.815339,,Current modeled funding versus all proposed funding,2039866.57,48.719277,,FALSE,TRUE,FALSE,Partial because the current model has missing inputs or rates,Preliminary arithmetic comparison only; at least one model has missing inputs or rates
School,2026,2025-09-30,32,Red Clay Consolidated School District,District,TRUE,280,Skyline Middle School,Matched,3453715.15,171826.58,423014.95,4048556.68,1,,0,,1,1,total,Districts use one school code per calculation unit; charters use calculator building rows and retain the shared charter totals; student enrollment categories use largest remainder,4150667.07,0,4150667.07,710128.88,996000.32,1706129.2,5856796.26,0,,0,,Current modeled funding versus proposed Base Funding,102110.38,2.522143,,Current modeled funding versus all proposed funding,1808239.58,44.663808,,FALSE,TRUE,FALSE,Partial because the current model has missing inputs or rates,Preliminary arithmetic comparison only; at least one model has missing inputs or rates
School,2026,2025-09-30,32,Red Clay Consolidated School District,District,TRUE,282,Stanton Middle School,Matched,4120069.3,219517.06,480955.21,4820541.56,1,,0,,1,1,total,Districts use one school code per calculation unit; charters use calculator building rows and retain the shared charter totals; student enrollment categories use largest remainder,4990962.98,0,4990962.98,1029304.6,1293092.67,2322397.28,7313360.26,0,,0,,Current modeled funding versus proposed Base Funding,170421.42,3.535317,,Current modeled funding versus all proposed funding,2492818.7,51.71242,,FALSE,TRUE,FALSE,Partial because the current model has missing inputs or rates,Preliminary arithmetic comparison only; at least one model has missing inputs or rates
School,2026,2025-09-30,32,Red Clay Consolidated School District,District,TRUE,266,Warner Elementary School,Matched,3436407.25,164388.99,413097.25,4013893.49,1,,0,,1,1,total,Districts use one school code per calculation unit; charters use calculator building rows and retain the shared charter totals; student enrollment categories use largest remainder,4129436.52,0,4129436.52,860562.09,1053585.93,1914148.02,6043584.54,0,,0,,Current modeled funding versus proposed Base Funding,115543.03,2.878577,,Current modeled funding versus all proposed funding,2029691.05,50.566639,,FALSE,TRUE,FALSE,Partial because the current model has missing inputs or rates,Preliminary arithmetic comparison only; at least one model has missing inputs or rates
School,2026,2025-09-30,32,Red Clay Consolidated School District,District,TRUE,271,William F. Cooke Jr. Elementary,Matched,4321033.25,333333.33,616044.37,5270410.94,1,,0,,1,1,total,Districts use one school code per calculation unit; charters use calculator building rows and retain the shared charter totals; student enrollment categories use largest remainder,5309596.76,0,5309596.76,290400.43,729748.12,1020148.54,6329745.3,0,,0,,Current modeled funding versus proposed Base Funding,39185.81,0.743506,,Current modeled funding versus all proposed funding,1059334.36,20.099654,,FALSE,TRUE,FALSE,Partial because the current model has missing inputs or rates,Preliminary arithmetic comparison only; at least one model has missing inputs or rates
School,2026,2025-09-30,32,Red Clay Consolidated School District,District,TRUE,292,duPont (Alexis I.) High School,Matched,4690268.45,416872.79,296068,5403209.24,1,,0,,1,1,total,Districts use one school code per calculation unit; charters use calculator building rows and retain the shared charter totals; student enrollment categories use largest remainder,5854966.91,0,5854966.91,1128818.15,1470171.67,2598989.82,8453956.73,0,,0,,Current modeled funding versus proposed Base Funding,451757.67,8.360914,,Current modeled funding versus all proposed funding,3050747.49,56.461768,,FALSE,TRUE,FALSE,Partial because the current model has missing inputs or rates,Preliminary arithmetic comparison only; at least one model has missing inputs or rates
School,2026,2025-09-30,32,Red Clay Consolidated School District,District,TRUE,274,duPont (Alexis I.) Middle School,Matched,3325829,180867.56,436586.54,3943283.1,1,,0,,1,1,total,Districts use one school code per calculation unit; charters use calculator building rows and retain the shared charter totals; student enrollment categories use largest remainder,4003593.94,0,4003593.94,833518.75,1035371.07,1868889.82,5872483.76,0,,0,,Current modeled funding versus proposed Base Funding,60310.85,1.529458,,Current modeled funding versus all proposed funding,1929200.66,48.923717,,FALSE,TRUE,FALSE,Partial because the current model has missing inputs or rates,Preliminary arithmetic comparison only; at least one model has missing inputs or rates
School,2026,2025-09-30,32,Red Clay Consolidated School District,District,TRUE,276,duPont (H.B.) Middle School,Matched,5392933.35,403026.47,774622.82,6570582.64,1,,0,,1,1,total,Districts use one school code per calculation unit; charters use calculator building rows and retain the shared charter totals; student enrollment categories use largest remainder,6636069.03,0,6636069.03,558804.94,1147016.31,1705821.25,8341890.28,0,,0,,Current modeled funding versus proposed Base Funding,65486.39,0.99666,,Current modeled funding versus all proposed funding,1771307.64,26.958152,,FALSE,TRUE,FALSE,Partial because the current model has missing inputs or rates,Preliminary arithmetic comparison only; at least one model has missing inputs or rates
School,2026,2025-09-30,23,Seaford School District,District,TRUE,761,Blades Elementary School,Matched,2672097.85,165932.28,348475.97,3186506.1,1,,0,,1,1,total,Districts use one school code per calculation unit; charters use calculator building rows and retain the shared charter totals; student enrollment categories use largest remainder,3306617.18,0,3306617.18,844652.79,840450.93,1685103.72,4991720.89,0,,0,,Current modeled funding versus proposed Base Funding,120111.08,3.769366,,Current modeled funding versus all proposed funding,1805214.8,56.651855,,FALSE,TRUE,FALSE,Partial because the current model has missing inputs or rates,Preliminary arithmetic comparison only; at least one model has missing inputs or rates
School,2026,2025-09-30,23,Seaford School District,District,TRUE,762,Frederick Douglass Elementary School,Matched,2895177.45,191451.82,380838.99,3467468.26,1,,0,,1,1,total,Districts use one school code per calculation unit; charters use calculator building rows and retain the shared charter totals; student enrollment categories use largest remainder,3562614.6,0,3562614.6,976405.56,1010624.21,1987029.76,5549644.37,0,,0,,Current modeled funding versus proposed Base Funding,95146.34,2.743972,,Current modeled funding versus all proposed funding,2082176.11,60.048887,,FALSE,TRUE,FALSE,Partial because the current model has missing inputs or rates,Preliminary arithmetic comparison only; at least one model has missing inputs or rates
School,2026,2025-09-30,23,Seaford School District,District,TRUE,763,Seaford Autistic Program,Matched,2826907.4,55553.55,181440.99,3063901.95,1,,0,,1,1,total,Districts use one school code per calculation unit; charters use calculator building rows and retain the shared charter totals; student enrollment categories use largest remainder,3484666.01,0,3484666.01,119406.36,484668.05,604074.41,4088740.43,0,,0,,Current modeled funding versus proposed Base Funding,420764.07,13.732948,,Current modeled funding versus all proposed funding,1024838.48,33.448801,,FALSE,TRUE,FALSE,Partial because the current model has missing inputs or rates,Preliminary arithmetic comparison only; at least one model has missing inputs or rates
School,2026,2025-09-30,23,Seaford School District,District,TRUE,759,Seaford Central Elementary School,Matched,3772949.75,216913.66,453812.02,4443675.43,1,,0,,1,1,total,Districts use one school code per calculation unit; charters use calculator building rows and retain the shared charter totals; student enrollment categories use largest remainder,4592531.14,0,4592531.14,948496.24,1138631.95,2087128.18,6679659.33,0,,0,,Current modeled funding versus proposed Base Funding,148855.71,3.349833,,Current modeled funding versus all proposed funding,2235983.89,50.318344,,FALSE,TRUE,FALSE,Partial because the current model has missing inputs or rates,Preliminary arithmetic comparison only; at least one model has missing inputs or rates
School,2026,2025-09-30,23,Seaford School District,District,TRUE,764,Seaford Middle School,Matched,5355432.9,413129.96,788716.4,6557279.25,1,,0,,1,1,total,Districts use one school code per calculation unit; charters use calculator building rows and retain the shared charter totals; student enrollment categories use largest remainder,6594134.36,0,6594134.36,1468950.61,1722693.67,3191644.28,9785778.64,0,,0,,Current modeled funding versus proposed Base Funding,36855.1,0.562049,,Current modeled funding versus all proposed funding,3228499.38,49.23535,,FALSE,TRUE,FALSE,Partial because the current model has missing inputs or rates,Preliminary arithmetic comparison only; at least one model has missing inputs or rates
School,2026,2025-09-30,23,Seaford School District,District,TRUE,766,Seaford Senior High School,Matched,6680325.95,646178.43,444102,7770606.38,1,,0,,1,1,total,Districts use one school code per calculation unit; charters use calculator building rows and retain the shared charter totals; student enrollment categories use largest remainder,8271670.16,0,8271670.16,1632893.12,2058360.58,3691253.7,11962923.86,0,,0,,Current modeled funding versus proposed Base Funding,501063.78,6.448194,,Current modeled funding versus all proposed funding,4192317.48,53.95097,,FALSE,TRUE,FALSE,Partial because the current model has missing inputs or rates,Preliminary arithmetic comparison only; at least one model has missing inputs or rates
School,2026,2025-09-30,23,Seaford School District,District,TRUE,768,Sussex Orthopedic Program,Matched,1972317.6,40183.17,87588.59,2100089.37,1,,0,,1,1,total,Districts use one school code per calculation unit; charters use calculator building rows and retain the shared charter totals; student enrollment categories use largest remainder,2393843.01,0,2393843.01,84099.09,337990.48,422089.58,2815932.59,0,,0,,Current modeled funding versus proposed Base Funding,293753.65,13.987674,,Current modeled funding versus all proposed funding,715843.22,34.086322,,FALSE,TRUE,FALSE,Partial because the current model has missing inputs or rates,Preliminary arithmetic comparison only; at least one model has missing inputs or rates
School,2026,2025-09-30,23,Seaford School District,District,TRUE,760,West Seaford Elementary School,Matched,3211404.55,192317.21,453290.04,3857011.8,1,,0,,1,1,total,Districts use one school code per calculation unit; charters use calculator building rows and retain the shared charter totals; student enrollment categories use largest remainder,3872244.95,0,3872244.95,1012653.03,1014767.64,2027420.67,5899665.63,0,,0,,Current modeled funding versus proposed Base Funding,15233.15,0.394947,,Current modeled funding versus all proposed funding,2042653.83,52.959491,,FALSE,TRUE,FALSE,Partial because the current model has missing inputs or rates,Preliminary arithmetic comparison only; at least one model has missing inputs or rates
School,2026,2025-09-30,24,Smyrna School District,District,TRUE,680,Clayton Elementary School,Matched,3796026.95,214009.78,476779.33,4486816.06,1,,0,,1,1,total,Districts use one school code per calculation unit; charters use calculator building rows and retain the shared charter totals; student enrollment categories use largest remainder,4618267.48,0,4618267.48,306037.56,655231.3,961268.86,5579536.34,0,,0,,Current modeled funding versus proposed Base Funding,131451.42,2.929726,,Current modeled funding versus all proposed funding,1092720.28,24.354024,,FALSE,TRUE,FALSE,Partial because the current model has missing inputs or rates,Preliminary arithmetic comparison only; at least one model has missing inputs or rates
School,2026,2025-09-30,24,Smyrna School District,District,TRUE,696,Clayton Middle School,Matched,3405637.65,213004.96,479389.25,4098031.86,1,,0,,1,1,total,Districts use one school code per calculation unit; charters use calculator building rows and retain the shared charter totals; student enrollment categories use largest remainder,4094527.34,0,4094527.34,322862.33,687728.82,1010591.15,5105118.49,0,,0,,Current modeled funding versus proposed Base Funding,-3504.52,-0.085517,,Current modeled funding versus all proposed funding,1007086.63,24.574885,,FALSE,TRUE,FALSE,Partial because the current model has missing inputs or rates,Preliminary arithmetic comparison only; at least one model has missing inputs or rates
School,2026,2025-09-30,24,Smyrna School District,District,TRUE,686,Moore (John Bassett) School,Matched,5391971.8,344557.02,695281.21,6431810.03,1,,0,,1,1,total,Districts use one school code per calculation unit; charters use calculator building rows and retain the shared charter totals; student enrollment categories use largest remainder,6634947.05,0,6634947.05,657650.45,1198508.63,1856159.08,8491106.13,0,,0,,Current modeled funding versus proposed Base Funding,203137.02,3.158318,,Current modeled funding versus all proposed funding,2059296.1,32.017365,,FALSE,TRUE,FALSE,Partial because the current model has missing inputs or rates,Preliminary arithmetic comparison only; at least one model has missing inputs or rates
School,2026,2025-09-30,24,Smyrna School District,District,TRUE,684,North Smyrna Elementary School,Matched,7158216.3,335143.44,743616.21,8236975.96,1,,0,,1,1,total,Districts use one school code per calculation unit; charters use calculator building rows and retain the shared charter totals; student enrollment categories use largest remainder,8896832.5,0,8896832.5,640355.58,1405956.57,2046312.15,10943144.65,0,,0,,Current modeled funding versus proposed Base Funding,659856.55,8.010908,,Current modeled funding versus all proposed funding,2706168.69,32.85391,,FALSE,TRUE,FALSE,Partial because the current model has missing inputs or rates,Preliminary arithmetic comparison only; at least one model has missing inputs or rates
School,2026,2025-09-30,24,Smyrna School District,District,TRUE,682,Smyrna Elementary School,Matched,3868143.2,164934.67,409443.36,4442521.23,1,,0,,1,1,total,Districts use one school code per calculation unit; charters use calculator building rows and retain the shared charter totals; student enrollment categories use largest remainder,4700732.36,0,4700732.36,438631.57,773246.05,1211877.62,5912609.98,0,,0,,Current modeled funding versus proposed Base Funding,258211.13,5.812265,,Current modeled funding versus all proposed funding,1470088.75,33.091316,,FALSE,TRUE,FALSE,Partial because the current model has missing inputs or rates,Preliminary arithmetic comparison only; at least one model has missing inputs or rates
School,2026,2025-09-30,24,Smyrna School District,District,TRUE,688,Smyrna High School,Matched,13964586.3,1298328.08,888204,16151118.38,1,,0,,1,1,total,Districts use one school code per calculation unit; charters use calculator building rows and retain the shared charter totals; student enrollment categories use largest remainder,17086088.46,0,17086088.46,1108925.34,2721943.75,3830869.08,20916957.54,0,,0,,Current modeled funding versus proposed Base Funding,934970.08,5.788888,,Current modeled funding versus all proposed funding,4765839.16,29.507797,,FALSE,TRUE,FALSE,Partial because the current model has missing inputs or rates,Preliminary arithmetic comparison only; at least one model has missing inputs or rates
School,2026,2025-09-30,24,Smyrna School District,District,TRUE,685,Smyrna Middle School,Matched,7793449.85,488902.5,1016613.99,9298966.34,1,,0,,1,1,total,Districts use one school code per calculation unit; charters use calculator building rows and retain the shared charter totals; student enrollment categories use largest remainder,9471628.93,0,9471628.93,715621.67,1594377.2,2309998.87,11781627.8,0,,0,,Current modeled funding versus proposed Base Funding,172662.58,1.856793,,Current modeled funding versus all proposed funding,2482661.46,26.698252,,FALSE,TRUE,FALSE,Partial because the current model has missing inputs or rates,Preliminary arithmetic comparison only; at least one model has missing inputs or rates
School,2026,2025-09-30,24,Smyrna School District,District,TRUE,681,Sunnyside Elementary School,Matched,3858527.7,221017.08,485653.06,4565197.84,1,,0,,1,1,total,Districts use one school code per calculation unit; charters use calculator building rows and retain the shared charter totals; student enrollment categories use largest remainder,4690297.86,0,4690297.86,384891.29,722322.43,1107213.72,5797511.58,0,,0,,Current modeled funding versus proposed Base Funding,125100.02,2.740298,,Current modeled funding versus all proposed funding,1232313.74,26.993655,,FALSE,TRUE,FALSE,Partial because the current model has missing inputs or rates,Preliminary arithmetic comparison only; at least one model has missing inputs or rates
School,2026,2025-09-30,77,Sussex Academy,Charter,TRUE,576,Sussex Academy,Matched,7214947.75,684419.27,865760.53,8765127.55,2,,2,,3,3,total,Districts use one school code per calculation unit; charters use calculator building rows and retain the shared charter totals; student enrollment categories use largest remainder,9011077.55,0,9011077.55,377542.82,1218770.84,1596313.66,10607391.21,0,,0,,Current modeled funding versus proposed Base Funding,245949.99,2.806006,,Current modeled funding versus all proposed funding,1842263.65,21.018104,,FALSE,TRUE,FALSE,Partial because the current model has missing inputs or rates,Preliminary arithmetic comparison only; at least one model has missing inputs or rates
School,2026,2025-09-30,9614,Sussex Montessori School,Charter,TRUE,4090,Sussex Montessori School,Matched,3062487.15,171937.16,352651.84,3587076.15,2,,2,,1,1,total,Districts use one school code per calculation unit; charters use calculator building rows and retain the shared charter totals; student enrollment categories use largest remainder,3755428.96,0,3755428.96,502392.49,703945.09,1206337.58,4961766.53,0,,0,,Current modeled funding versus proposed Base Funding,168352.81,4.693316,,Current modeled funding versus all proposed funding,1374690.38,38.323423,,FALSE,TRUE,FALSE,Partial because the current model has missing inputs or rates,Preliminary arithmetic comparison only; at least one model has missing inputs or rates
School,2026,2025-09-30,40,Sussex Technical School District,District,TRUE,770,Sussex Technical High School,Matched,11091215.35,993788.37,740170,12825173.72,1,,0,,1,1,total,Districts use one school code per calculation unit; charters use calculator building rows and retain the shared charter totals; student enrollment categories use largest remainder,13808166.96,0,13808166.96,1265222.48,2939953.38,4205175.85,18013342.81,0,,0,,Current modeled funding versus proposed Base Funding,982993.24,7.664561,,Current modeled funding versus all proposed funding,5188169.09,40.453012,,FALSE,TRUE,FALSE,Partial because the current model has missing inputs or rates,Preliminary arithmetic comparison only; at least one model has missing inputs or rates
School,2026,2025-09-30,35,Woodbridge School District,District,TRUE,779,Phillis Wheatley Elementary School,Matched,5213123.5,352446.54,707808.83,6273378.87,1,,0,,1,1,total,Districts use one school code per calculation unit; charters use calculator building rows and retain the shared charter totals; student enrollment categories use largest remainder,6356542.56,0,6356542.56,1105486.16,1441362.62,2546848.78,8903391.34,0,,0,,Current modeled funding versus proposed Base Funding,83163.69,1.32566,,Current modeled funding versus all proposed funding,2630012.47,41.92338,,FALSE,TRUE,FALSE,Partial because the current model has missing inputs or rates,Preliminary arithmetic comparison only; at least one model has missing inputs or rates
School,2026,2025-09-30,35,Woodbridge School District,District,TRUE,776,Woodbridge Early Childhood Education Center,Matched,6165896.7,347316.67,667616.04,7180829.41,1,,0,,1,1,total,Districts use one school code per calculation unit; charters use calculator building rows and retain the shared charter totals; student enrollment categories use largest remainder,7470990.48,0,7470990.48,1139185.18,1532940.64,2672125.81,10143116.29,0,,0,,Current modeled funding versus proposed Base Funding,290161.07,4.040774,,Current modeled funding versus all proposed funding,2962286.88,41.252712,,FALSE,TRUE,FALSE,Partial because the current model has missing inputs or rates,Preliminary arithmetic comparison only; at least one model has missing inputs or rates
School,2026,2025-09-30,35,Woodbridge School District,District,TRUE,780,Woodbridge High School,Matched,5876470.15,531686.67,370085,6778241.82,1,,0,,1,1,total,Districts use one school code per calculation unit; charters use calculator building rows and retain the shared charter totals; student enrollment categories use largest remainder,7138645.15,0,7138645.15,921131.25,1472738.98,2393870.23,9532515.38,0,,0,,Current modeled funding versus proposed Base Funding,360403.33,5.317062,,Current modeled funding versus all proposed funding,2754273.56,40.634041,,FALSE,TRUE,FALSE,Partial because the current model has missing inputs or rates,Preliminary arithmetic comparison only; at least one model has missing inputs or rates
School,2026,2025-09-30,35,Woodbridge School District,District,TRUE,775,Woodbridge Middle School,Matched,5268893.4,348249.37,701545.02,6318687.79,1,,0,,1,1,total,Districts use one school code per calculation unit; charters use calculator building rows and retain the shared charter totals; student enrollment categories use largest remainder,6420414.66,0,6420414.66,836809.48,1325557.7,2162367.17,8582781.83,0,,0,,Current modeled funding versus proposed Base Funding,101726.87,1.609937,,Current modeled funding versus all proposed funding,2264094.04,35.831712,,FALSE,TRUE,FALSE,Partial because the current model has missing inputs or rates,Preliminary arithmetic comparison only; at least one model has missing inputs or rates
