RecordType,SchoolYear,CountDate,DistrictCode,DistrictName,LEAType,IncludeInStatewide,SchoolCode,SchoolName,ModelMatchStatus,CurrentConfirmedFundingAmount,CurrentMappedFundingAmount,CurrentAssumptionFundingAmount,CurrentModelFundingAmount,CurrentComponentsMissingInput,CurrentRowsMissingInput,CurrentComponentsMissingRate,CurrentRowsMissingRate,ProposedCalculationUnitCount,ProposedPrincipalPositions,OperationalEnrollmentBasis,CharterBuildingPolicy,ProposedBaseFundingAmount,ProposedCentralOfficeFundingAmount,ProposedPositionBasedFundingAmount,ProposedComponentsMissingInput,ProposedRowsMissingInput,ProposedComponentsMissingRate,ProposedRowsMissingRate,PositionBasedComparisonBasis,FullModelComparisonBasis,CurrentModelComplete,ProposedModelComplete,ComparisonComplete,ComparisonStatus,ComparisonInterpretation,ProposedOpportunityFundingAmount,ProposedOperationalFundingAmount,IsSchool,Enrollment,LI,MLL,K8Enrollment,Grade10Enrollment,ProposedWeightedFundingAmount,ProposedModelFundingAmount,PositionBasedFundingDifference,PreliminaryPositionBasedPercentDifference,PositionBasedPercentDifference,FullModelFundingDifference,PreliminaryFullModelPercentDifference,FullModelPercentDifference,ReportPositionBasedPercentDifference,ReportGrossFullModelPercentDifference,PositionBasedDirection,GrossFullModelDirection,CurrentModeledFundingPerStudent,ProposedPositionBasedFundingPerStudent,ProposedWeightedFundingPerStudent,ProposedFullModelFundingPerStudent,AdjustedReportingScope,ExcludedLEA,WeightedPoolTreatment
School,2026,2025-09-30,69,ASPIRA Delaware,Charter,TRUE,568,ASPIRA Academy,Matched,11269102.1,850505.4,1312786.76,13432394.26,2,,2,,3,3,total,Districts use one school code per calculation unit; charters use calculator building rows and retain the shared charter totals; student enrollment categories use largest remainder,14579814.46,0,14579814.46,0,,0,,Current modeled funding versus proposed Base Funding,Current modeled funding versus all proposed funding,FALSE,TRUE,FALSE,Partial because the current model has missing inputs or rates,Preliminary arithmetic comparison only; at least one model has missing inputs or rates,2491521.6359209856,3200224.887906923,TRUE,1475,402,493,1097,90,5691746.523827909,20271560.98382791,1147420.2000000011,8.54218673000744,,6839166.723827912,50.91547040272708,,8.54218673000744,50.91547040272708,Increase,Increase,9106.707972881355,9884.619972881357,3858.8112025951923,13743.43117547655,TRUE,Bryan Allen Stevenson School of Excellence,Fixed pools redistributed across the adjusted reporting scope
School,2026,2025-09-30,9605,Academia Antonia Alonso,Charter,TRUE,4045,Academia Antonia Alonso,Matched,6036087.45,464421.44,851876.5,7352385.38,2,,2,,2,2,total,Districts use one school code per calculation unit; charters use calculator building rows and retain the shared charter totals; student enrollment categories use largest remainder,7797349.82,0,7797349.82,0,,0,,Current modeled funding versus proposed Base Funding,Current modeled funding versus all proposed funding,FALSE,TRUE,FALSE,Partial because the current model has missing inputs or rates,Preliminary arithmetic comparison only; at least one model has missing inputs or rates,2167043.362996556,2175080.175450694,TRUE,923,275,536,923,0,4342123.53844725,12139473.35844725,444964.4400000004,6.051973842535447,,4787087.97844725,65.10931801084739,,6.051973842535447,65.10931801084739,Increase,Increase,7965.7479739978335,8447.83295774648,4704.359196584236,13152.192154330714,TRUE,Bryan Allen Stevenson School of Excellence,Fixed pools redistributed across the adjusted reporting scope
School,2026,2025-09-30,85,Academy of Dover Charter School,Charter,TRUE,584,Academy Of Dover Charter School,Matched,3680640.95,200067.3,459031.87,4339740.12,2,,2,,2,2,total,Districts use one school code per calculation unit; charters use calculator building rows and retain the shared charter totals; student enrollment categories use largest remainder,4687541.05,0,4687541.05,0,,0,,Current modeled funding versus proposed Base Funding,Current modeled funding versus all proposed funding,FALSE,TRUE,FALSE,Partial because the current model has missing inputs or rates,Preliminary arithmetic comparison only; at least one model has missing inputs or rates,734440.7096384584,972824.6493151489,TRUE,454,180,57,454,0,1707265.3589536073,6394806.408953607,347800.9299999997,8.014326212694959,,2055066.288953607,47.3545934117734,,8.014326212694959,47.3545934117734,Increase,Increase,9558.898942731277,10324.980286343613,3760.4963853603685,14085.47667170398,TRUE,Bryan Allen Stevenson School of Excellence,Fixed pools redistributed across the adjusted reporting scope
School,2026,2025-09-30,29,Appoquinimink School District,District,TRUE,24,Appoquinimink High School,Matched,11115254.1,964737.54,740170,12820161.64,1,,0,,1,1,total,Districts use one school code per calculation unit; charters use calculator building rows and retain the shared charter totals; student enrollment categories use largest remainder,14357653.34,0,14357653.34,0,,0,,Current modeled funding versus proposed Base Funding,Current modeled funding versus all proposed funding,FALSE,TRUE,FALSE,Partial because the current model has missing inputs or rates,Preliminary arithmetic comparison only; at least one model has missing inputs or rates,622087.9717724633,2062861.202596031,TRUE,1299,145,59,0,328,2684949.174368494,17042602.514368493,1537491.6999999993,11.992763766744515,,4222440.8743684925,32.935941004005095,,11.992763766744515,32.935941004005095,Increase,Increase,9869.254534257121,11052.850916089299,2066.935469105846,13119.786385195144,TRUE,Bryan Allen Stevenson School of Excellence,Fixed pools redistributed across the adjusted reporting scope
School,2026,2025-09-30,29,Appoquinimink School District,District,TRUE,13,Appoquinimink PreSchool Center,Matched,3024025.15,75493.69,148034,3247552.84,1,,0,,1,1,total,Districts use one school code per calculation unit; charters use calculator building rows and retain the shared charter totals; student enrollment categories use largest remainder,3850292.76,0,3850292.76,0,,0,,Current modeled funding versus proposed Base Funding,Current modeled funding versus all proposed funding,FALSE,TRUE,FALSE,Partial because the current model has missing inputs or rates,Preliminary arithmetic comparison only; at least one model has missing inputs or rates,70204.9838770325,516613.8656128077,TRUE,142,21,0,0,0,586818.8494898402,4437111.6094898395,602739.9199999999,18.559818721841026,,1189558.7694898397,36.629389207716166,,18.559818721841026,36.629389207716166,Increase,Increase,22870.09042253521,27114.737746478873,4132.527109083382,31247.26485556225,TRUE,Bryan Allen Stevenson School of Excellence,Fixed pools redistributed across the adjusted reporting scope
School,2026,2025-09-30,29,Appoquinimink School District,District,TRUE,36,Brick Mill Early Childhood Center,Matched,3706602.8,143722.88,333755.64,4184081.32,1,,0,,1,1,total,Districts use one school code per calculation unit; charters use calculator building rows and retain the shared charter totals; student enrollment categories use largest remainder,4686434.99,0,4686434.99,0,,0,,Current modeled funding versus proposed Base Funding,Current modeled funding versus all proposed funding,FALSE,TRUE,FALSE,Partial because the current model has missing inputs or rates,Preliminary arithmetic comparison only; at least one model has missing inputs or rates,178669.82669234197,621741.9004725963,TRUE,307,43,15,214,0,800411.7271649382,5486846.717164938,502353.6700000004,12.006307516030793,,1302765.3971649385,31.136235114209935,,12.006307516030793,31.136235114209935,Increase,Increase,13628.929381107491,15265.26055374593,2607.204323012828,17872.464876758757,TRUE,Bryan Allen Stevenson School of Excellence,Fixed pools redistributed across the adjusted reporting scope
School,2026,2025-09-30,29,Appoquinimink School District,District,TRUE,21,Brick Mill Elementary School,Matched,4320071.7,299094.94,569587.77,5188754.4,1,,0,,1,1,total,Districts use one school code per calculation unit; charters use calculator building rows and retain the shared charter totals; student enrollment categories use largest remainder,5630914.64,0,5630914.64,0,,0,,Current modeled funding versus proposed Base Funding,Current modeled funding versus all proposed funding,FALSE,TRUE,FALSE,Partial because the current model has missing inputs or rates,Preliminary arithmetic comparison only; at least one model has missing inputs or rates,378413.5303791653,818856.9658347003,TRUE,524,93,29,524,0,1197270.4962138655,6828185.136213865,442160.2399999993,8.521510287709884,,1639430.7362138648,31.595843815885072,,8.521510287709884,31.595843815885072,Increase,Increase,9902.203053435116,10746.02030534351,2284.867359186766,13030.887664530277,TRUE,Bryan Allen Stevenson School of Excellence,Fixed pools redistributed across the adjusted reporting scope
School,2026,2025-09-30,29,Appoquinimink School District,District,TRUE,28,Bunker Hill Elementary School,Matched,4765269.35,306664.74,575329.59,5647263.68,1,,0,,1,1,total,Districts use one school code per calculation unit; charters use calculator building rows and retain the shared charter totals; student enrollment categories use largest remainder,6165880.83,0,6165880.83,0,,0,,Current modeled funding versus proposed Base Funding,Current modeled funding versus all proposed funding,FALSE,TRUE,FALSE,Partial because the current model has missing inputs or rates,Preliminary arithmetic comparison only; at least one model has missing inputs or rates,415360.9151920515,893474.4509734241,TRUE,535,95,42,535,0,1308835.3661654757,7474716.196165476,518617.1500000004,9.183512217371801,,1827452.5161654763,32.359964395455265,,9.183512217371801,32.359964395455265,Increase,Increase,10555.633046728972,11525.010897196262,2446.4212451691133,13971.432142365376,TRUE,Bryan Allen Stevenson School of Excellence,Fixed pools redistributed across the adjusted reporting scope
School,2026,2025-09-30,29,Appoquinimink School District,District,TRUE,33,Cantwells Bridge Middle School,Matched,6560132.2,434505.21,879958.88,7874596.29,1,,0,,1,1,total,Districts use one school code per calculation unit; charters use calculator building rows and retain the shared charter totals; student enrollment categories use largest remainder,8440714.52,0,8440714.52,0,,0,,Current modeled funding versus proposed Base Funding,Current modeled funding versus all proposed funding,FALSE,TRUE,FALSE,Partial because the current model has missing inputs or rates,Preliminary arithmetic comparison only; at least one model has missing inputs or rates,321704.74269718846,1089028.2088871151,TRUE,835,83,19,835,0,1410732.9515843035,9851447.471584303,566118.2299999995,7.189171471798709,,1976851.1815843033,25.104159105841646,,7.189171471798709,25.104159105841646,Increase,Increase,9430.654239520958,10108.640143712575,1689.5005408195252,11798.1406845321,TRUE,Bryan Allen Stevenson School of Excellence,Fixed pools redistributed across the adjusted reporting scope
School,2026,2025-09-30,29,Appoquinimink School District,District,TRUE,22,Cedar Lane Early Childhood Center,Matched,2183858.6,119078.35,288969.76,2591906.71,1,,0,,1,1,total,Districts use one school code per calculation unit; charters use calculator building rows and retain the shared charter totals; student enrollment categories use largest remainder,2824220.3,0,2824220.3,0,,0,,Current modeled funding versus proposed Base Funding,Current modeled funding versus all proposed funding,FALSE,TRUE,FALSE,Partial because the current model has missing inputs or rates,Preliminary arithmetic comparison only; at least one model has missing inputs or rates,114606.23117562837,331485.08764112217,TRUE,270,12,32,270,0,446091.31881675054,3270311.61881675,232313.58999999985,8.963038256882319,,678404.9088167502,26.17397093033299,,8.963038256882319,26.17397093033299,Increase,Increase,9599.65448148148,10460.075185185184,1652.1900696916687,12112.265254876853,TRUE,Bryan Allen Stevenson School of Excellence,Fixed pools redistributed across the adjusted reporting scope
School,2026,2025-09-30,29,Appoquinimink School District,District,TRUE,11,Cedar Lane Elementary School,Matched,4959502.45,342737.29,622308.18,5924547.91,1,,0,,1,1,total,Districts use one school code per calculation unit; charters use calculator building rows and retain the shared charter totals; student enrollment categories use largest remainder,6399624.75,0,6399624.75,0,,0,,Current modeled funding versus proposed Base Funding,Current modeled funding versus all proposed funding,FALSE,TRUE,FALSE,Partial because the current model has missing inputs or rates,Preliminary arithmetic comparison only; at least one model has missing inputs or rates,164034.50201109814,747475.940927582,TRUE,625,24,36,625,0,911510.4429386801,7311135.19293868,475076.83999999985,8.018786365084857,,1386587.2829386797,23.404102794042217,,8.018786365084857,23.404102794042217,Increase,Increase,9479.276656,10239.3996,1458.4167087018882,11697.816308701887,TRUE,Bryan Allen Stevenson School of Excellence,Fixed pools redistributed across the adjusted reporting scope
School,2026,2025-09-30,29,Appoquinimink School District,District,TRUE,37,Crystal Run Elementary School,Matched,3656602.2,189502.27,444938.29,4291042.76,1,,0,,1,1,total,Districts use one school code per calculation unit; charters use calculator building rows and retain the shared charter totals; student enrollment categories use largest remainder,4626476.85,0,4626476.85,0,,0,,Current modeled funding versus proposed Base Funding,Current modeled funding versus all proposed funding,FALSE,TRUE,FALSE,Partial because the current model has missing inputs or rates,Preliminary arithmetic comparison only; at least one model has missing inputs or rates,138552.6930483234,553564.8085585751,TRUE,427,31,15,427,0,692117.5016068985,5318594.351606898,335434.08999999985,7.817076378889309,,1027551.5916068982,23.946430951130825,,7.817076378889309,23.946430951130825,Increase,Increase,10049.280468384075,10834.840398126464,1620.8840787046804,12455.724476831143,TRUE,Bryan Allen Stevenson School of Excellence,Fixed pools redistributed across the adjusted reporting scope
School,2026,2025-09-30,29,Appoquinimink School District,District,TRUE,35,Lorewood Grove Elementary School,Matched,4909501.85,318131.22,589423.17,5817056.24,1,,0,,1,1,total,Districts use one school code per calculation unit; charters use calculator building rows and retain the shared charter totals; student enrollment categories use largest remainder,6338425.25,0,6338425.25,0,,0,,Current modeled funding versus proposed Base Funding,Current modeled funding versus all proposed funding,FALSE,TRUE,FALSE,Partial because the current model has missing inputs or rates,Preliminary arithmetic comparison only; at least one model has missing inputs or rates,246472.735283282,808545.8312274747,TRUE,562,41,47,562,0,1055018.5665107567,7393443.8165107565,521369.0099999998,8.962763784453282,,1576387.5765107563,27.099404088119254,,8.962763784453282,27.099404088119254,Increase,Increase,10350.633879003559,11278.336743772243,1877.2572357842646,13155.593979556506,TRUE,Bryan Allen Stevenson School of Excellence,Fixed pools redistributed across the adjusted reporting scope
School,2026,2025-09-30,29,Appoquinimink School District,District,TRUE,20,Loss (Olive B.) Elementary School,Matched,3570062.7,216545.87,482521.16,4269129.73,1,,0,,1,1,total,Districts use one school code per calculation unit; charters use calculator building rows and retain the shared charter totals; student enrollment categories use largest remainder,4522343.77,0,4522343.77,0,,0,,Current modeled funding versus proposed Base Funding,Current modeled funding versus all proposed funding,FALSE,TRUE,FALSE,Partial because the current model has missing inputs or rates,Preliminary arithmetic comparison only; at least one model has missing inputs or rates,247909.02772238883,597704.2712147426,TRUE,499,47,39,499,0,845613.2989371314,5367957.068937131,253214.0399999991,5.931280050372212,,1098827.3389371308,25.738907187932437,,5.931280050372212,25.738907187932437,Increase,Increase,8555.370200400803,9062.813166332664,1694.6158295333296,10757.428995865994,TRUE,Bryan Allen Stevenson School of Excellence,Fixed pools redistributed across the adjusted reporting scope
School,2026,2025-09-30,29,Appoquinimink School District,District,TRUE,17,Meredith (Everett) Middle School,Matched,5973586.7,422413.72,795502.19,7191502.62,1,,0,,1,1,total,Districts use one school code per calculation unit; charters use calculator building rows and retain the shared charter totals; student enrollment categories use largest remainder,7736314.69,0,7736314.69,0,,0,,Current modeled funding versus proposed Base Funding,Current modeled funding versus all proposed funding,FALSE,TRUE,FALSE,Partial because the current model has missing inputs or rates,Preliminary arithmetic comparison only; at least one model has missing inputs or rates,391662.08994678874,1183893.8999974413,TRUE,815,90,39,815,0,1575555.98994423,9311870.67994423,544812.0700000003,7.575775172282428,,2120368.05994423,29.484353576502347,,7.575775172282428,29.484353576502347,Increase,Increase,8823.929595092024,9492.410662576687,1933.197533673902,11425.608196250589,TRUE,Bryan Allen Stevenson School of Excellence,Fixed pools redistributed across the adjusted reporting scope
School,2026,2025-09-30,29,Appoquinimink School District,District,TRUE,18,Middletown High School,Matched,10446015.3,925487.07,740170,12111672.37,1,,0,,1,1,total,Districts use one school code per calculation unit; charters use calculator building rows and retain the shared charter totals; student enrollment categories use largest remainder,13347023.43,0,13347023.43,0,,0,,Current modeled funding versus proposed Base Funding,Current modeled funding versus all proposed funding,FALSE,TRUE,FALSE,Partial because the current model has missing inputs or rates,Preliminary arithmetic comparison only; at least one model has missing inputs or rates,533087.3678733258,1904258.3876281066,TRUE,1210,133,38,0,328,2437345.7555014323,15784369.185501432,1235351.0600000005,10.199673688828495,,3672696.815501433,30.323614306134285,,10.199673688828495,30.323614306134285,Increase,Increase,10009.646586776858,11030.597876033058,2014.3353351251508,13044.933211158208,TRUE,Bryan Allen Stevenson School of Excellence,Fixed pools redistributed across the adjusted reporting scope
School,2026,2025-09-30,29,Appoquinimink School District,District,TRUE,34,Odessa High School,Matched,9251159.65,942148.32,666153,10859460.97,1,,0,,1,1,total,Districts use one school code per calculation unit; charters use calculator building rows and retain the shared charter totals; student enrollment categories use largest remainder,11999339.41,0,11999339.41,0,,0,,Current modeled funding versus proposed Base Funding,Current modeled funding versus all proposed funding,FALSE,TRUE,FALSE,Partial because the current model has missing inputs or rates,Preliminary arithmetic comparison only; at least one model has missing inputs or rates,398595.91551489074,1634753.9529651182,TRUE,1260,106,19,0,335,2033349.868480009,14032689.278480008,1139878.4399999995,10.496639226836315,,3173228.3084800076,29.220863883080998,,10.496639226836315,29.220863883080998,Increase,Increase,8618.619817460318,9523.285246031746,1613.769736888896,11137.054982920641,TRUE,Bryan Allen Stevenson School of Excellence,Fixed pools redistributed across the adjusted reporting scope
School,2026,2025-09-30,29,Appoquinimink School District,District,TRUE,32,Old State Elementary School,Matched,6113973,401927.9,766271.07,7282171.97,1,,0,,1,1,total,Districts use one school code per calculation unit; charters use calculator building rows and retain the shared charter totals; student enrollment categories use largest remainder,7904819.89,0,7904819.89,0,,0,,Current modeled funding versus proposed Base Funding,Current modeled funding versus all proposed funding,FALSE,TRUE,FALSE,Partial because the current model has missing inputs or rates,Preliminary arithmetic comparison only; at least one model has missing inputs or rates,281711.427366886,964725.366926508,TRUE,759,78,9,759,0,1246436.794293394,9151256.684293393,622647.9199999999,8.55030508157582,,1869084.7142933933,25.666583019370705,,8.55030508157582,25.666583019370705,Increase,Increase,9594.429472990778,10414.782463768115,1642.2092151428117,12056.991678910927,TRUE,Bryan Allen Stevenson School of Excellence,Fixed pools redistributed across the adjusted reporting scope
School,2026,2025-09-30,29,Appoquinimink School District,District,TRUE,16,Redding (Louis L.) Middle School,Matched,4824885.45,312111.92,582115.39,5719112.76,1,,0,,1,1,total,Districts use one school code per calculation unit; charters use calculator building rows and retain the shared charter totals; student enrollment categories use largest remainder,6237136.19,0,6237136.19,0,,0,,Current modeled funding versus proposed Base Funding,Current modeled funding versus all proposed funding,FALSE,TRUE,FALSE,Partial because the current model has missing inputs or rates,Preliminary arithmetic comparison only; at least one model has missing inputs or rates,458647.7976672025,1025502.5120798234,TRUE,548,117,29,548,0,1484150.3097470258,7721286.499747027,518023.43000000063,9.057758637372986,,2002173.739747027,35.00846763767999,,9.057758637372986,35.00846763767999,Increase,Increase,10436.33715328467,11381.63538321168,2708.303484939828,14089.938868151508,TRUE,Bryan Allen Stevenson School of Excellence,Fixed pools redistributed across the adjusted reporting scope
School,2026,2025-09-30,29,Appoquinimink School District,District,TRUE,10,Silver Lake Elementary School,Matched,3950836.5,234017.23,502356.56,4687210.29,1,,0,,1,1,total,Districts use one school code per calculation unit; charters use calculator building rows and retain the shared charter totals; student enrollment categories use largest remainder,4978735.23,0,4978735.23,0,,0,,Current modeled funding versus proposed Base Funding,Current modeled funding versus all proposed funding,FALSE,TRUE,FALSE,Partial because the current model has missing inputs or rates,Preliminary arithmetic comparison only; at least one model has missing inputs or rates,415484.73350576765,769041.5000587825,TRUE,537,102,32,537,0,1184526.23356455,6163261.4635645505,291524.9400000004,6.219583120090829,,1476051.1735645505,31.491038000015795,,6.219583120090829,31.491038000015795,Increase,Increase,8728.510782122905,9271.38776536313,2205.8216639935754,11477.209429356704,TRUE,Bryan Allen Stevenson School of Excellence,Fixed pools redistributed across the adjusted reporting scope
School,2026,2025-09-30,29,Appoquinimink School District,District,TRUE,29,Spring Meadow Early Childhood Center,Matched,2269436.55,92412.17,251908.87,2613757.59,1,,0,,1,1,total,Districts use one school code per calculation unit; charters use calculator building rows and retain the shared charter totals; student enrollment categories use largest remainder,2928405.82,0,2928405.82,0,,0,,Current modeled funding versus proposed Base Funding,Current modeled funding versus all proposed funding,FALSE,TRUE,FALSE,Partial because the current model has missing inputs or rates,Preliminary arithmetic comparison only; at least one model has missing inputs or rates,99574.68789049302,352221.2021903534,TRUE,199,27,4,199,0,451795.89008084644,3380201.710080846,314648.23,12.038156530039958,,766444.1200808464,29.323458419143087,,12.038156530039958,29.323458419143087,Increase,Increase,13134.460251256281,14715.60713567839,2270.3311059339017,16985.938241612293,TRUE,Bryan Allen Stevenson School of Excellence,Fixed pools redistributed across the adjusted reporting scope
School,2026,2025-09-30,29,Appoquinimink School District,District,TRUE,27,Townsend Early Childhood Center,Matched,1964625.2,87433.74,174237.98,2226296.92,1,,0,,1,1,total,Districts use one school code per calculation unit; charters use calculator building rows and retain the shared charter totals; student enrollment categories use largest remainder,2474499.43,0,2474499.43,0,,0,,Current modeled funding versus proposed Base Funding,Current modeled funding versus all proposed funding,FALSE,TRUE,FALSE,Partial because the current model has missing inputs or rates,Preliminary arithmetic comparison only; at least one model has missing inputs or rates,134912.43462506984,327061.38320395286,TRUE,192,32,12,192,0,461973.8178290227,2936473.247829023,248202.51000000024,11.148670591522007,,710176.3278290229,31.89944348613764,,11.148670591522007,31.89944348613764,Increase,Increase,11595.296458333332,12888.017864583335,2406.11363452616,15294.131499109493,TRUE,Bryan Allen Stevenson School of Excellence,Fixed pools redistributed across the adjusted reporting scope
School,2026,2025-09-30,29,Appoquinimink School District,District,TRUE,14,Townsend Elementary School,Matched,3281597.7,193228.28,453812.02,3928638,1,,0,,1,1,total,Districts use one school code per calculation unit; charters use calculator building rows and retain the shared charter totals; student enrollment categories use largest remainder,4102600.03,0,4102600.03,0,,0,,Current modeled funding versus proposed Base Funding,Current modeled funding versus all proposed funding,FALSE,TRUE,FALSE,Partial because the current model has missing inputs or rates,Preliminary arithmetic comparison only; at least one model has missing inputs or rates,188996.27405626525,529120.5888193636,TRUE,444,44,18,444,0,718116.8628756289,4820716.892875629,173962.0299999998,4.42804936469076,,892078.8928756285,22.707077945986075,,4.42804936469076,22.707077945986075,Increase,Increase,8848.283783783783,9240.090157657658,1617.380321791957,10857.470479449614,TRUE,Bryan Allen Stevenson School of Excellence,Fixed pools redistributed across the adjusted reporting scope
School,2026,2025-09-30,29,Appoquinimink School District,District,TRUE,23,Waters (Alfred G.) Middle School,Matched,7001483.65,489354.43,949904.77,8440742.85,1,,0,,1,1,total,Districts use one school code per calculation unit; charters use calculator building rows and retain the shared charter totals; student enrollment categories use largest remainder,9044403.98,0,9044403.98,0,,0,,Current modeled funding versus proposed Base Funding,Current modeled funding versus all proposed funding,FALSE,TRUE,FALSE,Partial because the current model has missing inputs or rates,Preliminary arithmetic comparison only; at least one model has missing inputs or rates,238003.5626251003,1249257.385780469,TRUE,969,51,29,969,0,1487260.9484055694,10531664.92840557,603661.1300000008,7.151753592398575,,2090922.0784055702,24.771777976929727,,7.151753592398575,24.771777976929727,Increase,Increase,8710.77693498452,9333.750237358101,1534.8410200263875,10868.591257384489,TRUE,Bryan Allen Stevenson School of Excellence,Fixed pools redistributed across the adjusted reporting scope
School,2026,2025-09-30,31,Brandywine School District,District,TRUE,190,Brandywine High School,Matched,6889943.85,608903.94,444102,7942949.79,1,,0,,1,1,total,Districts use one school code per calculation unit; charters use calculator building rows and retain the shared charter totals; student enrollment categories use largest remainder,8910158.92,0,8910158.92,0,,0,,Current modeled funding versus proposed Base Funding,Current modeled funding versus all proposed funding,FALSE,TRUE,FALSE,Partial because the current model has missing inputs or rates,Preliminary arithmetic comparison only; at least one model has missing inputs or rates,816705.5972714399,1541693.5235920192,TRUE,862,206,55,0,210,2358399.120863459,11268558.040863458,967209.1299999999,12.176951328808537,,3325608.250863458,41.86868026095703,,12.176951328808537,41.86868026095703,Increase,Increase,9214.558921113688,10336.611276102089,2735.9618571501846,13072.573133252272,TRUE,Bryan Allen Stevenson School of Excellence,Fixed pools redistributed across the adjusted reporting scope
School,2026,2025-09-30,31,Brandywine School District,District,TRUE,510,Bush (Charles W.) Pre-School,Matched,6472631.15,220384.86,444102,7137118.01,1,,0,,1,1,total,Districts use one school code per calculation unit; charters use calculator building rows and retain the shared charter totals; student enrollment categories use largest remainder,8335269.47,0,8335269.47,0,,0,,Current modeled funding versus proposed Base Funding,Current modeled funding versus all proposed funding,FALSE,TRUE,FALSE,Partial because the current model has missing inputs or rates,Preliminary arithmetic comparison only; at least one model has missing inputs or rates,257418.27421578582,1172623.2118542122,TRUE,280,77,0,0,0,1430041.486069998,9765310.956069998,1198151.46,16.787608924516018,,2628192.9460699987,36.82428877296928,,16.787608924516018,36.82428877296928,Increase,Increase,25489.70717857143,29768.819535714283,5107.291021678564,34876.11055739285,TRUE,Bryan Allen Stevenson School of Excellence,Fixed pools redistributed across the adjusted reporting scope
School,2026,2025-09-30,31,Brandywine School District,District,TRUE,112,Carrcroft Elementary School,Matched,3697948.85,201350.97,460597.82,4359897.64,1,,0,,1,1,total,Districts use one school code per calculation unit; charters use calculator building rows and retain the shared charter totals; student enrollment categories use largest remainder,4676300.56,0,4676300.56,0,,0,,Current modeled funding versus proposed Base Funding,Current modeled funding versus all proposed funding,FALSE,TRUE,FALSE,Partial because the current model has missing inputs or rates,Preliminary arithmetic comparison only; at least one model has missing inputs or rates,543958.6158175999,825411.2043941828,TRUE,457,146,24,457,0,1369369.8202117826,6045670.380211782,316402.9199999999,7.257118082249288,,1685772.740211782,38.665420140730234,,7.257118082249288,38.665420140730234,Increase,Increase,9540.257417943107,10232.605164113784,2996.432866984207,13229.03803109799,TRUE,Bryan Allen Stevenson School of Excellence,Fixed pools redistributed across the adjusted reporting scope
School,2026,2025-09-30,31,Brandywine School District,District,TRUE,151,Claymont Elementary School,Matched,8182877.6,475284.55,994168.67,9652330.82,1,,0,,1,1,total,Districts use one school code per calculation unit; charters use calculator building rows and retain the shared charter totals; student enrollment categories use largest remainder,10508973.15,0,10508973.15,0,,0,,Current modeled funding versus proposed Base Funding,Current modeled funding versus all proposed funding,FALSE,TRUE,FALSE,Partial because the current model has missing inputs or rates,Preliminary arithmetic comparison only; at least one model has missing inputs or rates,1266364.1853628529,1906226.285557877,TRUE,912,266,162,912,0,3172590.47092073,13681563.62092073,856642.3300000001,8.8749789659613,,4029232.8009207305,41.743625203686605,,8.8749789659613,41.743625203686605,Increase,Increase,10583.696074561403,11522.996875,3478.7176216236076,15001.714496623608,TRUE,Bryan Allen Stevenson School of Excellence,Fixed pools redistributed across the adjusted reporting scope
School,2026,2025-09-30,31,Brandywine School District,District,TRUE,194,Concord High School,Matched,8530958.7,768667.88,592136,9891762.58,1,,0,,1,1,total,Districts use one school code per calculation unit; charters use calculator building rows and retain the shared charter totals; student enrollment categories use largest remainder,10999826.34,0,10999826.34,0,,0,,Current modeled funding versus proposed Base Funding,Current modeled funding versus all proposed funding,FALSE,TRUE,FALSE,Partial because the current model has missing inputs or rates,Preliminary arithmetic comparison only; at least one model has missing inputs or rates,758808.1537777884,1715811.8313285445,TRUE,997,204,33,0,248,2474619.985106333,13474446.325106334,1108063.7599999998,11.201883901261201,,3582683.745106334,36.21886105869652,,11.201883901261201,36.21886105869652,Increase,Increase,9921.527161484453,11032.925115346037,2482.066183657305,13514.991299003344,TRUE,Bryan Allen Stevenson School of Excellence,Fixed pools redistributed across the adjusted reporting scope
School,2026,2025-09-30,31,Brandywine School District,District,TRUE,124,Forwood Elementary School,Matched,4004683.3,176343.46,423536.93,4604563.7,1,,0,,1,1,total,Districts use one school code per calculation unit; charters use calculator building rows and retain the shared charter totals; student enrollment categories use largest remainder,5131535.99,0,5131535.99,0,,0,,Current modeled funding versus proposed Base Funding,Current modeled funding versus all proposed funding,FALSE,TRUE,FALSE,Partial because the current model has missing inputs or rates,Preliminary arithmetic comparison only; at least one model has missing inputs or rates,330297.73366908624,749492.6297151151,TRUE,386,80,27,386,0,1079790.3633842012,6211326.353384201,526972.29,11.444565095277104,,1606762.6533842012,34.895003263484035,,11.444565095277104,34.895003263484035,Increase,Increase,11928.921502590674,13294.134689119172,2797.384361098967,16091.519050218138,TRUE,Bryan Allen Stevenson School of Excellence,Fixed pools redistributed across the adjusted reporting scope
School,2026,2025-09-30,31,Brandywine School District,District,TRUE,110,Hanby Elementary School,Matched,4297956.05,289698.19,557060.14,5144714.38,1,,0,,1,1,total,Districts use one school code per calculation unit; charters use calculator building rows and retain the shared charter totals; student enrollment categories use largest remainder,5605088.59,0,5605088.59,0,,0,,Current modeled funding versus proposed Base Funding,Current modeled funding versus all proposed funding,FALSE,TRUE,FALSE,Partial because the current model has missing inputs or rates,Preliminary arithmetic comparison only; at least one model has missing inputs or rates,350059.13653817686,784849.737973961,TRUE,500,88,24,500,0,1134908.8745121378,6739997.464512138,460374.20999999996,8.948489187071257,,1595283.0845121378,31.008195337602743,,8.948489187071257,31.008195337602743,Increase,Increase,10289.428759999999,11210.17718,2269.8177490242756,13479.994929024275,TRUE,Bryan Allen Stevenson School of Excellence,Fixed pools redistributed across the adjusted reporting scope
School,2026,2025-09-30,31,Brandywine School District,District,TRUE,156,Harlan (David W. ) Elementary School,Matched,4418149.8,229060.44,473542.66,5120752.9,1,,0,,1,1,total,Districts use one school code per calculation unit; charters use calculator building rows and retain the shared charter totals; student enrollment categories use largest remainder,5748225.31,0,5748225.31,0,,0,,Current modeled funding versus proposed Base Funding,Current modeled funding versus all proposed funding,FALSE,TRUE,FALSE,Partial because the current model has missing inputs or rates,Preliminary arithmetic comparison only; at least one model has missing inputs or rates,564141.0009533253,978565.7069119164,TRUE,340,159,14,340,0,1542706.7078652417,7290932.0178652415,627472.4099999992,12.253518618326598,,2170179.117865241,42.38007887209791,,12.253518618326598,42.38007887209791,Increase,Increase,15061.037941176472,16906.54502941176,4537.372670191888,21443.91769960365,TRUE,Bryan Allen Stevenson School of Excellence,Fixed pools redistributed across the adjusted reporting scope
School,2026,2025-09-30,31,Brandywine School District,District,TRUE,128,Lancashire Elementary School,Matched,3972952.15,228798.42,495048.78,4696799.35,1,,0,,1,1,total,Districts use one school code per calculation unit; charters use calculator building rows and retain the shared charter totals; student enrollment categories use largest remainder,5006114.95,0,5006114.95,0,,0,,Current modeled funding versus proposed Base Funding,Current modeled funding versus all proposed funding,FALSE,TRUE,FALSE,Partial because the current model has missing inputs or rates,Preliminary arithmetic comparison only; at least one model has missing inputs or rates,348920.00805198867,729813.6504174131,TRUE,523,80,35,523,0,1078733.6584694018,6084848.608469402,309315.60000000056,6.585667748399782,,1388049.2584694028,29.553088284884957,,6.585667748399782,29.553088284884957,Increase,Increase,8980.495889101338,9571.921510516253,2062.5882571116667,11634.50976762792,TRUE,Bryan Allen Stevenson School of Excellence,Fixed pools redistributed across the adjusted reporting scope
School,2026,2025-09-30,31,Brandywine School District,District,TRUE,130,Lombardy Elementary School,Matched,3924874.65,200745.2,457465.91,4583085.76,1,,0,,1,1,total,Districts use one school code per calculation unit; charters use calculator building rows and retain the shared charter totals; student enrollment categories use largest remainder,4947917.89,0,4947917.89,0,,0,,Current modeled funding versus proposed Base Funding,Current modeled funding versus all proposed funding,FALSE,TRUE,FALSE,Partial because the current model has missing inputs or rates,Preliminary arithmetic comparison only; at least one model has missing inputs or rates,365164.97081154195,749427.575238098,TRUE,451,96,19,451,0,1114592.54604964,6062510.43604964,364832.1299999999,7.960403734622672,,1479424.6760496404,32.28010021024875,,7.960403734622672,32.28010021024875,Increase,Increase,10162.05268292683,10970.99310421286,2471.38036818102,13442.373472393881,TRUE,Bryan Allen Stevenson School of Excellence,Fixed pools redistributed across the adjusted reporting scope
School,2026,2025-09-30,31,Brandywine School District,District,TRUE,132,Maple Lane Elementary School,Matched,3824873.45,168840.97,415185.19,4408899.6,1,,0,,1,1,total,Districts use one school code per calculation unit; charters use calculator building rows and retain the shared charter totals; student enrollment categories use largest remainder,4828316.25,0,4828316.25,0,,0,,Current modeled funding versus proposed Base Funding,Current modeled funding versus all proposed funding,FALSE,TRUE,FALSE,Partial because the current model has missing inputs or rates,Preliminary arithmetic comparison only; at least one model has missing inputs or rates,459539.2895259584,802723.4555344357,TRUE,370,111,38,370,0,1262262.745060394,6090578.995060394,419416.6500000004,9.512955341509715,,1681679.395060394,38.14283716191664,,9.512955341509715,38.14283716191664,Increase,Increase,11915.944864864863,13049.503378378378,3411.52093259566,16461.024310974037,TRUE,Bryan Allen Stevenson School of Excellence,Fixed pools redistributed across the adjusted reporting scope
School,2026,2025-09-30,31,Brandywine School District,District,TRUE,176,Mount Pleasant Elementary School,Matched,5461203.4,356999.48,711462.72,6529665.6,1,,0,,1,1,total,Districts use one school code per calculation unit; charters use calculator building rows and retain the shared charter totals; student enrollment categories use largest remainder,6969335.06,0,6969335.06,0,,0,,Current modeled funding versus proposed Base Funding,Current modeled funding versus all proposed funding,FALSE,TRUE,FALSE,Partial because the current model has missing inputs or rates,Preliminary arithmetic comparison only; at least one model has missing inputs or rates,732360.561968028,1182332.5925490286,TRUE,654,194,36,654,0,1914693.1545170564,8884028.214517057,439669.45999999996,6.7334146483703545,,2354362.6145170573,36.05640409084743,,6.7334146483703545,36.05640409084743,Increase,Increase,9984.198165137614,10656.475626911315,2927.665373879291,13584.141000790607,TRUE,Bryan Allen Stevenson School of Excellence,Fixed pools redistributed across the adjusted reporting scope
School,2026,2025-09-30,31,Brandywine School District,District,TRUE,196,Mount Pleasant High School,Matched,8216531.85,720539.9,518119,9455190.75,1,,0,,1,1,total,Districts use one school code per calculation unit; charters use calculator building rows and retain the shared charter totals; student enrollment categories use largest remainder,10550107.46,0,10550107.46,0,,0,,Current modeled funding versus proposed Base Funding,Current modeled funding versus all proposed funding,FALSE,TRUE,FALSE,Partial because the current model has missing inputs or rates,Preliminary arithmetic comparison only; at least one model has missing inputs or rates,901595.4331552025,1774490.9695980554,TRUE,1019,230,57,0,265,2676086.402753258,13226193.862753259,1094916.710000001,11.580059450413529,,3771003.112753259,39.88288774346788,,11.580059450413529,39.88288774346788,Increase,Increase,9278.891805691856,10353.392993130521,2626.1888152632564,12979.581808393777,TRUE,Bryan Allen Stevenson School of Excellence,Fixed pools redistributed across the adjusted reporting scope
School,2026,2025-09-30,31,Brandywine School District,District,TRUE,178,Springer Middle School,Matched,6622632.95,409204.43,844985.93,7876823.31,1,,0,,1,1,total,Districts use one school code per calculation unit; charters use calculator building rows and retain the shared charter totals; student enrollment categories use largest remainder,8516197.26,0,8516197.26,0,,0,,Current modeled funding versus proposed Base Funding,Current modeled funding versus all proposed funding,FALSE,TRUE,FALSE,Partial because the current model has missing inputs or rates,Preliminary arithmetic comparison only; at least one model has missing inputs or rates,659530.6298402139,1418691.771171756,TRUE,768,175,32,768,0,2078222.40101197,10594419.66101197,639373.9500000002,8.117154909242215,,2717596.35101197,34.501171907231345,,8.117154909242215,34.501171907231345,Increase,Increase,10256.2803515625,11088.798515625,2706.0187513176693,13794.81726694267,TRUE,Bryan Allen Stevenson School of Excellence,Fixed pools redistributed across the adjusted reporting scope
School,2026,2025-09-30,31,Brandywine School District,District,TRUE,180,Talley Middle School,Matched,7264948.35,462483.92,984772.95,8712205.22,1,,0,,1,1,total,Districts use one school code per calculation unit; charters use calculator building rows and retain the shared charter totals; student enrollment categories use largest remainder,9359602.19,0,9359602.19,0,,0,,Current modeled funding versus proposed Base Funding,Current modeled funding versus all proposed funding,FALSE,TRUE,FALSE,Partial because the current model has missing inputs or rates,Preliminary arithmetic comparison only; at least one model has missing inputs or rates,936512.1976231446,1682146.1394721456,TRUE,894,230,72,894,0,2618658.3370952904,11978260.52709529,647396.9699999988,7.430919654117132,,3266055.307095289,37.4882733432132,,7.430919654117132,37.4882733432132,Increase,Increase,9745.195995525728,10469.353680089485,2929.1480280707947,13398.50170816028,TRUE,Bryan Allen Stevenson School of Excellence,Fixed pools redistributed across the adjusted reporting scope
School,2026,2025-09-30,31,Brandywine School District,District,TRUE,170,duPont (Pierre S.) Middle School,Matched,5458318.75,358131.7,713028.68,6529479.13,1,,0,,1,1,total,Districts use one school code per calculation unit; charters use calculator building rows and retain the shared charter totals; student enrollment categories use largest remainder,6965877.86,0,6965877.86,0,,0,,Current modeled funding versus proposed Base Funding,Current modeled funding versus all proposed funding,FALSE,TRUE,FALSE,Partial because the current model has missing inputs or rates,Preliminary arithmetic comparison only; at least one model has missing inputs or rates,677979.5585839138,1232099.2674671835,TRUE,657,184,27,657,0,1910078.8260510974,8875956.686051097,436398.73000000045,6.683515197941991,,2346477.556051097,35.93667288513252,,6.683515197941991,35.93667288513252,Increase,Increase,9938.324398782344,10602.553820395739,2907.2737078403306,13509.827528236068,TRUE,Bryan Allen Stevenson School of Excellence,Fixed pools redistributed across the adjusted reporting scope
School,2026,2025-09-30,10,Caesar Rodney School District,District,TRUE,610,Allen Frear Elementary School,Matched,3474869.25,225062.8,495048.78,4194980.83,1,,0,,1,1,total,Districts use one school code per calculation unit; charters use calculator building rows and retain the shared charter totals; student enrollment categories use largest remainder,4408171.74,0,4408171.74,0,,0,,Current modeled funding versus proposed Base Funding,Current modeled funding versus all proposed funding,FALSE,TRUE,FALSE,Partial because the current model has missing inputs or rates,Preliminary arithmetic comparison only; at least one model has missing inputs or rates,389160.9600097233,669849.6862268129,TRUE,523,99,25,523,0,1059010.646236536,5467182.386236536,213190.91000000015,5.082047299844279,,1272201.5562365362,30.32675494339592,,5.082047299844279,30.32675494339592,Increase,Increase,8020.99585086042,8428.626653919695,2024.8769526511207,10453.503606570815,TRUE,Bryan Allen Stevenson School of Excellence,Fixed pools redistributed across the adjusted reporting scope
School,2026,2025-09-30,10,Caesar Rodney School District,District,TRUE,626,Caesar Rodney High School,Matched,15619413.85,1607281.31,1036238,18262933.16,1,,0,,1,1,total,Districts use one school code per calculation unit; charters use calculator building rows and retain the shared charter totals; student enrollment categories use largest remainder,20138055.38,0,20138055.38,0,,0,,Current modeled funding versus proposed Base Funding,Current modeled funding versus all proposed funding,FALSE,TRUE,FALSE,Partial because the current model has missing inputs or rates,Preliminary arithmetic comparison only; at least one model has missing inputs or rates,1942511.2329037685,3534312.1546287336,TRUE,2256,478,148,0,556,5476823.387532502,25614878.7675325,1875122.2199999988,10.26736616496492,,7351945.607532501,40.256105320666364,,10.26736616496492,40.256105320666364,Increase,Increase,8095.271790780142,8926.442987588653,2427.6699412821376,11354.112928870789,TRUE,Bryan Allen Stevenson School of Excellence,Fixed pools redistributed across the adjusted reporting scope
School,2026,2025-09-30,10,Caesar Rodney School District,District,TRUE,623,David E. Robinson Elementary School,Matched,3501792.65,211033.78,475735.36,4188561.8,1,,0,,1,1,total,Districts use one school code per calculation unit; charters use calculator building rows and retain the shared charter totals; student enrollment categories use largest remainder,4441845.95,0,4441845.95,0,,0,,Current modeled funding versus proposed Base Funding,Current modeled funding versus all proposed funding,FALSE,TRUE,FALSE,Partial because the current model has missing inputs or rates,Preliminary arithmetic comparison only; at least one model has missing inputs or rates,593857.3962451909,844455.9025409669,TRUE,486,147,44,486,0,1438313.2987861577,5880159.248786158,253284.15000000037,6.047043402821474,,1691597.448786158,40.38611651345715,,6.047043402821474,40.38611651345715,Increase,Increase,8618.439917695472,9139.60072016461,2959.492384333658,12099.093104498268,TRUE,Bryan Allen Stevenson School of Excellence,Fixed pools redistributed across the adjusted reporting scope
Vocational/program record,2026,2025-09-30,10,Caesar Rodney School District,District,TRUE,,Dover AFB Choice,Matched,10577.05,0,0,10577.05,0,,0,,0,0,total,Districts use one school code per calculation unit; charters use calculator building rows and retain the shared charter totals; student enrollment categories use largest remainder,10577.05,0,10577.05,0,,0,,Current modeled funding versus proposed Base Funding,Current modeled funding versus all proposed funding,TRUE,TRUE,TRUE,Complete,Complete modeled comparison,0,0,FALSE,0,0,0,0,0,0,10577.05,0,0,0,0,0,0,0,0,No material change,No material change,,,,,TRUE,Bryan Allen Stevenson School of Excellence,Fixed pools redistributed across the adjusted reporting scope
Vocational/program record,2026,2025-09-30,10,Caesar Rodney School District,District,TRUE,,Dover Air Force Base Middle School,Matched,22115.65,0,0,22115.65,0,,0,,0,0,total,Districts use one school code per calculation unit; charters use calculator building rows and retain the shared charter totals; student enrollment categories use largest remainder,22115.65,0,22115.65,0,,0,,Current modeled funding versus proposed Base Funding,Current modeled funding versus all proposed funding,TRUE,TRUE,TRUE,Complete,Complete modeled comparison,0,0,FALSE,0,0,0,0,0,0,22115.65,0,0,0,0,0,0,0,0,No material change,No material change,,,,,TRUE,Bryan Allen Stevenson School of Excellence,Fixed pools redistributed across the adjusted reporting scope
School,2026,2025-09-30,10,Caesar Rodney School District,District,TRUE,621,F. Niel Postlethwait Middle School,Matched,5913970.6,382350.74,741737.81,7038059.15,1,,0,,1,1,total,Districts use one school code per calculation unit; charters use calculator building rows and retain the shared charter totals; student enrollment categories use largest remainder,7455756.95,0,7455756.95,0,,0,,Current modeled funding versus proposed Base Funding,Current modeled funding versus all proposed funding,FALSE,TRUE,FALSE,Partial because the current model has missing inputs or rates,Preliminary arithmetic comparison only; at least one model has missing inputs or rates,725129.5724470073,1334755.2322003187,TRUE,712,180,53,712,0,2059884.804647326,9515641.754647326,417697.7999999998,5.934843556976923,,2477582.6046473254,35.20263970284088,,5.934843556976923,35.20263970284088,Increase,Increase,9884.914536516855,10471.56875,2893.0966357406264,13364.665385740625,TRUE,Bryan Allen Stevenson School of Excellence,Fixed pools redistributed across the adjusted reporting scope
School,2026,2025-09-30,10,Caesar Rodney School District,District,TRUE,625,Fred Fifer III Middle School,Matched,5918778.35,397002.36,761573.21,7077353.92,1,,0,,1,1,total,Districts use one school code per calculation unit; charters use calculator building rows and retain the shared charter totals; student enrollment categories use largest remainder,7461809.43,0,7461809.43,0,,0,,Current modeled funding versus proposed Base Funding,Current modeled funding versus all proposed funding,FALSE,TRUE,FALSE,Partial because the current model has missing inputs or rates,Preliminary arithmetic comparison only; at least one model has missing inputs or rates,777009.445894056,1385676.6240855288,TRUE,750,199,48,750,0,2162686.069979585,9624495.499979585,384455.5099999998,5.43219279897196,,2547141.5799795855,35.99002690513442,,5.43219279897196,35.99002690513442,Increase,Increase,9436.471893333333,9949.07924,2883.5814266394464,12832.660666639447,TRUE,Bryan Allen Stevenson School of Excellence,Fixed pools redistributed across the adjusted reporting scope
School,2026,2025-09-30,10,Caesar Rodney School District,District,TRUE,611,J. Ralph McIlvaine Early Childhood Center,Matched,3459484.45,201485.59,463207.74,4124177.78,1,,0,,1,1,total,Districts use one school code per calculation unit; charters use calculator building rows and retain the shared charter totals; student enrollment categories use largest remainder,4388554.08,0,4388554.08,0,,0,,Current modeled funding versus proposed Base Funding,Current modeled funding versus all proposed funding,FALSE,TRUE,FALSE,Partial because the current model has missing inputs or rates,Preliminary arithmetic comparison only; at least one model has missing inputs or rates,516966.2234274887,727374.1075292685,TRUE,462,124,44,462,0,1244340.330956757,5632894.410956757,264376.3000000003,6.4104001840580285,,1508716.6309567573,36.582240423126414,,6.4104001840580285,36.582240423126414,Increase,Increase,8926.791731601732,9499.034805194806,2693.37733973324,12192.412144928046,TRUE,Bryan Allen Stevenson School of Excellence,Fixed pools redistributed across the adjusted reporting scope
School,2026,2025-09-30,10,Caesar Rodney School District,District,TRUE,630,John S. Charlton School,Matched,12817808.15,475724.46,1041145.4,14334678,1,,0,,1,1,total,Districts use one school code per calculation unit; charters use calculator building rows and retain the shared charter totals; student enrollment categories use largest remainder,16521366.76,0,16521366.76,0,,0,,Current modeled funding versus proposed Base Funding,Current modeled funding versus all proposed funding,FALSE,TRUE,FALSE,Partial because the current model has missing inputs or rates,Preliminary arithmetic comparison only; at least one model has missing inputs or rates,327499.4397791022,2307010.654841567,TRUE,452,91,10,293,13,2634510.0946206693,19155876.85462067,2186688.76,15.254537004598218,,4821198.854620669,33.63311582318535,,15.254537004598218,33.63311582318535,Increase,Increase,31713.889380530974,36551.69637168141,5828.5621562404185,42380.25852792183,TRUE,Bryan Allen Stevenson School of Excellence,Fixed pools redistributed across the adjusted reporting scope
School,2026,2025-09-30,10,Caesar Rodney School District,District,TRUE,613,Magnolia Middle School,Matched,3313328.85,203851,467905.6,3985085.45,1,,0,,1,1,total,Districts use one school code per calculation unit; charters use calculator building rows and retain the shared charter totals; student enrollment categories use largest remainder,4140621.69,0,4140621.69,0,,0,,Current modeled funding versus proposed Base Funding,Current modeled funding versus all proposed funding,FALSE,TRUE,FALSE,Partial because the current model has missing inputs or rates,Preliminary arithmetic comparison only; at least one model has missing inputs or rates,391191.58035466756,728171.0248727291,TRUE,471,101,23,471,0,1119362.6052273966,5259984.295227396,155536.23999999976,3.902958718237767,,1274898.845227396,31.99175679476073,,3.902958718237767,31.99175679476073,Increase,Increase,8460.903290870488,8791.128853503185,2376.566040822498,11167.694894325683,TRUE,Bryan Allen Stevenson School of Excellence,Fixed pools redistributed across the adjusted reporting scope
School,2026,2025-09-30,10,Caesar Rodney School District,District,TRUE,616,Nellie Hughes Stokes Elementary School,Matched,3262366.7,201161.07,464773.69,3928301.46,1,,0,,1,1,total,Districts use one school code per calculation unit; charters use calculator building rows and retain the shared charter totals; student enrollment categories use largest remainder,4079454.74,0,4079454.74,0,,0,,Current modeled funding versus proposed Base Funding,Current modeled funding versus all proposed funding,FALSE,TRUE,FALSE,Partial because the current model has missing inputs or rates,Preliminary arithmetic comparison only; at least one model has missing inputs or rates,461099.40027878137,704832.73124281,TRUE,465,124,20,465,0,1165932.1315215915,5245386.871521592,151153.28000000026,3.847802454549918,,1317085.4115215922,33.52811450273962,,3.847802454549918,33.52811450273962,Increase,Increase,8447.960129032257,8773.02094623656,2507.3809280034225,11280.401874239984,TRUE,Bryan Allen Stevenson School of Excellence,Fixed pools redistributed across the adjusted reporting scope
School,2026,2025-09-30,10,Caesar Rodney School District,District,TRUE,618,Star Hill Elementary School,Matched,3267174.45,163888.99,384388.11,3815451.55,1,,0,,1,1,total,Districts use one school code per calculation unit; charters use calculator building rows and retain the shared charter totals; student enrollment categories use largest remainder,4086002.83,0,4086002.83,0,,0,,Current modeled funding versus proposed Base Funding,Current modeled funding versus all proposed funding,FALSE,TRUE,FALSE,Partial because the current model has missing inputs or rates,Preliminary arithmetic comparison only; at least one model has missing inputs or rates,531477.7297950163,799161.7229177442,TRUE,368,136,33,311,0,1330639.4527127605,5416642.28271276,270551.28000000026,7.090937375420224,,1601190.7327127606,41.9659563679366,,7.090937375420224,41.9659563679366,Increase,Increase,10368.074864130434,11103.26855978261,3615.868078023806,14719.136637806414,TRUE,Bryan Allen Stevenson School of Excellence,Fixed pools redistributed across the adjusted reporting scope
School,2026,2025-09-30,10,Caesar Rodney School District,District,TRUE,620,W. B. Simpson Elementary School,Matched,3176788.75,189365.25,449636.15,3815790.15,1,,0,,1,1,total,Districts use one school code per calculation unit; charters use calculator building rows and retain the shared charter totals; student enrollment categories use largest remainder,3978173.04,0,3978173.04,0,,0,,Current modeled funding versus proposed Base Funding,Current modeled funding versus all proposed funding,FALSE,TRUE,FALSE,Partial because the current model has missing inputs or rates,Preliminary arithmetic comparison only; at least one model has missing inputs or rates,421106.0849484789,667572.779531211,TRUE,436,119,10,436,0,1088678.8644796899,5066851.90447969,162382.89000000013,4.255550845740302,,1251061.75447969,32.78644016835386,,4.255550845740302,32.78644016835386,Increase,Increase,8751.812270642202,9124.250091743119,2496.969872659839,11621.219964402959,TRUE,Bryan Allen Stevenson School of Excellence,Fixed pools redistributed across the adjusted reporting scope
School,2026,2025-09-30,10,Caesar Rodney School District,District,TRUE,622,W. Reily Brown Elementary School,Matched,3593139.9,212103.51,476257.35,4281500.75,1,,0,,1,1,total,Districts use one school code per calculation unit; charters use calculator building rows and retain the shared charter totals; student enrollment categories use largest remainder,4549707.83,0,4549707.83,0,,0,,Current modeled funding versus proposed Base Funding,Current modeled funding versus all proposed funding,FALSE,TRUE,FALSE,Partial because the current model has missing inputs or rates,Preliminary arithmetic comparison only; at least one model has missing inputs or rates,722009.3509413614,926701.0251099571,TRUE,487,154,89,487,0,1648710.3760513184,6198418.206051318,268207.0800000001,6.26432402236529,,1916917.456051318,44.77209202991073,,6.26432402236529,44.77209202991073,Increase,Increase,8791.582648870637,9342.315872689938,3385.4422506187234,12727.75812330866,TRUE,Bryan Allen Stevenson School of Excellence,Fixed pools redistributed across the adjusted reporting scope
School,2026,2025-09-30,74,Campus Community School,Charter,TRUE,573,Campus Community School,Matched,2932677.9,174809.79,357871.68,3465359.37,2,,2,,2,2,total,Districts use one school code per calculation unit; charters use calculator building rows and retain the shared charter totals; student enrollment categories use largest remainder,3760482.4,0,3760482.4,0,,0,,Current modeled funding versus proposed Base Funding,Current modeled funding versus all proposed funding,FALSE,TRUE,FALSE,Partial because the current model has missing inputs or rates,Preliminary arithmetic comparison only; at least one model has missing inputs or rates,579964.9814462438,762958.9064576747,TRUE,402,170,5,402,0,1342923.8879039185,5103406.287903918,295123.0299999998,8.516375893216518,,1638046.9179039178,47.269178835669145,,8.516375893216518,47.269178835669145,Increase,Increase,8620.296940298507,9354.433830845772,3340.6066863281553,12695.040517173926,TRUE,Bryan Allen Stevenson School of Excellence,Fixed pools redistributed across the adjusted reporting scope
School,2026,2025-09-30,17,Cape Henlopen School District,District,TRUE,724,Beacon Middle School,Matched,3495061.8,212906.4,478345.28,4186313.49,1,,0,,1,1,total,Districts use one school code per calculation unit; charters use calculator building rows and retain the shared charter totals; student enrollment categories use largest remainder,4433381.8,0,4433381.8,0,,0,,Current modeled funding versus proposed Base Funding,Current modeled funding versus all proposed funding,FALSE,TRUE,FALSE,Partial because the current model has missing inputs or rates,Preliminary arithmetic comparison only; at least one model has missing inputs or rates,331313.0438415583,746971.7687306986,TRUE,491,81,26,491,0,1078284.812572257,5511666.6125722565,247068.3099999996,5.901810998870024,,1325353.1225722563,31.659194318298802,,5.901810998870024,31.659194318298802,Increase,Increase,8526.096720977597,9029.29083503055,2196.0994146074477,11225.390249637996,TRUE,Bryan Allen Stevenson School of Excellence,Fixed pools redistributed across the adjusted reporting scope
School,2026,2025-09-30,17,Cape Henlopen School District,District,TRUE,726,Cape Henlopen High School,Matched,13179350.95,1394985.49,888204,15462540.44,1,,0,,1,1,total,Districts use one school code per calculation unit; charters use calculator building rows and retain the shared charter totals; student enrollment categories use largest remainder,16955927.87,0,16955927.87,0,,0,,Current modeled funding versus proposed Base Funding,Current modeled funding versus all proposed funding,FALSE,TRUE,FALSE,Partial because the current model has missing inputs or rates,Preliminary arithmetic comparison only; at least one model has missing inputs or rates,1350114.8927604274,2776817.8242405024,TRUE,1889,282,175,0,486,4126932.7170009296,21082860.58700093,1493387.4300000016,9.658098782634463,,5620320.147000929,36.34797379389055,,9.658098782634463,36.34797379389055,Increase,Increase,8185.569317098993,8976.139687665433,2184.7182196934514,11160.857907358883,TRUE,Bryan Allen Stevenson School of Excellence,Fixed pools redistributed across the adjusted reporting scope
School,2026,2025-09-30,17,Cape Henlopen School District,District,TRUE,716,Frederick D Thomas Middle School,Matched,3508523.5,215699.7,481999.17,4206222.38,1,,0,,1,1,total,Districts use one school code per calculation unit; charters use calculator building rows and retain the shared charter totals; student enrollment categories use largest remainder,4449146.99,0,4449146.99,0,,0,,Current modeled funding versus proposed Base Funding,Current modeled funding versus all proposed funding,FALSE,TRUE,FALSE,Partial because the current model has missing inputs or rates,Preliminary arithmetic comparison only; at least one model has missing inputs or rates,388739.9777430886,791745.5125377838,TRUE,498,94,32,498,0,1180485.4902808724,5629632.480280872,242924.61000000034,5.775362975459237,,1423410.1002808725,33.84058120771238,,5.775362975459237,33.84058120771238,Increase,Increase,8446.229678714859,8934.030100401607,2370.4527917286596,11304.482892130265,TRUE,Bryan Allen Stevenson School of Excellence,Fixed pools redistributed across the adjusted reporting scope
School,2026,2025-09-30,17,Cape Henlopen School District,District,TRUE,710,H. O. Brittingham Elementary School,Matched,3781603.7,216209.33,479911.24,4477724.26,1,,0,,1,1,total,Districts use one school code per calculation unit; charters use calculator building rows and retain the shared charter totals; student enrollment categories use largest remainder,4776635.97,0,4776635.97,0,,0,,Current modeled funding versus proposed Base Funding,Current modeled funding versus all proposed funding,FALSE,TRUE,FALSE,Partial because the current model has missing inputs or rates,Preliminary arithmetic comparison only; at least one model has missing inputs or rates,455057.0665694354,771025.6616078069,TRUE,494,102,49,494,0,1226082.7281772424,6002718.698177243,298911.70999999996,6.675527402841906,,1524994.4381772429,34.05735479962857,,6.675527402841906,34.05735479962857,Increase,Increase,9064.219149797571,9669.303582995952,2481.9488424640535,12151.252425460005,TRUE,Bryan Allen Stevenson School of Excellence,Fixed pools redistributed across the adjusted reporting scope
School,2026,2025-09-30,17,Cape Henlopen School District,District,TRUE,712,Lewes Elementary School,Matched,4227762.9,325326.02,606126.67,5159215.58,1,,0,,1,1,total,Districts use one school code per calculation unit; charters use calculator building rows and retain the shared charter totals; student enrollment categories use largest remainder,5473263.85,0,5473263.85,0,,0,,Current modeled funding versus proposed Base Funding,Current modeled funding versus all proposed funding,FALSE,TRUE,FALSE,Partial because the current model has missing inputs or rates,Preliminary arithmetic comparison only; at least one model has missing inputs or rates,518922.5527842032,870900.547448457,TRUE,594,103,75,594,0,1389823.1002326603,6863086.95023266,314048.26999999955,6.087132144999445,,1703871.3702326603,33.025783548138925,,6.087132144999445,33.025783548138925,Increase,Increase,8685.548114478115,9214.248905723905,2339.769529011213,11554.018434735119,TRUE,Bryan Allen Stevenson School of Excellence,Fixed pools redistributed across the adjusted reporting scope
School,2026,2025-09-30,17,Cape Henlopen School District,District,TRUE,718,Love Creek Elementary School,Matched,4673922.1,348672.45,633269.85,5655864.4,1,,0,,1,1,total,Districts use one school code per calculation unit; charters use calculator building rows and retain the shared charter totals; student enrollment categories use largest remainder,6055415.68,0,6055415.68,0,,0,,Current modeled funding versus proposed Base Funding,Current modeled funding versus all proposed funding,FALSE,TRUE,FALSE,Partial because the current model has missing inputs or rates,Preliminary arithmetic comparison only; at least one model has missing inputs or rates,402880.029169468,843870.4122478123,TRUE,646,85,51,646,0,1246750.4414172801,7302166.12141728,399551.27999999933,7.064371628145811,,1646301.72141728,29.107871140214744,,7.064371628145811,29.107871140214744,Increase,Increase,8755.208049535604,9373.708482972135,1929.9542436800002,11303.662726652137,TRUE,Bryan Allen Stevenson School of Excellence,Fixed pools redistributed across the adjusted reporting scope
School,2026,2025-09-30,17,Cape Henlopen School District,District,TRUE,720,Mariner Middle School,Matched,3866220.1,237228.81,507576.4,4611025.31,1,,0,,1,1,total,Districts use one school code per calculation unit; charters use calculator building rows and retain the shared charter totals; student enrollment categories use largest remainder,4877698.21,0,4877698.21,0,,0,,Current modeled funding versus proposed Base Funding,Current modeled funding versus all proposed funding,FALSE,TRUE,FALSE,Partial because the current model has missing inputs or rates,Preliminary arithmetic comparison only; at least one model has missing inputs or rates,423235.7599443959,862215.7747666615,TRUE,547,89,54,547,0,1285451.5347110573,6163149.744711057,266672.9000000004,5.783375324825541,,1552124.4347110577,33.66115625834762,,5.783375324825541,33.66115625834762,Increase,Increase,8429.662358318097,8917.181371115174,2350.0028056874903,11267.184176802664,TRUE,Bryan Allen Stevenson School of Excellence,Fixed pools redistributed across the adjusted reporting scope
School,2026,2025-09-30,17,Cape Henlopen School District,District,TRUE,721,Milton Elementary School,Matched,3982567.65,244255.33,515928.15,4742751.14,1,,0,,1,1,total,Districts use one school code per calculation unit; charters use calculator building rows and retain the shared charter totals; student enrollment categories use largest remainder,5104937.41,0,5104937.41,0,,0,,Current modeled funding versus proposed Base Funding,Current modeled funding versus all proposed funding,FALSE,TRUE,FALSE,Partial because the current model has missing inputs or rates,Preliminary arithmetic comparison only; at least one model has missing inputs or rates,485367.7897671383,796592.071075565,TRUE,563,86,85,563,0,1281959.8608427034,6386897.270842703,362186.2700000005,7.6366281786398025,,1644146.1308427034,34.66650647081397,,7.6366281786398025,34.66650647081397,Increase,Increase,8424.069520426287,9067.384387211368,2277.0157386193664,11344.400125830734,TRUE,Bryan Allen Stevenson School of Excellence,Fixed pools redistributed across the adjusted reporting scope
School,2026,2025-09-30,17,Cape Henlopen School District,District,TRUE,722,Rehoboth Elementary School,Matched,4118146.2,242579.83,512274.26,4873000.3,1,,0,,1,1,total,Districts use one school code per calculation unit; charters use calculator building rows and retain the shared charter totals; student enrollment categories use largest remainder,5268364.9,0,5268364.9,0,,0,,Current modeled funding versus proposed Base Funding,Current modeled funding versus all proposed funding,FALSE,TRUE,FALSE,Partial because the current model has missing inputs or rates,Preliminary arithmetic comparison only; at least one model has missing inputs or rates,470757.2287486377,823557.1517991928,TRUE,556,106,50,556,0,1294314.3805478304,6562679.280547831,395364.60000000056,8.113371140157751,,1689678.9805478314,34.6743048743057,,8.113371140157751,34.6743048743057,Increase,Increase,8764.389028776977,9475.476438848922,2327.9035621363855,11803.380000985308,TRUE,Bryan Allen Stevenson School of Excellence,Fixed pools redistributed across the adjusted reporting scope
School,2026,2025-09-30,17,Cape Henlopen School District,District,TRUE,728,Sussex Consortium,Matched,15279986.7,501260.82,1125497.31,16906744.84,1,,0,,1,1,total,Districts use one school code per calculation unit; charters use calculator building rows and retain the shared charter totals; student enrollment categories use largest remainder,19597630.66,0,19597630.66,0,,0,,Current modeled funding versus proposed Base Funding,Current modeled funding versus all proposed funding,FALSE,TRUE,FALSE,Partial because the current model has missing inputs or rates,Preliminary arithmetic comparison only; at least one model has missing inputs or rates,357587.29001211614,2441071.6683547543,TRUE,453,100,10,171,23,2798658.9583668704,22396289.61836687,2690885.8200000003,15.916049159466702,,5489544.778366871,32.46955478608188,,15.916049159466702,32.46955478608188,Increase,Increase,37321.732538631346,43261.87783664459,6178.055095732606,49439.932932377196,TRUE,Bryan Allen Stevenson School of Excellence,Fixed pools redistributed across the adjusted reporting scope
School,2026,2025-09-30,13,Capital School District,District,TRUE,636,Booker T. Washington Elementary School,Matched,2282898.25,135975.19,310893.1,2729766.54,1,,0,,1,1,total,Districts use one school code per calculation unit; charters use calculator building rows and retain the shared charter totals; student enrollment categories use largest remainder,2944941.98,0,2944941.98,0,,0,,Current modeled funding versus proposed Base Funding,Current modeled funding versus all proposed funding,FALSE,TRUE,FALSE,Partial because the current model has missing inputs or rates,Preliminary arithmetic comparison only; at least one model has missing inputs or rates,527540.3074188442,644088.1133280033,TRUE,312,139,27,312,0,1171628.4207468475,4116570.4007468475,215175.43999999994,7.882558337754404,,1386803.8607468475,50.80302071351667,,7.882558337754404,50.80302071351667,Increase,Increase,8749.25173076923,9438.916602564103,3755.219297265537,13194.13589982964,TRUE,Bryan Allen Stevenson School of Excellence,Fixed pools redistributed across the adjusted reporting scope
School,2026,2025-09-30,13,Capital School District,District,TRUE,645,Capital Early Childhood Center,Matched,423082,17404.06,0,440486.06,1,,0,,1,1,total,Districts use one school code per calculation unit; charters use calculator building rows and retain the shared charter totals; student enrollment categories use largest remainder,661312.86,0,661312.86,0,,0,,Current modeled funding versus proposed Base Funding,Current modeled funding versus all proposed funding,FALSE,TRUE,FALSE,Partial because the current model has missing inputs or rates,Preliminary arithmetic comparison only; at least one model has missing inputs or rates,60175.700466027854,121359.12687557912,TRUE,37,18,0,0,0,181534.827341607,842847.687341607,220826.8,50.132528598067324,,402361.62734160695,91.34491732646589,,50.132528598067324,91.34491732646589,Increase,Increase,11905.02864864865,17873.32054054054,4906.346684908297,22779.667225448837,TRUE,Bryan Allen Stevenson School of Excellence,Fixed pools redistributed across the adjusted reporting scope
School,2026,2025-09-30,13,Capital School District,District,TRUE,644,Central Elementary School,Matched,4409495.85,322842.82,600906.82,5333245.49,1,,0,,1,1,total,Districts use one school code per calculation unit; charters use calculator building rows and retain the shared charter totals; student enrollment categories use largest remainder,5738770.26,0,5738770.26,0,,0,,Current modeled funding versus proposed Base Funding,Current modeled funding versus all proposed funding,FALSE,TRUE,FALSE,Partial because the current model has missing inputs or rates,Preliminary arithmetic comparison only; at least one model has missing inputs or rates,1159880.4355670013,1328152.2027830733,TRUE,584,262,122,584,0,2488032.6383500746,8226802.898350075,405524.76999999955,7.603714675433017,,2893557.4083500747,54.255095021888344,,7.603714675433017,54.255095021888344,Increase,Increase,9132.269674657535,9826.661404109589,4260.329860188484,14086.991264298073,TRUE,Bryan Allen Stevenson School of Excellence,Fixed pools redistributed across the adjusted reporting scope
School,2026,2025-09-30,13,Capital School District,District,TRUE,648,Dover High School,Matched,13338006.7,1242712.03,888204,15468922.73,1,,0,,1,1,total,Districts use one school code per calculation unit; charters use calculator building rows and retain the shared charter totals; student enrollment categories use largest remainder,17145469.45,0,17145469.45,0,,0,,Current modeled funding versus proposed Base Funding,Current modeled funding versus all proposed funding,FALSE,TRUE,FALSE,Partial because the current model has missing inputs or rates,Preliminary arithmetic comparison only; at least one model has missing inputs or rates,2523813.452138146,3649979.0147653073,TRUE,1728,592,234,0,367,6173792.466903454,23319261.91690345,1676546.7199999988,10.838160803198988,,7850339.186903451,50.74910078695215,,10.838160803198988,50.74910078695215,Increase,Increase,8951.922876157407,9922.146672453704,3572.7965664950543,13494.943238948756,TRUE,Bryan Allen Stevenson School of Excellence,Fixed pools redistributed across the adjusted reporting scope
School,2026,2025-09-30,13,Capital School District,District,TRUE,632,East Dover Early Childhood Center,Matched,3977759.9,174987.68,379690.25,4532437.83,1,,0,,1,1,total,Districts use one school code per calculation unit; charters use calculator building rows and retain the shared charter totals; student enrollment categories use largest remainder,5099781.75,0,5099781.75,0,,0,,Current modeled funding versus proposed Base Funding,Current modeled funding versus all proposed funding,FALSE,TRUE,FALSE,Partial because the current model has missing inputs or rates,Preliminary arithmetic comparison only; at least one model has missing inputs or rates,713787.8149106118,1002489.4908349904,TRUE,383,178,51,302,0,1716277.3057456021,6816059.055745602,567343.9199999999,12.517412070051492,,2283621.2257456016,50.38395034633275,,12.517412070051492,50.38395034633275,Increase,Increase,11834.041331592689,13315.357049608356,4481.141790458491,17796.498840066844,TRUE,Bryan Allen Stevenson School of Excellence,Fixed pools redistributed across the adjusted reporting scope
School,2026,2025-09-30,13,Capital School District,District,TRUE,638,Fairview Early Childhood Center,Matched,1702122.05,77387.95,145006.86,1924516.86,1,,0,,1,1,total,Districts use one school code per calculation unit; charters use calculator building rows and retain the shared charter totals; student enrollment categories use largest remainder,2160072.19,0,2160072.19,0,,0,,Current modeled funding versus proposed Base Funding,Current modeled funding versus all proposed funding,FALSE,TRUE,FALSE,Partial because the current model has missing inputs or rates,Preliminary arithmetic comparison only; at least one model has missing inputs or rates,353699.3949614304,454877.1669234887,TRUE,171,87,27,136,0,808576.5618849192,2968648.751884919,235555.32999999984,12.23971246476894,,1044131.891884919,54.25423458669616,,12.23971246476894,54.25423458669616,Increase,Increase,11254.48456140351,12632.00111111111,4728.517905759762,17360.519016870872,TRUE,Bryan Allen Stevenson School of Excellence,Fixed pools redistributed across the adjusted reporting scope
School,2026,2025-09-30,13,Capital School District,District,TRUE,640,Hartly Elementary School,Matched,2002125.65,129638.57,231134.27,2362898.49,1,,0,,1,1,total,Districts use one school code per calculation unit; charters use calculator building rows and retain the shared charter totals; student enrollment categories use largest remainder,2607893.85,0,2607893.85,0,,0,,Current modeled funding versus proposed Base Funding,Current modeled funding versus all proposed funding,FALSE,TRUE,FALSE,Partial because the current model has missing inputs or rates,Preliminary arithmetic comparison only; at least one model has missing inputs or rates,326954.63919875136,448599.40989132936,TRUE,301,79,27,301,0,775554.0490900807,3383447.8990900805,244995.35999999987,10.368425094723381,,1020549.4090900803,43.19057350153371,,10.368425094723381,43.19057350153371,Increase,Increase,7850.161096345516,8664.099169435216,2576.591525216215,11240.69069465143,TRUE,Bryan Allen Stevenson School of Excellence,Fixed pools redistributed across the adjusted reporting scope
School,2026,2025-09-30,13,Capital School District,District,TRUE,650,Kent County Community School,Matched,10516208.45,318698.54,831517.25,11666424.24,1,,0,,1,1,total,Districts use one school code per calculation unit; charters use calculator building rows and retain the shared charter totals; student enrollment categories use largest remainder,13429315.2,0,13429315.2,0,,0,,Current modeled funding versus proposed Base Funding,Current modeled funding versus all proposed funding,FALSE,TRUE,FALSE,Partial because the current model has missing inputs or rates,Preliminary arithmetic comparison only; at least one model has missing inputs or rates,309768.65725495573,1872837.0752288012,TRUE,265,85,11,175,11,2182605.7324837567,15611920.932483755,1762890.959999999,15.110807936811314,,3945496.692483755,33.819245823035104,,15.110807936811314,33.819245823035104,Increase,Increase,44024.24241509434,50676.66113207547,8236.248047108516,58912.90917918398,TRUE,Bryan Allen Stevenson School of Excellence,Fixed pools redistributed across the adjusted reporting scope
School,2026,2025-09-30,13,Capital School District,District,TRUE,655,Kent County Secondary ILC,Matched,2682674.9,61779.59,166303.45,2910757.94,1,,0,,1,1,total,Districts use one school code per calculation unit; charters use calculator building rows and retain the shared charter totals; student enrollment categories use largest remainder,3440097.64,0,3440097.64,0,,0,,Current modeled funding versus proposed Base Funding,Current modeled funding versus all proposed funding,FALSE,TRUE,FALSE,Partial because the current model has missing inputs or rates,Preliminary arithmetic comparison only; at least one model has missing inputs or rates,166139.41334427198,495048.3064816073,TRUE,81,49,1,35,16,661187.7198258793,4101285.3598258793,529339.7000000002,18.18563105937968,,1190527.4198258794,40.90094210396208,,18.18563105937968,40.90094210396208,Increase,Increase,35935.28320987654,42470.3412345679,8162.811355875054,50633.15259044296,TRUE,Bryan Allen Stevenson School of Excellence,Fixed pools redistributed across the adjusted reporting scope
School,2026,2025-09-30,13,Capital School District,District,TRUE,633,Middle School of Excellence,Matched,4351802.85,323179.36,601950.79,5276933,1,,0,,1,1,total,Districts use one school code per calculation unit; charters use calculator building rows and retain the shared charter totals; student enrollment categories use largest remainder,5669399.03,0,5669399.03,0,,0,,Current modeled funding versus proposed Base Funding,Current modeled funding versus all proposed funding,FALSE,TRUE,FALSE,Partial because the current model has missing inputs or rates,Preliminary arithmetic comparison only; at least one model has missing inputs or rates,876881.2977374677,1220974.951897243,TRUE,586,224,55,586,0,2097856.2496347106,7767255.27963471,392466.03000000026,7.437388915114145,,2490322.2796347104,47.192607517183006,,7.437388915114145,47.192607517183006,Increase,Increase,9005.005119453925,9674.742372013652,3579.9594703664,13254.701842380053,TRUE,Bryan Allen Stevenson School of Excellence,Fixed pools redistributed across the adjusted reporting scope
School,2026,2025-09-30,13,Capital School District,District,TRUE,637,Middle School of Innovation,Matched,4496996.9,353884.05,642143.58,5493024.54,1,,0,,1,1,total,Districts use one school code per calculation unit; charters use calculator building rows and retain the shared charter totals; student enrollment categories use largest remainder,5843543.13,0,5843543.13,0,,0,,Current modeled funding versus proposed Base Funding,Current modeled funding versus all proposed funding,FALSE,TRUE,FALSE,Partial because the current model has missing inputs or rates,Preliminary arithmetic comparison only; at least one model has missing inputs or rates,1117509.8086133495,1404217.15003543,TRUE,663,273,88,663,0,2521726.9586487794,8365270.088648779,350518.58999999985,6.381158275327855,,2872245.5486487793,52.28896262401878,,6.381158275327855,52.28896262401878,Increase,Increase,8285.104886877829,8813.790542986426,3803.5097415517034,12617.300284538129,TRUE,Bryan Allen Stevenson School of Excellence,Fixed pools redistributed across the adjusted reporting scope
School,2026,2025-09-30,13,Capital School District,District,TRUE,635,North Dover Elementary School,Matched,2336745.05,142532.96,319244.85,2798522.86,1,,0,,1,1,total,Districts use one school code per calculation unit; charters use calculator building rows and retain the shared charter totals; student enrollment categories use largest remainder,3009014.79,0,3009014.79,0,,0,,Current modeled funding versus proposed Base Funding,Current modeled funding versus all proposed funding,FALSE,TRUE,FALSE,Partial because the current model has missing inputs or rates,Preliminary arithmetic comparison only; at least one model has missing inputs or rates,588904.6636965467,681982.34619052,TRUE,328,149,39,328,0,1270887.0098870667,4279901.799887067,210491.93000000017,7.521536915371138,,1481378.9398870668,52.93431620876832,,7.521536915371138,52.93431620876832,Increase,Increase,8532.081890243902,9173.825579268292,3874.655517948374,13048.481097216667,TRUE,Bryan Allen Stevenson School of Excellence,Fixed pools redistributed across the adjusted reporting scope
School,2026,2025-09-30,13,Capital School District,District,TRUE,634,South Dover Elementary School,Matched,4337379.6,337302.12,621264.21,5295945.93,1,,0,,1,1,total,Districts use one school code per calculation unit; charters use calculator building rows and retain the shared charter totals; student enrollment categories use largest remainder,5652442.09,0,5652442.09,0,,0,,Current modeled funding versus proposed Base Funding,Current modeled funding versus all proposed funding,FALSE,TRUE,FALSE,Partial because the current model has missing inputs or rates,Preliminary arithmetic comparison only; at least one model has missing inputs or rates,1226816.6159619284,1349701.4982950196,TRUE,623,305,89,623,0,2576518.1142569482,8228960.204256948,356496.16000000015,6.731491686509726,,2933014.2742569484,55.38225489883256,,6.731491686509726,55.38225489883256,Increase,Increase,8500.71577849117,9072.940754414125,4135.663104746305,13208.60385916043,TRUE,Bryan Allen Stevenson School of Excellence,Fixed pools redistributed across the adjusted reporting scope
School,2026,2025-09-30,13,Capital School District,District,TRUE,642,Towne Point Elementary School,Matched,2380014.8,140549.76,316112.94,2836677.5,1,,0,,1,1,total,Districts use one school code per calculation unit; charters use calculator building rows and retain the shared charter totals; student enrollment categories use largest remainder,3060369.46,0,3060369.46,0,,0,,Current modeled funding versus proposed Base Funding,Current modeled funding versus all proposed funding,FALSE,TRUE,FALSE,Partial because the current model has missing inputs or rates,Preliminary arithmetic comparison only; at least one model has missing inputs or rates,620602.1520078699,708264.3549054671,TRUE,322,155,44,322,0,1328866.506913337,4389235.966913337,223691.95999999996,7.885702904189848,,1552558.466913337,54.731581821103624,,7.885702904189848,54.731581821103624,Increase,Increase,8809.55745341615,9504.252981366459,4126.914617743282,13631.167599109742,TRUE,Bryan Allen Stevenson School of Excellence,Fixed pools redistributed across the adjusted reporting scope
School,2026,2025-09-30,80,Charter School of New Castle,Charter,TRUE,579,Charter School of New Castle,Matched,5258316.35,395862.92,766271.07,6420450.35,2,,2,,2,2,total,Districts use one school code per calculation unit; charters use calculator building rows and retain the shared charter totals; student enrollment categories use largest remainder,6671097.33,0,6671097.33,0,,0,,Current modeled funding versus proposed Base Funding,Current modeled funding versus all proposed funding,FALSE,TRUE,FALSE,Partial because the current model has missing inputs or rates,Preliminary arithmetic comparison only; at least one model has missing inputs or rates,1252397.4795756761,1494919.3546166553,TRUE,759,360,21,759,0,2747316.8341923314,9418414.164192332,250646.98000000045,3.9038847173703393,,2997963.8141923323,46.693980184619484,,3.9038847173703393,46.693980184619484,Increase,Increase,8459.091370223978,8789.324545454545,3619.6532729806736,12408.97781843522,TRUE,Bryan Allen Stevenson School of Excellence,Fixed pools redistributed across the adjusted reporting scope
School,2026,2025-09-30,70,Charter School of Wilmington,Charter,TRUE,295,Charter School of Wilmington,Matched,5213123.5,672065.76,370085,6255274.26,2,,2,,1,1,total,Districts use one school code per calculation unit; charters use calculator building rows and retain the shared charter totals; student enrollment categories use largest remainder,6672784.75,0,6672784.75,0,,0,,Current modeled funding versus proposed Base Funding,Current modeled funding versus all proposed funding,FALSE,TRUE,FALSE,Partial because the current model has missing inputs or rates,Preliminary arithmetic comparison only; at least one model has missing inputs or rates,102917.78236082788,731667.7030124032,TRUE,980,28,4,0,249,834585.4853732311,7507370.235373231,417510.4900000002,6.674535322452836,,1252095.9753732309,20.01664392846671,,6.674535322452836,20.01664392846671,Increase,Increase,6382.932918367347,6808.964030612245,851.6178422175827,7660.581872829827,TRUE,Bryan Allen Stevenson School of Excellence,Fixed pools redistributed across the adjusted reporting scope
School,2026,2025-09-30,33,Christina School District,District,TRUE,339,Brader (Henry M.) Elementary School,Matched,2896139,142996.91,315068.97,3354204.88,1,,0,,1,1,total,Districts use one school code per calculation unit; charters use calculator building rows and retain the shared charter totals; student enrollment categories use largest remainder,3695543.87,0,3695543.87,0,,0,,Current modeled funding versus proposed Base Funding,Current modeled funding versus all proposed funding,FALSE,TRUE,FALSE,Partial because the current model has missing inputs or rates,Preliminary arithmetic comparison only; at least one model has missing inputs or rates,470460.06479571905,680957.738177499,TRUE,320,108,47,320,0,1151417.802973218,4846961.672973218,341338.9900000002,10.176450223279152,,1492756.7929732185,44.50404332406846,,10.176450223279152,44.50404332406846,Increase,Increase,10481.89025,11548.57459375,3598.1806342913064,15146.755228041307,TRUE,Bryan Allen Stevenson School of Excellence,Fixed pools redistributed across the adjusted reporting scope
School,2026,2025-09-30,33,Christina School District,District,TRUE,538,Brennen School (The),Matched,16968117.5,562146.17,1255366.63,18785630.3,1,,0,,1,1,total,Districts use one school code per calculation unit; charters use calculator building rows and retain the shared charter totals; student enrollment categories use largest remainder,21879109.93,0,21879109.93,0,,0,,Current modeled funding versus proposed Base Funding,Current modeled funding versus all proposed funding,FALSE,TRUE,FALSE,Partial because the current model has missing inputs or rates,Preliminary arithmetic comparison only; at least one model has missing inputs or rates,354665.177808416,2714625.744212063,TRUE,426,104,3,278,13,3069290.922020479,24948400.85202048,3093479.629999999,16.467265567341645,,6162770.552020479,32.80576937586427,,16.467265567341645,32.80576937586427,Increase,Increase,44097.72370892019,51359.41298122066,7204.908267653706,58564.32124887437,TRUE,Bryan Allen Stevenson School of Excellence,Fixed pools redistributed across the adjusted reporting scope
School,2026,2025-09-30,33,Christina School District,District,TRUE,310,Brookside Elementary School,Matched,2263667.25,114676.86,282183.96,2660528.07,1,,0,,1,1,total,Districts use one school code per calculation unit; charters use calculator building rows and retain the shared charter totals; student enrollment categories use largest remainder,2919532.33,0,2919532.33,0,,0,,Current modeled funding versus proposed Base Funding,Current modeled funding versus all proposed funding,FALSE,TRUE,FALSE,Partial because the current model has missing inputs or rates,Preliminary arithmetic comparison only; at least one model has missing inputs or rates,555102.2640520496,660107.7782934878,TRUE,257,118,69,257,0,1215210.0423455373,4134742.3723455374,259004.26000000024,9.735069624730562,,1474214.3023455376,55.410590061751826,,9.735069624730562,55.410590061751826,Increase,Increase,10352.249299610894,11360.047976653697,4728.443744535165,16088.491721188862,TRUE,Bryan Allen Stevenson School of Excellence,Fixed pools redistributed across the adjusted reporting scope
School,2026,2025-09-30,33,Christina School District,District,TRUE,390,Christiana High School,Matched,9943124.65,942869.49,814396.54,11700390.67,1,,0,,1,1,total,Districts use one school code per calculation unit; charters use calculator building rows and retain the shared charter totals; student enrollment categories use largest remainder,12742400.79,0,12742400.79,0,,0,,Current modeled funding versus proposed Base Funding,Current modeled funding versus all proposed funding,FALSE,TRUE,FALSE,Partial because the current model has missing inputs or rates,Preliminary arithmetic comparison only; at least one model has missing inputs or rates,1410959.2121205223,2380814.959017576,TRUE,1333,319,148,284,294,3791774.1711380985,16534174.961138098,1042010.1199999992,8.905772032652985,,4833784.291138098,41.313016184425386,,8.905772032652985,41.313016184425386,Increase,Increase,8777.487374343586,9559.190390097523,2844.5417637945225,12403.732153892046,TRUE,Bryan Allen Stevenson School of Excellence,Fixed pools redistributed across the adjusted reporting scope
Vocational/program record,2026,2025-09-30,33,Christina School District,District,TRUE,,Christina - Intensive Learning Center,Matched,9615.5,0,0,9615.5,0,,0,,0,0,total,Districts use one school code per calculation unit; charters use calculator building rows and retain the shared charter totals; student enrollment categories use largest remainder,9615.5,0,9615.5,0,,0,,Current modeled funding versus proposed Base Funding,Current modeled funding versus all proposed funding,TRUE,TRUE,TRUE,Complete,Complete modeled comparison,0,0,FALSE,0,0,0,0,0,0,9615.5,0,0,0,0,0,0,0,0,No material change,No material change,,,,,TRUE,Bryan Allen Stevenson School of Excellence,Fixed pools redistributed across the adjusted reporting scope
School,2026,2025-09-30,33,Christina School District,District,TRUE,545,Christina Early Education Center,Matched,7195716.75,276193.22,518119,7990028.97,1,,0,,1,1,total,Districts use one school code per calculation unit; charters use calculator building rows and retain the shared charter totals; student enrollment categories use largest remainder,9277428.76,0,9277428.76,0,,0,,Current modeled funding versus proposed Base Funding,Current modeled funding versus all proposed funding,FALSE,TRUE,FALSE,Partial because the current model has missing inputs or rates,Preliminary arithmetic comparison only; at least one model has missing inputs or rates,381112.76961817645,1438809.868189324,TRUE,411,114,0,0,0,1819922.6378075003,11097351.3978075,1287399.79,16.112579752010586,,3107322.4278074997,38.89000201969856,,16.112579752010586,38.89000201969856,Increase,Increase,19440.4597810219,22572.819367396594,4428.0356151034075,27000.854982499997,TRUE,Bryan Allen Stevenson School of Excellence,Fixed pools redistributed across the adjusted reporting scope
School,2026,2025-09-30,33,Christina School District,District,TRUE,540,Delaware School for the Deaf School (DSD),Matched,4170069.9,145275.78,323733.17,4639078.85,1,,0,,1,1,total,Districts use one school code per calculation unit; charters use calculator building rows and retain the shared charter totals; student enrollment categories use largest remainder,5330491.13,0,5330491.13,0,,0,,Current modeled funding versus proposed Base Funding,Current modeled funding versus all proposed funding,FALSE,TRUE,FALSE,Partial because the current model has missing inputs or rates,Preliminary arithmetic comparison only; at least one model has missing inputs or rates,109901.1352544163,666450.5898026644,TRUE,105,28,7,53,11,776351.7250570806,6106842.85505708,691412.2800000003,14.904085538446935,,1467764.0050570806,31.63912605316206,,14.904085538446935,31.63912605316206,Increase,Increase,44181.70333333333,50766.58219047619,7393.825952924577,58160.40814340077,TRUE,Bryan Allen Stevenson School of Excellence,Fixed pools redistributed across the adjusted reporting scope
School,2026,2025-09-30,33,Christina School District,District,TRUE,537,Douglass School,Matched,3196019.75,91816.01,241886.4,3529722.16,1,,0,,1,1,total,Districts use one school code per calculation unit; charters use calculator building rows and retain the shared charter totals; student enrollment categories use largest remainder,3999280.18,0,3999280.18,0,,0,,Current modeled funding versus proposed Base Funding,Current modeled funding versus all proposed funding,FALSE,TRUE,FALSE,Partial because the current model has missing inputs or rates,Preliminary arithmetic comparison only; at least one model has missing inputs or rates,276758.6948182417,627808.2304544499,TRUE,130,80,4,38,26,904566.9252726915,4903847.105272692,469558.02,13.302973965520277,,1374124.9452726915,38.93011639399662,,13.302973965520277,38.93011639399662,Increase,Increase,27151.708923076923,30763.693692307694,6958.207117482242,37721.900809789935,TRUE,Bryan Allen Stevenson School of Excellence,Fixed pools redistributed across the adjusted reporting scope
School,2026,2025-09-30,33,Christina School District,District,TRUE,318,Downes (John R.) Elementary School,Matched,2911523.8,162727.91,341690.17,3415941.88,1,,0,,1,1,total,Districts use one school code per calculation unit; charters use calculator building rows and retain the shared charter totals; student enrollment categories use largest remainder,3715493.39,0,3715493.39,0,,0,,Current modeled funding versus proposed Base Funding,Current modeled funding versus all proposed funding,FALSE,TRUE,FALSE,Partial because the current model has missing inputs or rates,Preliminary arithmetic comparison only; at least one model has missing inputs or rates,411894.0024080005,638038.0469654041,TRUE,371,87,52,371,0,1049932.0493734046,4765425.439373405,299551.51000000024,8.769221506778102,,1349483.5593734048,39.50546018579816,,8.769221506778102,39.50546018579816,Increase,Increase,9207.39051212938,10014.806981132077,2830.0055239175326,12844.81250504961,TRUE,Bryan Allen Stevenson School of Excellence,Fixed pools redistributed across the adjusted reporting scope
School,2026,2025-09-30,33,Christina School District,District,TRUE,320,Gallaher (Robert S.) Elementary School,Matched,4170069.9,278738.92,543488.55,4992297.37,1,,0,,1,1,total,Districts use one school code per calculation unit; charters use calculator building rows and retain the shared charter totals; student enrollment categories use largest remainder,5329014.17,0,5329014.17,0,,0,,Current modeled funding versus proposed Base Funding,Current modeled funding versus all proposed funding,FALSE,TRUE,FALSE,Partial because the current model has missing inputs or rates,Preliminary arithmetic comparison only; at least one model has missing inputs or rates,821584.0388318544,1083433.5238636364,TRUE,474,181,93,474,0,1905017.5626954907,7234031.73269549,336716.7999999998,6.744726426422789,,2241734.36269549,44.90386282208766,,6.744726426422789,44.90386282208766,Increase,Increase,10532.272932489452,11242.645928270042,4019.0243938723434,15261.670322142385,TRUE,Bryan Allen Stevenson School of Excellence,Fixed pools redistributed across the adjusted reporting scope
School,2026,2025-09-30,33,Christina School District,District,TRUE,372,Gauger-Cobbs Middle School,Matched,5203508,348912.84,703110.97,6255531.82,1,,0,,1,1,total,Districts use one school code per calculation unit; charters use calculator building rows and retain the shared charter totals; student enrollment categories use largest remainder,6661229.24,0,6661229.24,0,,0,,Current modeled funding versus proposed Base Funding,Current modeled funding versus all proposed funding,FALSE,TRUE,FALSE,Partial because the current model has missing inputs or rates,Preliminary arithmetic comparison only; at least one model has missing inputs or rates,1003522.6690063016,1463563.096694367,TRUE,638,202,141,638,0,2467085.7657006686,9128315.005700668,405697.4199999999,6.48541853312801,,2872783.185700668,45.9238841454837,,6.48541853312801,45.9238841454837,Increase,Increase,9804.90880877743,10440.798181818182,3866.905588872521,14307.703770690703,TRUE,Bryan Allen Stevenson School of Excellence,Fixed pools redistributed across the adjusted reporting scope
School,2026,2025-09-30,33,Christina School District,District,TRUE,392,Glasgow High School,Matched,7957874.9,651676.09,518119,9127669.99,1,,0,,1,1,total,Districts use one school code per calculation unit; charters use calculator building rows and retain the shared charter totals; student enrollment categories use largest remainder,10237825.6,0,10237825.6,0,,0,,Current modeled funding versus proposed Base Funding,Current modeled funding versus all proposed funding,FALSE,TRUE,FALSE,Partial because the current model has missing inputs or rates,Preliminary arithmetic comparison only; at least one model has missing inputs or rates,1496666.2488748112,2166834.520488764,TRUE,907,314,192,0,234,3663500.7693635756,13901326.369363576,1110155.6099999994,12.162530100411741,,4773656.379363576,52.29873981633265,,12.162530100411741,52.29873981633265,Increase,Increase,10063.58323042999,11287.569570011025,4039.140870301627,15326.710440312652,TRUE,Bryan Allen Stevenson School of Excellence,Fixed pools redistributed across the adjusted reporting scope
School,2026,2025-09-30,33,Christina School District,District,TRUE,314,Jones (Albert H.) Elementary School,Matched,2728829.3,142511.33,316112.94,3187453.57,1,,0,,1,1,total,Districts use one school code per calculation unit; charters use calculator building rows and retain the shared charter totals; student enrollment categories use largest remainder,3495106.29,0,3495106.29,0,,0,,Current modeled funding versus proposed Base Funding,Current modeled funding versus all proposed funding,FALSE,TRUE,FALSE,Partial because the current model has missing inputs or rates,Preliminary arithmetic comparison only; at least one model has missing inputs or rates,527119.3251522095,690618.3280145527,TRUE,322,134,34,322,0,1217737.653166762,4712843.943166763,307652.7200000002,9.651990632760816,,1525390.3731667628,47.85608134102995,,9.651990632760816,47.85608134102995,Increase,Increase,9898.924130434782,10854.367360248447,3781.7939539340437,14636.161314182493,TRUE,Bryan Allen Stevenson School of Excellence,Fixed pools redistributed across the adjusted reporting scope
School,2026,2025-09-30,33,Christina School District,District,TRUE,321,Keene (William B.) Elementary School,Matched,3594101.45,185956.56,440762.42,4220820.42,1,,0,,1,1,total,Districts use one school code per calculation unit; charters use calculator building rows and retain the shared charter totals; student enrollment categories use largest remainder,4552642.96,0,4552642.96,0,,0,,Current modeled funding versus proposed Base Funding,Current modeled funding versus all proposed funding,FALSE,TRUE,FALSE,Partial because the current model has missing inputs or rates,Preliminary arithmetic comparison only; at least one model has missing inputs or rates,554458.4088207257,829444.5819692491,TRUE,419,138,40,419,0,1383902.9907899748,5936545.950789975,331822.54000000004,7.861564979824468,,1715725.530789975,40.649100413278774,,7.861564979824468,40.649100413278774,Increase,Increase,10073.55708830549,10865.496324582338,3302.87109973741,14168.36742431975,TRUE,Bryan Allen Stevenson School of Excellence,Fixed pools redistributed across the adjusted reporting scope
School,2026,2025-09-30,33,Christina School District,District,TRUE,374,Kirk (George V.) Middle School,Matched,4574882.45,317160.06,591511.11,5483553.61,1,,0,,1,1,total,Districts use one school code per calculation unit; charters use calculator building rows and retain the shared charter totals; student enrollment categories use largest remainder,5936752.19,0,5936752.19,0,,0,,Current modeled funding versus proposed Base Funding,Current modeled funding versus all proposed funding,FALSE,TRUE,FALSE,Partial because the current model has missing inputs or rates,Preliminary arithmetic comparison only; at least one model has missing inputs or rates,846471.5198887918,1238507.1334533775,TRUE,566,178,108,566,0,2084978.6533421692,8021730.84334217,453198.5800000001,8.264687686713435,,2538177.23334217,46.28708705817083,,8.264687686713435,46.28708705817083,Increase,Increase,9688.2572614841,10488.961466431096,3683.707868095705,14172.669334526803,TRUE,Bryan Allen Stevenson School of Excellence,Fixed pools redistributed across the adjusted reporting scope
School,2026,2025-09-30,33,Christina School District,District,TRUE,322,Leasure (May B.) Elementary School,Matched,2670174.75,131686.68,302019.36,3103880.79,1,,0,,1,1,total,Districts use one school code per calculation unit; charters use calculator building rows and retain the shared charter totals; student enrollment categories use largest remainder,3424245.88,0,3424245.88,0,,0,,Current modeled funding versus proposed Base Funding,Current modeled funding versus all proposed funding,FALSE,TRUE,FALSE,Partial because the current model has missing inputs or rates,Preliminary arithmetic comparison only; at least one model has missing inputs or rates,489627.1397589723,672370.5472112292,TRUE,295,120,38,295,0,1161997.6869702016,4586243.566970201,320365.08999999985,10.32143666831998,,1482362.7769702012,47.75836693683719,,10.32143666831998,47.75836693683719,Increase,Increase,10521.62979661017,11607.613152542372,3938.97521006848,15546.588362610852,TRUE,Bryan Allen Stevenson School of Excellence,Fixed pools redistributed across the adjusted reporting scope
School,2026,2025-09-30,33,Christina School District,District,TRUE,324,Maclary (R. Elisabeth) Elementary School,Matched,2037703,102982.01,194595.37,2335280.38,1,,0,,1,1,total,Districts use one school code per calculation unit; charters use calculator building rows and retain the shared charter totals; student enrollment categories use largest remainder,2649961.76,0,2649961.76,0,,0,,Current modeled funding versus proposed Base Funding,Current modeled funding versus all proposed funding,FALSE,TRUE,FALSE,Partial because the current model has missing inputs or rates,Preliminary arithmetic comparison only; at least one model has missing inputs or rates,363778.20569792145,507229.7573030772,TRUE,231,74,50,231,0,871007.9630009986,3520969.7230009986,314681.3799999999,13.475100578715088,,1185689.3430009987,50.77289019149807,,13.475100578715088,50.77289019149807,Increase,Increase,10109.438874458874,11471.69593073593,3770.5972424285656,15242.293173164497,TRUE,Bryan Allen Stevenson School of Excellence,Fixed pools redistributed across the adjusted reporting scope
School,2026,2025-09-30,33,Christina School District,District,TRUE,312,Marshall (Thurgood) Elementary School,Matched,4204685.7,305537.32,579505.47,5089728.49,1,,0,,1,1,total,Districts use one school code per calculation unit; charters use calculator building rows and retain the shared charter totals; student enrollment categories use largest remainder,5371348.2,0,5371348.2,0,,0,,Current modeled funding versus proposed Base Funding,Current modeled funding versus all proposed funding,FALSE,TRUE,FALSE,Partial because the current model has missing inputs or rates,Preliminary arithmetic comparison only; at least one model has missing inputs or rates,542324.2140765473,888318.8836698113,TRUE,543,110,75,543,0,1430643.0977463587,6801991.297746358,281619.70999999996,5.533098878521907,,1712262.8077463582,33.64153532178606,,5.533098878521907,33.64153532178606,Increase,Increase,9373.34896869245,9891.985635359117,2634.701837470274,12526.68747282939,TRUE,Bryan Allen Stevenson School of Excellence,Fixed pools redistributed across the adjusted reporting scope
School,2026,2025-09-30,33,Christina School District,District,TRUE,353,Maurice Pritchett SR. Academy,Matched,4701807.05,315035.03,587335.23,5604177.31,1,,0,,1,1,total,Districts use one school code per calculation unit; charters use calculator building rows and retain the shared charter totals; student enrollment categories use largest remainder,6088799.35,0,6088799.35,0,,0,,Current modeled funding versus proposed Base Funding,Current modeled funding versus all proposed funding,FALSE,TRUE,FALSE,Partial because the current model has missing inputs or rates,Preliminary arithmetic comparison only; at least one model has missing inputs or rates,1387607.0781536645,1585963.095202221,TRUE,558,390,36,558,0,2973570.173355886,9062369.523355886,484622.04000000004,8.647514402073764,,3458192.2133558867,61.70740185513308,,8.647514402073764,61.70740185513308,Increase,Increase,10043.328512544802,10911.826792114694,5328.978805297286,16240.805597411983,TRUE,Bryan Allen Stevenson School of Excellence,Fixed pools redistributed across the adjusted reporting scope
School,2026,2025-09-30,33,Christina School District,District,TRUE,326,McVey (Joseph M.) Elementary School,Matched,3303713.35,147239.75,391173.91,3842127.01,1,,0,,1,1,total,Districts use one school code per calculation unit; charters use calculator building rows and retain the shared charter totals; student enrollment categories use largest remainder,4129923.4,0,4129923.4,0,,0,,Current modeled funding versus proposed Base Funding,Current modeled funding versus all proposed funding,FALSE,TRUE,FALSE,Partial because the current model has missing inputs or rates,Preliminary arithmetic comparison only; at least one model has missing inputs or rates,460975.58196506527,732594.7293098985,TRUE,324,117,30,324,0,1193570.3112749637,5323493.711274964,287796.39000000013,7.490548575071706,,1481366.701274964,38.55590139054159,,7.490548575071706,38.55590139054159,Increase,Increase,11858.416697530864,12746.677160493828,3683.8589854165543,16430.53614591038,TRUE,Bryan Allen Stevenson School of Excellence,Fixed pools redistributed across the adjusted reporting scope
School,2026,2025-09-30,33,Christina School District,District,TRUE,394,Newark High School,Matched,8672306.55,772804.95,592136,10037247.5,1,,0,,1,1,total,Districts use one school code per calculation unit; charters use calculator building rows and retain the shared charter totals; student enrollment categories use largest remainder,11170813.18,0,11170813.18,0,,0,,Current modeled funding versus proposed Base Funding,Current modeled funding versus all proposed funding,FALSE,TRUE,FALSE,Partial because the current model has missing inputs or rates,Preliminary arithmetic comparison only; at least one model has missing inputs or rates,1464745.887598799,2281476.7726123175,TRUE,993,333,151,0,254,3746222.6602111165,14917035.840211116,1133565.6799999997,11.293590996934167,,4879788.340211116,48.61679798382092,,11.293590996934167,48.61679798382092,Increase,Increase,10108.00352467271,11249.560100704934,3772.6310777554045,15022.191178460338,TRUE,Bryan Allen Stevenson School of Excellence,Fixed pools redistributed across the adjusted reporting scope
School,2026,2025-09-30,33,Christina School District,District,TRUE,327,Oberle (William) Elementary School,Matched,3957567.35,214452.09,475735.36,4647754.81,1,,0,,1,1,total,Districts use one school code per calculation unit; charters use calculator building rows and retain the shared charter totals; student enrollment categories use largest remainder,4988018.09,0,4988018.09,0,,0,,Current modeled funding versus proposed Base Funding,Current modeled funding versus all proposed funding,FALSE,TRUE,FALSE,Partial because the current model has missing inputs or rates,Preliminary arithmetic comparison only; at least one model has missing inputs or rates,936809.3615760633,1112659.2476636115,TRUE,486,134,210,486,0,2049468.6092396749,7037486.699239675,340263.28000000026,7.321024750873214,,2389731.8892396754,51.41690960327736,,7.321024750873214,51.41690960327736,Increase,Increase,9563.281502057613,10263.41170781893,4217.01359925859,14480.425307077521,TRUE,Bryan Allen Stevenson School of Excellence,Fixed pools redistributed across the adjusted reporting scope
School,2026,2025-09-30,33,Christina School District,District,TRUE,358,Pulaski Early Education Center,Matched,820202.15,35767.26,29753.1,885722.51,1,,0,,1,1,total,Districts use one school code per calculation unit; charters use calculator building rows and retain the shared charter totals; student enrollment categories use largest remainder,1211619.97,0,1211619.97,0,,0,,Current modeled funding versus proposed Base Funding,Current modeled funding versus all proposed funding,FALSE,TRUE,FALSE,Partial because the current model has missing inputs or rates,Preliminary arithmetic comparison only; at least one model has missing inputs or rates,160344.71626235818,228162.31451856066,TRUE,77,41,10,57,0,388507.03078091884,1600127.0007809189,325897.45999999996,36.7945328610876,,714404.4907809189,80.65782259287042,,36.7945328610876,80.65782259287042,Increase,Increase,11502.88974025974,15735.324285714285,5045.545854297648,20780.87014001193,TRUE,Bryan Allen Stevenson School of Excellence,Fixed pools redistributed across the adjusted reporting scope
School,2026,2025-09-30,33,Christina School District,District,TRUE,512,REACH/CBIP,Matched,8195377.75,209221.26,568229.49,8972828.5,1,,0,,1,1,total,Districts use one school code per calculation unit; charters use calculator building rows and retain the shared charter totals; student enrollment categories use largest remainder,10523137.56,0,10523137.56,0,,0,,Current modeled funding versus proposed Base Funding,Current modeled funding versus all proposed funding,FALSE,TRUE,FALSE,Partial because the current model has missing inputs or rates,Preliminary arithmetic comparison only; at least one model has missing inputs or rates,190853.54876200686,1288420.1809448209,TRUE,212,55,3,96,4,1479273.7297068278,12002411.289706828,1550309.0600000005,17.277818917412727,,3029582.789706828,33.7639662867381,,17.277818917412727,33.7639662867381,Increase,Increase,42324.66273584906,49637.44132075472,6977.706272202018,56615.14759295674,TRUE,Bryan Allen Stevenson School of Excellence,Fixed pools redistributed across the adjusted reporting scope
School,2026,2025-09-30,33,Christina School District,District,TRUE,376,Shue-Medill Middle School,Matched,6240897.6,380571.87,810012.98,7431482.46,1,,0,,1,1,total,Districts use one school code per calculation unit; charters use calculator building rows and retain the shared charter totals; student enrollment categories use largest remainder,8057058.19,0,8057058.19,0,,0,,Current modeled funding versus proposed Base Funding,Current modeled funding versus all proposed funding,FALSE,TRUE,FALSE,Partial because the current model has missing inputs or rates,Preliminary arithmetic comparison only; at least one model has missing inputs or rates,1002953.1047632075,1602665.8321763864,TRUE,701,245,79,701,0,2605618.936939594,10662677.126939595,625575.7300000004,8.4179130256603,,3231194.666939595,43.479812868179664,,8.4179130256603,43.479812868179664,Increase,Increase,10601.25885877318,11493.663609129815,3717.002763109264,15210.66637223908,TRUE,Bryan Allen Stevenson School of Excellence,Fixed pools redistributed across the adjusted reporting scope
School,2026,2025-09-30,33,Christina School District,District,TRUE,330,Smith (Jennie E.) Elementary School,Matched,3873912.5,184593.56,436064.56,4494570.62,1,,0,,1,1,total,Districts use one school code per calculation unit; charters use calculator building rows and retain the shared charter totals; student enrollment categories use largest remainder,4887440.82,0,4887440.82,0,,0,,Current modeled funding versus proposed Base Funding,Current modeled funding versus all proposed funding,FALSE,TRUE,FALSE,Partial because the current model has missing inputs or rates,Preliminary arithmetic comparison only; at least one model has missing inputs or rates,739913.4791047104,991186.2754532525,TRUE,410,151,101,410,0,1731099.754557963,6618540.574557964,392870.2000000002,8.740995152057486,,2123969.9545579636,47.25634847312653,,8.740995152057486,47.25634847312653,Increase,Increase,10962.367365853659,11920.587365853658,4222.194523312105,16142.781889165764,TRUE,Bryan Allen Stevenson School of Excellence,Fixed pools redistributed across the adjusted reporting scope
School,2026,2025-09-30,33,Christina School District,District,TRUE,362,Stubbs Early Education Center,Matched,1344246.9,58159.35,117863.68,1520269.93,1,,0,,1,1,total,Districts use one school code per calculation unit; charters use calculator building rows and retain the shared charter totals; student enrollment categories use largest remainder,1839370.84,0,1839370.84,0,,0,,Current modeled funding versus proposed Base Funding,Current modeled funding versus all proposed funding,FALSE,TRUE,FALSE,Partial because the current model has missing inputs or rates,Preliminary arithmetic comparison only; at least one model has missing inputs or rates,301472.8302359766,405484.5552481826,TRUE,125,86,6,84,0,706957.3854841592,2546328.2254841593,319100.91000000015,20.989753444639938,,1026058.2954841594,67.49184965357826,,20.989753444639938,67.49184965357826,Increase,Increase,12162.15944,14714.96672,5655.659083873274,20370.625803873274,TRUE,Bryan Allen Stevenson School of Excellence,Fixed pools redistributed across the adjusted reporting scope
School,2026,2025-09-30,33,Christina School District,District,TRUE,352,The Bayard School,Matched,4714307.2,311667.2,582637.37,5608611.77,1,,0,,1,1,total,Districts use one school code per calculation unit; charters use calculator building rows and retain the shared charter totals; student enrollment categories use largest remainder,6104806.09,0,6104806.09,0,,0,,Current modeled funding versus proposed Base Funding,Current modeled funding versus all proposed funding,FALSE,TRUE,FALSE,Partial because the current model has missing inputs or rates,Preliminary arithmetic comparison only; at least one model has missing inputs or rates,1405783.606607189,1610098.306175601,TRUE,549,346,107,549,0,3015881.91278279,9120688.00278279,496194.3200000003,8.847007786384907,,3512076.2327827904,62.61934997121027,,8.847007786384907,62.61934997121027,Increase,Increase,10216.050582877959,11119.865373406194,5493.409677199982,16613.275050606175,TRUE,Bryan Allen Stevenson School of Excellence,Fixed pools redistributed across the adjusted reporting scope
School,2026,2025-09-30,33,Christina School District,District,TRUE,332,West Park Place Elementary School,Matched,2864407.85,147758.98,321854.77,3334021.6,1,,0,,1,1,total,Districts use one school code per calculation unit; charters use calculator building rows and retain the shared charter totals; student enrollment categories use largest remainder,3658896.95,0,3658896.95,0,,0,,Current modeled funding versus proposed Base Funding,Current modeled funding versus all proposed funding,FALSE,TRUE,FALSE,Partial because the current model has missing inputs or rates,Preliminary arithmetic comparison only; at least one model has missing inputs or rates,300804.2113419096,555126.1160069878,TRUE,333,67,33,333,0,855930.32734889735,4514827.277348897,324875.3500000001,9.744248507568159,,1180805.6773488973,35.41685744774111,,9.744248507568159,35.41685744774111,Increase,Increase,10012.076876876878,10987.67852852853,2570.3613433900823,13558.03987191861,TRUE,Bryan Allen Stevenson School of Excellence,Fixed pools redistributed across the adjusted reporting scope
School,2026,2025-09-30,33,Christina School District,District,TRUE,334,Wilson (Etta J.) Elementary School,Matched,2180012.4,124049.57,295755.55,2599817.52,1,,0,,1,1,total,Districts use one school code per calculation unit; charters use calculator building rows and retain the shared charter totals; student enrollment categories use largest remainder,2821792.35,0,2821792.35,0,,0,,Current modeled funding versus proposed Base Funding,Current modeled funding versus all proposed funding,FALSE,TRUE,FALSE,Partial because the current model has missing inputs or rates,Preliminary arithmetic comparison only; at least one model has missing inputs or rates,275074.7657517026,457137.8099998362,TRUE,283,60,32,283,0,732212.5757515389,3554004.925751539,221974.83000000007,8.538092704291033,,954187.4057515389,36.70209152800612,,8.538092704291033,36.70209152800612,Increase,Increase,9186.634346289753,9970.997703180212,2587.3235892280527,12558.321292408265,TRUE,Bryan Allen Stevenson School of Excellence,Fixed pools redistributed across the adjusted reporting scope
School,2026,2025-09-30,34,Colonial School District,District,TRUE,470,Bedford (Gunning) Middle School,Matched,6275513.4,435832.15,884656.74,7596002.29,1,,0,,1,1,total,Districts use one school code per calculation unit; charters use calculator building rows and retain the shared charter totals; student enrollment categories use largest remainder,8098457.67,0,8098457.67,0,,0,,Current modeled funding versus proposed Base Funding,Current modeled funding versus all proposed funding,FALSE,TRUE,FALSE,Partial because the current model has missing inputs or rates,Preliminary arithmetic comparison only; at least one model has missing inputs or rates,870962.7823418378,1548605.5617750965,TRUE,844,209,74,844,0,2419568.344116934,10518026.014116934,502455.3799999999,6.614734446058202,,2922023.7241169335,38.467915260685544,,6.614734446058202,38.467915260685544,Increase,Increase,9000.002713270142,9595.328992890994,2866.7871375793056,12462.1161304703,TRUE,Bryan Allen Stevenson School of Excellence,Fixed pools redistributed across the adjusted reporting scope
School,2026,2025-09-30,34,Colonial School District,District,TRUE,412,Castle Hills Elementary School,Matched,3248905,179906,436064.56,3864875.56,1,,0,,1,1,total,Districts use one school code per calculation unit; charters use calculator building rows and retain the shared charter totals; student enrollment categories use largest remainder,4062560.89,0,4062560.89,0,,0,,Current modeled funding versus proposed Base Funding,Current modeled funding versus all proposed funding,FALSE,TRUE,FALSE,Partial because the current model has missing inputs or rates,Preliminary arithmetic comparison only; at least one model has missing inputs or rates,772031.9496826683,915381.5461089648,TRUE,410,162,99,410,0,1687413.4957916331,5749974.385791633,197685.33000000007,5.114920957506846,,1885098.8257916332,48.77514932955909,,5.114920957506846,48.77514932955909,Increase,Increase,9426.52575609756,9908.685097560976,4115.6426726625195,14024.327770223495,TRUE,Bryan Allen Stevenson School of Excellence,Fixed pools redistributed across the adjusted reporting scope
School,2026,2025-09-30,34,Colonial School District,District,TRUE,410,Downie (Carrie) Elementary School,Matched,2182897.05,123686.58,295233.57,2601817.2,1,,0,,1,1,total,Districts use one school code per calculation unit; charters use calculator building rows and retain the shared charter totals; student enrollment categories use largest remainder,2824213.25,0,2824213.25,0,,0,,Current modeled funding versus proposed Base Funding,Current modeled funding versus all proposed funding,FALSE,TRUE,FALSE,Partial because the current model has missing inputs or rates,Preliminary arithmetic comparison only; at least one model has missing inputs or rates,502454.71705996105,613886.5723727699,TRUE,282,112,55,282,0,1116341.289432731,3940554.539432731,222396.0499999998,8.547720031983792,,1338737.3394327308,51.453935327690616,,8.547720031983792,51.453935327690616,Increase,Increase,9226.302127659575,10014.94060283688,3958.657054725996,13973.597657562876,TRUE,Bryan Allen Stevenson School of Excellence,Fixed pools redistributed across the adjusted reporting scope
School,2026,2025-09-30,34,Colonial School District,District,TRUE,456,Eisenberg (Harry O.) Elementary School,Matched,3529677.6,191627.3,449114.16,4170419.06,1,,0,,1,1,total,Districts use one school code per calculation unit; charters use calculator building rows and retain the shared charter totals; student enrollment categories use largest remainder,4473690.98,0,4473690.98,0,,0,,Current modeled funding versus proposed Base Funding,Current modeled funding versus all proposed funding,FALSE,TRUE,FALSE,Partial because the current model has missing inputs or rates,Preliminary arithmetic comparison only; at least one model has missing inputs or rates,885697.1616740543,1033195.2039871069,TRUE,435,196,99,435,0,1918892.3656611613,6392583.3456611615,303271.9200000004,7.27197712356514,,2222164.2856611614,53.28395668854346,,7.27197712356514,53.28395668854346,Increase,Increase,9587.170252873564,10284.347080459771,4411.246817611865,14695.593898071636,TRUE,Bryan Allen Stevenson School of Excellence,Fixed pools redistributed across the adjusted reporting scope
School,2026,2025-09-30,34,Colonial School District,District,TRUE,514,Leach (John G.) School,Matched,3280636.15,60142.55,235100.61,3575879.31,1,,0,,1,1,total,Districts use one school code per calculation unit; charters use calculator building rows and retain the shared charter totals; student enrollment categories use largest remainder,4101555.28,0,4101555.28,0,,0,,Current modeled funding versus proposed Base Funding,Current modeled funding versus all proposed funding,FALSE,TRUE,FALSE,Partial because the current model has missing inputs or rates,Preliminary arithmetic comparison only; at least one model has missing inputs or rates,49131.10688255113,487876.0503904614,TRUE,92,14,1,25,3,537007.1572730126,4638562.4372730125,525675.9699999997,14.700607163388847,,1062683.1272730124,29.71809267447039,,14.700607163388847,29.71809267447039,Increase,Increase,38868.25336956522,44582.12260869565,5837.034318184919,50419.15692688057,TRUE,Bryan Allen Stevenson School of Excellence,Fixed pools redistributed across the adjusted reporting scope
Vocational/program record,2026,2025-09-30,34,Colonial School District,District,TRUE,,Leach Exceptional VocEd,Matched,269234,0,0,269234,0,,0,,0,0,total,Districts use one school code per calculation unit; charters use calculator building rows and retain the shared charter totals; student enrollment categories use largest remainder,269234,0,269234,0,,0,,Current modeled funding versus proposed Base Funding,Current modeled funding versus all proposed funding,TRUE,TRUE,TRUE,Complete,Complete modeled comparison,0,0,FALSE,0,0,0,0,0,0,269234,0,0,0,0,0,0,0,0,No material change,No material change,,,,,TRUE,Bryan Allen Stevenson School of Excellence,Fixed pools redistributed across the adjusted reporting scope
School,2026,2025-09-30,34,Colonial School District,District,TRUE,476,McCullough (Calvin R. ) Middle School,Matched,4393149.5,317720.16,594121.03,5304990.69,1,,0,,1,1,total,Districts use one school code per calculation unit; charters use calculator building rows and retain the shared charter totals; student enrollment categories use largest remainder,5718554.31,0,5718554.31,0,,0,,Current modeled funding versus proposed Base Funding,Current modeled funding versus all proposed funding,FALSE,TRUE,FALSE,Partial because the current model has missing inputs or rates,Preliminary arithmetic comparison only; at least one model has missing inputs or rates,1016969.3378758709,1348888.3173323048,TRUE,571,229,108,571,0,2365857.6552081755,8084411.965208175,413563.6199999992,7.795746386126064,,2779421.2752081743,52.39257592755877,,7.795746386126064,52.39257592755877,Increase,Increase,9290.701733800352,10014.981278458843,4143.358415425877,14158.33969388472,TRUE,Bryan Allen Stevenson School of Excellence,Fixed pools redistributed across the adjusted reporting scope
School,2026,2025-09-30,34,Colonial School District,District,TRUE,432,New Castle Elementary School,Matched,2753829.6,153083.57,330206.52,3237119.68,1,,0,,1,1,total,Districts use one school code per calculation unit; charters use calculator building rows and retain the shared charter totals; student enrollment categories use largest remainder,3526157.66,0,3526157.66,0,,0,,Current modeled funding versus proposed Base Funding,Current modeled funding versus all proposed funding,FALSE,TRUE,FALSE,Partial because the current model has missing inputs or rates,Preliminary arithmetic comparison only; at least one model has missing inputs or rates,623870.9554899752,760307.9365192238,TRUE,349,133,77,349,0,1384178.8920091991,4910336.552009199,289037.98,8.928862957578387,,1673216.8720091986,51.68844644042319,,8.928862957578387,51.68844644042319,Increase,Increase,9275.414555873926,10103.603610315187,3966.1286303988513,14069.732240714036,TRUE,Bryan Allen Stevenson School of Excellence,Fixed pools redistributed across the adjusted reporting scope
School,2026,2025-09-30,34,Colonial School District,District,TRUE,490,Penn (William) High School,Matched,18237012.5,1581821.87,1184272,21003106.37,1,,0,,1,1,total,Districts use one school code per calculation unit; charters use calculator building rows and retain the shared charter totals; student enrollment categories use largest remainder,23314055.41,0,23314055.41,0,,0,,Current modeled funding versus proposed Base Funding,Current modeled funding versus all proposed funding,FALSE,TRUE,FALSE,Partial because the current model has missing inputs or rates,Preliminary arithmetic comparison only; at least one model has missing inputs or rates,2704068.153246054,4529824.552803628,TRUE,2005,593,310,0,538,7233892.706049683,30547948.116049685,2310949.039999999,11.00289166416291,,9544841.746049684,45.444905043585145,,11.00289166416291,45.444905043585145,Increase,Increase,10475.364773067333,11627.957810473816,3607.9265366831332,15235.88434715695,TRUE,Bryan Allen Stevenson School of Excellence,Fixed pools redistributed across the adjusted reporting scope
School,2026,2025-09-30,34,Colonial School District,District,TRUE,418,Pleasantville Elementary School,Matched,3016332.75,170821.76,351607.87,3538762.38,1,,0,,1,1,total,Districts use one school code per calculation unit; charters use calculator building rows and retain the shared charter totals; student enrollment categories use largest remainder,3840193.55,0,3840193.55,0,,0,,Current modeled funding versus proposed Base Funding,Current modeled funding versus all proposed funding,FALSE,TRUE,FALSE,Partial because the current model has missing inputs or rates,Preliminary arithmetic comparison only; at least one model has missing inputs or rates,593312.5956648401,767528.9834681326,TRUE,390,135,61,390,0,1360841.5791329728,5201035.129132973,301431.1699999999,8.51798277566181,,1662272.7491329731,46.97327965640274,,8.51798277566181,46.97327965640274,Increase,Increase,9073.749692307692,9846.650128205129,3489.337382392238,13335.987510597366,TRUE,Bryan Allen Stevenson School of Excellence,Fixed pools redistributed across the adjusted reporting scope
School,2026,2025-09-30,34,Colonial School District,District,TRUE,474,Read (George) Middle School,Matched,6262051.7,339191.57,753638.68,7354881.95,1,,0,,1,1,total,Districts use one school code per calculation unit; charters use calculator building rows and retain the shared charter totals; student enrollment categories use largest remainder,8082083.85,0,8082083.85,0,,0,,Current modeled funding versus proposed Base Funding,Current modeled funding versus all proposed funding,FALSE,TRUE,FALSE,Partial because the current model has missing inputs or rates,Preliminary arithmetic comparison only; at least one model has missing inputs or rates,905210.9279157128,1547580.9537620756,TRUE,593,190,116,593,0,2452791.8816777887,10534875.73167779,727201.8999999994,9.887336125088988,,3179993.781677789,43.2365033632904,,9.887336125088988,43.2365033632904,Increase,Increase,12402.83634064081,13629.146458684654,4136.242633520723,17765.38909220538,TRUE,Bryan Allen Stevenson School of Excellence,Fixed pools redistributed across the adjusted reporting scope
School,2026,2025-09-30,34,Colonial School District,District,TRUE,427,Southern Elementary School,Matched,10998906.55,501551.69,1133224.17,12633682.41,1,,0,,1,1,total,Districts use one school code per calculation unit; charters use calculator building rows and retain the shared charter totals; student enrollment categories use largest remainder,14218518.73,0,14218518.73,0,,0,,Current modeled funding versus proposed Base Funding,Current modeled funding versus all proposed funding,FALSE,TRUE,FALSE,Partial because the current model has missing inputs or rates,Preliminary arithmetic comparison only; at least one model has missing inputs or rates,836169.8361876118,2086557.2958495442,TRUE,753,216,49,753,0,2922727.1320371563,17141245.862037156,1584836.3200000003,12.544531899468575,,4507563.452037156,35.678935925041635,,12.544531899468575,35.678935925041635,Increase,Increase,16777.798685258964,18882.494993359895,3881.443734445095,22763.938727804987,TRUE,Bryan Allen Stevenson School of Excellence,Fixed pools redistributed across the adjusted reporting scope
School,2026,2025-09-30,34,Colonial School District,District,TRUE,450,The Colwyck Center,Matched,4735461.3,187593.6,296068,5219122.9,1,,0,,1,1,total,Districts use one school code per calculation unit; charters use calculator building rows and retain the shared charter totals; student enrollment categories use largest remainder,6129658.14,0,6129658.14,0,,0,,Current modeled funding versus proposed Base Funding,Current modeled funding versus all proposed funding,FALSE,TRUE,FALSE,Partial because the current model has missing inputs or rates,Preliminary arithmetic comparison only; at least one model has missing inputs or rates,240702.80186411142,909266.4252693485,TRUE,226,72,0,0,0,1149969.2271334599,7279627.367133459,910535.2399999993,17.44613525004363,,2060504.4671334587,39.47989933583397,,17.44613525004363,39.47989933583397,Increase,Increase,23093.464159292038,27122.381150442478,5088.359412094956,32210.74056253743,TRUE,Bryan Allen Stevenson School of Excellence,Fixed pools redistributed across the adjusted reporting scope
School,2026,2025-09-30,34,Colonial School District,District,TRUE,422,Wilbur (Kathleen H.) Elementary,Matched,7287064,506881.08,1044801.14,8838746.23,1,,0,,1,1,total,Districts use one school code per calculation unit; charters use calculator building rows and retain the shared charter totals; student enrollment categories use largest remainder,9387086.94,0,9387086.94,0,,0,,Current modeled funding versus proposed Base Funding,Current modeled funding versus all proposed funding,FALSE,TRUE,FALSE,Partial because the current model has missing inputs or rates,Preliminary arithmetic comparison only; at least one model has missing inputs or rates,1202746.3357755172,1710493.6278323885,TRUE,1009,279,116,1009,0,2913239.9636079054,12300326.903607905,548340.709999999,6.203829092172035,,3461580.6736079045,39.16370697304095,,6.203829092172035,39.16370697304095,Increase,Increase,8759.907066402378,9303.356729435083,2887.254671563831,12190.611400998914,TRUE,Bryan Allen Stevenson School of Excellence,Fixed pools redistributed across the adjusted reporting scope
School,2026,2025-09-30,34,Colonial School District,District,TRUE,420,Wilmington Manor Elementary School,Matched,2519439.55,138518.49,311937.07,2969895.1,1,,0,,1,1,total,Districts use one school code per calculation unit; charters use calculator building rows and retain the shared charter totals; student enrollment categories use largest remainder,3348983.56,0,3348983.56,0,,0,,Current modeled funding versus proposed Base Funding,Current modeled funding versus all proposed funding,FALSE,TRUE,FALSE,Partial because the current model has missing inputs or rates,Preliminary arithmetic comparison only; at least one model has missing inputs or rates,426999.83668136556,612894.4915982578,TRUE,314,95,47,314,0,1039894.3282796233,4388877.888279623,379088.45999999996,12.76437204802284,,1418982.7882796233,47.77888580238485,,12.76437204802284,47.77888580238485,Increase,Increase,9458.264649681529,10665.552738853503,3311.7653766866983,13977.318115540202,TRUE,Bryan Allen Stevenson School of Excellence,Fixed pools redistributed across the adjusted reporting scope
School,2026,2025-09-30,79,Delaware Military Academy,Charter,TRUE,578,Delaware Military Academy,Matched,3482561.65,352814.33,222051,4057426.98,2,,2,,1,1,total,Districts use one school code per calculation unit; charters use calculator building rows and retain the shared charter totals; student enrollment categories use largest remainder,4417510.94,0,4417510.94,0,,0,,Current modeled funding versus proposed Base Funding,Current modeled funding versus all proposed funding,FALSE,TRUE,FALSE,Partial because the current model has missing inputs or rates,Preliminary arithmetic comparison only; at least one model has missing inputs or rates,247859.50039690244,608145.5147760025,TRUE,555,63,16,0,150,856005.0151729049,5273515.955172906,360083.9600000004,8.874687376382568,,1216088.9751729057,29.971925093594802,,8.874687376382568,29.971925093594802,Increase,Increase,7310.679243243243,7959.479171171172,1542.3513786899189,9501.830549861092,TRUE,Bryan Allen Stevenson School of Excellence,Fixed pools redistributed across the adjusted reporting scope
School,2026,2025-09-30,37,Delmar School District,District,TRUE,730,Delmar High School,Matched,4834500.95,502955.55,296068,5633524.5,1,,0,,1,1,total,Districts use one school code per calculation unit; charters use calculator building rows and retain the shared charter totals; student enrollment categories use largest remainder,6248683.24,0,6248683.24,0,,0,,Current modeled funding versus proposed Base Funding,Current modeled funding versus all proposed funding,FALSE,TRUE,FALSE,Partial because the current model has missing inputs or rates,Preliminary arithmetic comparison only; at least one model has missing inputs or rates,362589.54988624685,930669.3482080059,TRUE,694,82,38,0,175,1293258.8980942527,7541942.138094253,615158.7400000002,10.919607077239128,,1908417.638094253,33.876086597196,,10.919607077239128,33.876086597196,Increase,Increase,8117.470461095101,9003.866340057637,1863.4854439398453,10867.351783997483,TRUE,Bryan Allen Stevenson School of Excellence,Fixed pools redistributed across the adjusted reporting scope
School,2026,2025-09-30,37,Delmar School District,District,TRUE,733,Delmar Middle School,Matched,5059503.65,401949.53,696429.95,6157883.13,1,,0,,1,1,total,Districts use one school code per calculation unit; charters use calculator building rows and retain the shared charter totals; student enrollment categories use largest remainder,6593033.15,0,6593033.15,0,,0,,Current modeled funding versus proposed Base Funding,Current modeled funding versus all proposed funding,FALSE,TRUE,FALSE,Partial because the current model has missing inputs or rates,Preliminary arithmetic comparison only; at least one model has missing inputs or rates,478755.89181469823,1053280.773766166,TRUE,777,107,52,767,0,1532036.6655808643,8125069.815580864,435150.0200000005,7.066552105869545,,1967186.6855808645,31.945826902708117,,7.066552105869545,31.945826902708117,Increase,Increase,7925.203513513513,8485.24214929215,1971.7331603357327,10456.975309627882,TRUE,Bryan Allen Stevenson School of Excellence,Fixed pools redistributed across the adjusted reporting scope
School,2026,2025-09-30,9604,Early College High School at Del State,Charter,TRUE,4040,Early College School at Del State,Matched,3712372.1,357614.87,318096.11,4388083.08,2,,2,,1,1,total,Districts use one school code per calculation unit; charters use calculator building rows and retain the shared charter totals; student enrollment categories use largest remainder,4694352.81,0,4694352.81,0,,0,,Current modeled funding versus proposed Base Funding,Current modeled funding versus all proposed funding,FALSE,TRUE,FALSE,Partial because the current model has missing inputs or rates,Preliminary arithmetic comparison only; at least one model has missing inputs or rates,661387.9045459556,1005969.9053554103,TRUE,597,186,17,184,133,1667357.809901366,6361710.619901366,306269.7299999995,6.979579110430141,,1973627.5399013655,44.97698662308294,,6.979579110430141,44.97698662308294,Increase,Increase,7350.222914572864,7863.237537688441,2792.8941539386365,10656.131691627079,TRUE,Bryan Allen Stevenson School of Excellence,Fixed pools redistributed across the adjusted reporting scope
School,2026,2025-09-30,72,East Side Charter School,Charter,TRUE,571,East Side Charter School,Matched,3543139.3,201343.76,462163.77,4206646.83,2,,2,,2,2,total,Districts use one school code per calculation unit; charters use calculator building rows and retain the shared charter totals; student enrollment categories use largest remainder,4570529.81,0,4570529.81,0,,0,,Current modeled funding versus proposed Base Funding,Current modeled funding versus all proposed funding,FALSE,TRUE,FALSE,Partial because the current model has missing inputs or rates,Preliminary arithmetic comparison only; at least one model has missing inputs or rates,1102503.0289909572,1197213.804166712,TRUE,460,327,4,460,0,2299716.8331576693,6870246.643157668,363882.9799999995,8.650190869481657,,2663599.8131576683,63.318836137182174,,8.650190869481657,63.318836137182174,Increase,Increase,9144.884413043479,9935.934369565217,4999.384419907977,14935.318789473193,TRUE,Bryan Allen Stevenson School of Excellence,Fixed pools redistributed across the adjusted reporting scope
School,2026,2025-09-30,76,Edison (Thomas A.) Charter School,Charter,TRUE,575,Edison (Thomas A.) Charter School,Matched,4196031.75,303549.32,576895.55,5076476.61,2,,2,,3,3,total,Districts use one school code per calculation unit; charters use calculator building rows and retain the shared charter totals; student enrollment categories use largest remainder,5445486.31,0,5445486.31,0,,0,,Current modeled funding versus proposed Base Funding,Current modeled funding versus all proposed funding,FALSE,TRUE,FALSE,Partial because the current model has missing inputs or rates,Preliminary arithmetic comparison only; at least one model has missing inputs or rates,1369653.4226648293,1452845.371605784,TRUE,538,409,1,538,0,2822498.794270613,8267985.104270613,369009.69999999925,7.269012119017707,,3191508.4942706125,62.868574790313325,,7.269012119017707,62.868574790313325,Increase,Increase,9435.830130111524,10121.721765799255,5246.2802867483515,15368.002052547607,TRUE,Bryan Allen Stevenson School of Excellence,Fixed pools redistributed across the adjusted reporting scope
School,2026,2025-09-30,9607,First State Military Academy,Charter,TRUE,4055,First State Military Academy,Matched,3101910.7,273772.52,148034,3523717.22,2,,2,,1,1,total,Districts use one school code per calculation unit; charters use calculator building rows and retain the shared charter totals; student enrollment categories use largest remainder,3943700.47,0,3943700.47,0,,0,,Current modeled funding versus proposed Base Funding,Current modeled funding versus all proposed funding,FALSE,TRUE,FALSE,Partial because the current model has missing inputs or rates,Preliminary arithmetic comparison only; at least one model has missing inputs or rates,286837.50555473275,631239.8541171071,TRUE,424,67,27,0,116,918077.3596718399,4861777.82967184,419983.25,11.918755784835652,,1338060.60967184,37.9729849511545,,11.918755784835652,37.9729849511545,Increase,Increase,8310.653820754718,9301.180353773585,2165.2767916788675,11466.457145452454,TRUE,Bryan Allen Stevenson School of Excellence,Fixed pools redistributed across the adjusted reporting scope
School,2026,2025-09-30,9606,First State Montessori Academy,Charter,TRUE,4050,First State Montessori Academy,Matched,4568151.6,348648.41,634313.82,5551113.83,2,,2,,2,2,total,Districts use one school code per calculation unit; charters use calculator building rows and retain the shared charter totals; student enrollment categories use largest remainder,5948034.43,0,5948034.43,0,,0,,Current modeled funding versus proposed Base Funding,Current modeled funding versus all proposed funding,FALSE,TRUE,FALSE,Partial because the current model has missing inputs or rates,Preliminary arithmetic comparison only; at least one model has missing inputs or rates,218613.614697158,740807.8570333194,TRUE,648,64,2,648,0,959421.4717304774,6907455.901730477,396920.5999999996,7.150287530673815,,1356342.0717304768,24.433692287129283,,7.150287530673815,24.433692287129283,Increase,Increase,8566.533688271606,9179.065478395061,1480.5886909420947,10659.654169337156,TRUE,Bryan Allen Stevenson School of Excellence,Fixed pools redistributed across the adjusted reporting scope
School,2026,2025-09-30,9612,Freire Charter School Wilmington,Charter,TRUE,4080,Freire Charter School,Matched,3191212,213319.87,259111.88,3663643.75,2,,2,,1,1,total,Districts use one school code per calculation unit; charters use calculator building rows and retain the shared charter totals; student enrollment categories use largest remainder,3992750.09,0,3992750.09,0,,0,,Current modeled funding versus proposed Base Funding,Current modeled funding versus all proposed funding,FALSE,TRUE,FALSE,Partial because the current model has missing inputs or rates,Preliminary arithmetic comparison only; at least one model has missing inputs or rates,632612.5284383324,883049.4710314184,TRUE,370,176,19,71,64,1515661.9994697508,5508412.08946975,329106.33999999985,8.983033353065506,,1844768.3394697504,50.35337672964929,,8.983033353065506,50.35337672964929,Increase,Increase,9901.739864864865,10791.21645945946,4096.383782350677,14887.600241810136,TRUE,Bryan Allen Stevenson School of Excellence,Fixed pools redistributed across the adjusted reporting scope
School,2026,2025-09-30,92,Gateway Charter School,Charter,TRUE,543,Gateway Charter School,Matched,2211743.55,96594.91,258172.68,2566511.14,2,,2,,2,2,total,Districts use one school code per calculation unit; charters use calculator building rows and retain the shared charter totals; student enrollment categories use largest remainder,2925906.35,0,2925906.35,0,,0,,Current modeled funding versus proposed Base Funding,Current modeled funding versus all proposed funding,FALSE,TRUE,FALSE,Partial because the current model has missing inputs or rates,Preliminary arithmetic comparison only; at least one model has missing inputs or rates,336934.3952842695,546815.406568041,TRUE,211,98,4,211,0,883749.8018523105,3809656.1518523106,359395.20999999996,14.003259303990395,,1243145.0118523105,48.437156281048146,,14.003259303990395,48.437156281048146,Increase,Increase,12163.559905213271,13866.854739336493,4188.387686503841,18055.242425840333,TRUE,Bryan Allen Stevenson School of Excellence,Fixed pools redistributed across the adjusted reporting scope
School,2026,2025-09-30,9611,Great Oaks Charter School,Charter,TRUE,4075,Great Oaks Charter School,Matched,1598274.65,95070.85,74017,1767362.5,2,,2,,1,1,total,Districts use one school code per calculation unit; charters use calculator building rows and retain the shared charter totals; student enrollment categories use largest remainder,1961675.93,0,1961675.93,0,,0,,Current modeled funding versus proposed Base Funding,Current modeled funding versus all proposed funding,FALSE,TRUE,FALSE,Partial because the current model has missing inputs or rates,Preliminary arithmetic comparison only; at least one model has missing inputs or rates,302488.14040844864,449542.69980807864,TRUE,141,87,5,0,39,752030.8402165272,2713706.7702165274,194313.42999999993,10.994542998394497,,946344.2702165274,53.54556692339729,,10.994542998394497,53.54556692339729,Increase,Increase,12534.485815602837,13912.59524822695,5333.552058273242,19246.147306500196,TRUE,Bryan Allen Stevenson School of Excellence,Fixed pools redistributed across the adjusted reporting scope
School,2026,2025-09-30,36,Indian River School District,District,TRUE,732,Clayton (John M.) Elementary School,Matched,3562370.3,193795.59,451724.09,4207889.98,1,,0,,1,1,total,Districts use one school code per calculation unit; charters use calculator building rows and retain the shared charter totals; student enrollment categories use largest remainder,4513737.17,0,4513737.17,0,,0,,Current modeled funding versus proposed Base Funding,Current modeled funding versus all proposed funding,FALSE,TRUE,FALSE,Partial because the current model has missing inputs or rates,Preliminary arithmetic comparison only; at least one model has missing inputs or rates,702347.0027232437,912128.822258105,TRUE,440,114,138,440,0,1614475.8249813486,6128212.9949813485,305847.1899999995,7.268421737585435,,1920323.014981348,45.63624581699134,,7.268421737585435,45.63624581699134,Increase,Increase,9563.38631818182,10258.493568181819,3669.263238593974,13927.756806775793,TRUE,Bryan Allen Stevenson School of Excellence,Fixed pools redistributed across the adjusted reporting scope
School,2026,2025-09-30,36,Indian River School District,District,TRUE,738,East Millsboro Elementary School,Matched,5531396.55,404064.94,774622.82,6710084.32,1,,0,,1,1,total,Districts use one school code per calculation unit; charters use calculator building rows and retain the shared charter totals; student enrollment categories use largest remainder,7053476.36,0,7053476.36,0,,0,,Current modeled funding versus proposed Base Funding,Current modeled funding versus all proposed funding,FALSE,TRUE,FALSE,Partial because the current model has missing inputs or rates,Preliminary arithmetic comparison only; at least one model has missing inputs or rates,1095519.6760973688,1405745.9302453338,TRUE,775,233,136,775,0,2501265.6063427026,9554741.966342703,343392.04000000004,5.117551786592154,,2844657.646342702,42.3937690002486,,5.117551786592154,42.3937690002486,Increase,Increase,8658.173316129032,9101.259819354838,3227.4394920551003,12328.699311409939,TRUE,Bryan Allen Stevenson School of Excellence,Fixed pools redistributed across the adjusted reporting scope
School,2026,2025-09-30,36,Indian River School District,District,TRUE,750,Ennis (Howard T.) School,Matched,11957220.9,360807.21,907100.2,13225128.32,1,,0,,1,1,total,Districts use one school code per calculation unit; charters use calculator building rows and retain the shared charter totals; student enrollment categories use largest remainder,15280945.11,0,15280945.11,0,,0,,Current modeled funding versus proposed Base Funding,Current modeled funding versus all proposed funding,FALSE,TRUE,FALSE,Partial because the current model has missing inputs or rates,Preliminary arithmetic comparison only; at least one model has missing inputs or rates,372742.6516109676,2073318.7097765447,TRUE,339,92,28,178,16,2446061.361387512,17727006.471387513,2055816.789999999,15.544777640388135,,4501878.151387513,34.040336263349865,,15.544777640388135,34.040336263349865,Increase,Increase,39012.177935103246,45076.53424778761,7215.520240081157,52292.05448786877,TRUE,Bryan Allen Stevenson School of Excellence,Fixed pools redistributed across the adjusted reporting scope
School,2026,2025-09-30,36,Indian River School District,District,TRUE,734,Georgetown Elementary School,Matched,7027445.5,445317.84,889876.58,8362639.92,1,,0,,1,1,total,Districts use one school code per calculation unit; charters use calculator building rows and retain the shared charter totals; student enrollment categories use largest remainder,9076134.12,0,9076134.12,0,,0,,Current modeled funding versus proposed Base Funding,Current modeled funding versus all proposed funding,FALSE,TRUE,FALSE,Partial because the current model has missing inputs or rates,Preliminary arithmetic comparison only; at least one model has missing inputs or rates,1815894.6252976777,2106187.484289483,TRUE,854,257,411,854,0,3922082.109587161,12998216.22958716,713494.1999999993,8.531925406636416,,4635576.30958716,55.431973084250174,,8.531925406636416,55.431973084250174,Increase,Increase,9792.318407494146,10627.791709601872,4592.602001858502,15220.393711460374,TRUE,Bryan Allen Stevenson School of Excellence,Fixed pools redistributed across the adjusted reporting scope
School,2026,2025-09-30,36,Indian River School District,District,TRUE,743,Georgetown Middle School,Matched,6230320.55,436262.45,885700.71,7552283.7,1,,0,,1,1,total,Districts use one school code per calculation unit; charters use calculator building rows and retain the shared charter totals; student enrollment categories use largest remainder,8043841.63,0,8043841.63,0,,0,,Current modeled funding versus proposed Base Funding,Current modeled funding versus all proposed funding,FALSE,TRUE,FALSE,Partial because the current model has missing inputs or rates,Preliminary arithmetic comparison only; at least one model has missing inputs or rates,1348752.8913095503,1794609.066615623,TRUE,846,205,285,846,0,3143361.9579251735,11187203.587925173,491557.9299999997,6.5087323189408215,,3634919.887925173,48.13007604474886,,6.5087323189408215,48.13007604474886,Increase,Increase,8927.049290780142,9508.087033096926,3715.5578698879117,13223.644902984839,TRUE,Bryan Allen Stevenson School of Excellence,Fixed pools redistributed across the adjusted reporting scope
School,2026,2025-09-30,36,Indian River School District,District,TRUE,746,Indian River High School,Matched,8400187.9,786918.1,592136,9779242,1,,0,,1,1,total,Districts use one school code per calculation unit; charters use calculator building rows and retain the shared charter totals; student enrollment categories use largest remainder,10769936.81,0,10769936.81,0,,0,,Current modeled funding versus proposed Base Funding,Current modeled funding versus all proposed funding,FALSE,TRUE,FALSE,Partial because the current model has missing inputs or rates,Preliminary arithmetic comparison only; at least one model has missing inputs or rates,777455.1918234339,1741882.4129931857,TRUE,1059,149,120,0,242,2519337.6048166193,13289274.41481662,990694.8100000005,10.13058895566753,,3510032.41481662,35.89268385848944,,10.13058895566753,35.89268385848944,Increase,Increase,9234.411709159585,10169.912001888575,2378.977908230991,12548.889910119566,TRUE,Bryan Allen Stevenson School of Excellence,Fixed pools redistributed across the adjusted reporting scope
School,2026,2025-09-30,36,Indian River School District,District,TRUE,745,Indian River Intensive Learning Center,Matched,1996356.35,55748.27,79236.84,2131341.46,1,,0,,1,1,total,Districts use one school code per calculation unit; charters use calculator building rows and retain the shared charter totals; student enrollment categories use largest remainder,2512352.48,0,2512352.48,0,,0,,Current modeled funding versus proposed Base Funding,Current modeled funding versus all proposed funding,FALSE,TRUE,FALSE,Partial because the current model has missing inputs or rates,Preliminary arithmetic comparison only; at least one model has missing inputs or rates,103635.92858038131,382439.006764841,TRUE,109,31,0,10,0,486074.9353452223,2998427.415345222,381011.02,17.876582760230264,,867085.9553452223,40.68263915558712,,17.876582760230264,40.68263915558712,Increase,Increase,19553.59137614679,23049.105321100917,4459.403076561673,27508.50839766259,TRUE,Bryan Allen Stevenson School of Excellence,Fixed pools redistributed across the adjusted reporting scope
School,2026,2025-09-30,36,Indian River School District,District,TRUE,690,Long Neck Elementary School,Matched,4945079.2,370706.37,660413.03,5976198.6,1,,0,,1,1,total,Districts use one school code per calculation unit; charters use calculator building rows and retain the shared charter totals; student enrollment categories use largest remainder,6379562.52,0,6379562.52,0,,0,,Current modeled funding versus proposed Base Funding,Current modeled funding versus all proposed funding,FALSE,TRUE,FALSE,Partial because the current model has missing inputs or rates,Preliminary arithmetic comparison only; at least one model has missing inputs or rates,1185882.2814473836,1392035.6992139597,TRUE,698,228,182,698,0,2577917.9806613433,8957480.500661343,403363.9199999999,6.749506617802159,,2981281.9006613437,49.8859241502005,,6.749506617802159,49.8859241502005,Increase,Increase,8561.88911174785,9139.774383954154,3693.2922359045033,12833.066619858659,TRUE,Bryan Allen Stevenson School of Excellence,Fixed pools redistributed across the adjusted reporting scope
School,2026,2025-09-30,36,Indian River School District,District,TRUE,736,Lord Baltimore Elementary School,Matched,4083530.4,243474.08,513840.22,4840844.69,1,,0,,1,1,total,Districts use one school code per calculation unit; charters use calculator building rows and retain the shared charter totals; student enrollment categories use largest remainder,5225450.11,0,5225450.11,0,,0,,Current modeled funding versus proposed Base Funding,Current modeled funding versus all proposed funding,FALSE,TRUE,FALSE,Partial because the current model has missing inputs or rates,Preliminary arithmetic comparison only; at least one model has missing inputs or rates,355011.86908682116,746272.4331027638,TRUE,559,86,29,559,0,1101284.302189585,6326734.412189585,384605.4199999999,7.945006391023049,,1485889.7221895847,30.694843923810836,,7.945006391023049,30.694843923810836,Increase,Increase,8659.829499105546,9347.85350626118,1970.097141662943,11317.950647924124,TRUE,Bryan Allen Stevenson School of Excellence,Fixed pools redistributed across the adjusted reporting scope
School,2026,2025-09-30,36,Indian River School District,District,TRUE,692,North Georgetown Elementary School,Matched,5774545.85,410920.8,781930.6,6967397.25,1,,0,,1,1,total,Districts use one school code per calculation unit; charters use calculator building rows and retain the shared charter totals; student enrollment categories use largest remainder,7289330.45,0,7289330.45,0,,0,,Current modeled funding versus proposed Base Funding,Current modeled funding versus all proposed funding,FALSE,TRUE,FALSE,Partial because the current model has missing inputs or rates,Preliminary arithmetic comparison only; at least one model has missing inputs or rates,1889343.6489940723,1954870.7707474856,TRUE,789,217,500,789,0,3844214.419741558,11133544.869741559,321933.2000000002,4.620566166225131,,4166147.619741559,59.794891410010514,,4.620566166225131,59.794891410010514,Increase,Increase,8830.66825095057,9238.695120405577,4872.261621979161,14110.956742384738,TRUE,Bryan Allen Stevenson School of Excellence,Fixed pools redistributed across the adjusted reporting scope
School,2026,2025-09-30,36,Indian River School District,District,TRUE,742,Selbyville Middle School,Matched,5876470.15,394377.33,758441.31,7029288.79,1,,0,,1,1,total,Districts use one school code per calculation unit; charters use calculator building rows and retain the shared charter totals; student enrollment categories use largest remainder,7411631.31,0,7411631.31,0,,0,,Current modeled funding versus proposed Base Funding,Current modeled funding versus all proposed funding,FALSE,TRUE,FALSE,Partial because the current model has missing inputs or rates,Preliminary arithmetic comparison only; at least one model has missing inputs or rates,605719.190699194,1257470.51350389,TRUE,744,122,85,744,0,1863189.704203084,9274821.014203083,382342.51999999955,5.439277449290849,,2245532.2242030827,31.94536874623247,,5.439277449290849,31.94536874623247,Increase,Increase,9447.96880376344,9961.87004032258,2504.2872368321023,12466.157277154682,TRUE,Bryan Allen Stevenson School of Excellence,Fixed pools redistributed across the adjusted reporting scope
School,2026,2025-09-30,36,Indian River School District,District,TRUE,740,Showell (Phillip C.) Elementary School,Matched,2430015.4,139386.29,314025,2883426.69,1,,0,,1,1,total,Districts use one school code per calculation unit; charters use calculator building rows and retain the shared charter totals; student enrollment categories use largest remainder,3167629.09,0,3167629.09,0,,0,,Current modeled funding versus proposed Base Funding,Current modeled funding versus all proposed funding,FALSE,TRUE,FALSE,Partial because the current model has missing inputs or rates,Preliminary arithmetic comparison only; at least one model has missing inputs or rates,416599.0983292125,582514.0508312272,TRUE,318,71,77,318,0,999113.1491604397,4166742.2391604395,284202.3999999999,9.85641150460461,,1283315.5491604395,44.50661269145842,,9.85641150460461,44.50661269145842,Increase,Increase,9067.379528301886,9961.097767295598,3141.8652489322003,13102.963016227797,TRUE,Bryan Allen Stevenson School of Excellence,Fixed pools redistributed across the adjusted reporting scope
School,2026,2025-09-30,36,Indian River School District,District,TRUE,749,Southern Delaware School of the Arts,Matched,2896139,174920.37,358393.67,3429453.04,1,,0,,1,1,total,Districts use one school code per calculation unit; charters use calculator building rows and retain the shared charter totals; student enrollment categories use largest remainder,3695889.04,0,3695889.04,0,,0,,Current modeled funding versus proposed Base Funding,Current modeled funding versus all proposed funding,FALSE,TRUE,FALSE,Partial because the current model has missing inputs or rates,Preliminary arithmetic comparison only; at least one model has missing inputs or rates,199025.5574672699,505587.13175839296,TRUE,403,47,18,403,0,704612.6892256628,4400501.729225663,266436,7.76905229179053,,971048.6892256625,28.31497261807272,,7.76905229179053,28.31497261807272,Increase,Increase,8509.809032258065,9170.940545905707,1748.4185836865083,10919.359129592214,TRUE,Bryan Allen Stevenson School of Excellence,Fixed pools redistributed across the adjusted reporting scope
School,2026,2025-09-30,36,Indian River School District,District,TRUE,748,Sussex Central High School,Matched,14706902.9,1463512.75,962221,17132636.65,1,,0,,1,1,total,Districts use one school code per calculation unit; charters use calculator building rows and retain the shared charter totals; student enrollment categories use largest remainder,18908890.35,0,18908890.35,0,,0,,Current modeled funding versus proposed Base Funding,Current modeled funding versus all proposed funding,FALSE,TRUE,FALSE,Partial because the current model has missing inputs or rates,Preliminary arithmetic comparison only; at least one model has missing inputs or rates,2921963.6217236584,4066913.157968516,TRUE,1952,466,586,0,530,6988876.779692175,25897767.129692174,1776253.700000003,10.367661068677384,,8765130.479692176,51.160429411734334,,10.367661068677384,51.160429411734334,Increase,Increase,8776.965496926228,9686.931531762295,3580.367202711155,13267.29873447345,TRUE,Bryan Allen Stevenson School of Excellence,Fixed pools redistributed across the adjusted reporting scope
School,2026,2025-09-30,36,Indian River School District,District,TRUE,786,Sussex Central Middle,Matched,6076472.55,392415.77,753743.45,7222631.77,1,,0,,1,1,total,Districts use one school code per calculation unit; charters use calculator building rows and retain the shared charter totals; student enrollment categories use largest remainder,7859274.75,0,7859274.75,0,,0,,Current modeled funding versus proposed Base Funding,Current modeled funding versus all proposed funding,FALSE,TRUE,FALSE,Partial because the current model has missing inputs or rates,Preliminary arithmetic comparison only; at least one model has missing inputs or rates,904146.0904177544,1470540.1893544612,TRUE,735,205,94,735,0,2374686.2797722155,10233961.029772215,636642.9800000004,8.814556802471468,,3011329.259772215,41.69296394535998,,8.814556802471468,41.69296394535998,Increase,Increase,9826.709891156463,10692.890816326531,3230.8656867649192,13923.756503091448,TRUE,Bryan Allen Stevenson School of Excellence,Fixed pools redistributed across the adjusted reporting scope
School,2026,2025-09-30,82,Kuumba Academy Charter School,Charter,TRUE,581,Kuumba Academy Charter School,Matched,4112376.9,242536.56,512274.26,4867187.73,2,,2,,2,2,total,Districts use one school code per calculation unit; charters use calculator building rows and retain the shared charter totals; student enrollment categories use largest remainder,5326448.17,0,5326448.17,0,,0,,Current modeled funding versus proposed Base Funding,Current modeled funding versus all proposed funding,FALSE,TRUE,FALSE,Partial because the current model has missing inputs or rates,Preliminary arithmetic comparison only; at least one model has missing inputs or rates,1147993.8774502547,1296958.5810533278,TRUE,556,342,2,556,0,2444952.4585035825,7771400.628503582,459260.4399999995,9.435848080591693,,2904212.898503582,59.669218851017725,,9.435848080591693,59.669218851017725,Increase,Increase,8753.93476618705,9579.94275179856,4397.396508099969,13977.33925989853,TRUE,Bryan Allen Stevenson School of Excellence,Fixed pools redistributed across the adjusted reporting scope
School,2026,2025-09-30,15,Lake Forest School District,District,TRUE,664,Chipman (W.T.) Middle School,Matched,7063022.85,469431.11,922239.61,8454693.57,1,,0,,1,1,total,Districts use one school code per calculation unit; charters use calculator building rows and retain the shared charter totals; student enrollment categories use largest remainder,9117338.08,0,9117338.08,0,,0,,Current modeled funding versus proposed Base Funding,Current modeled funding versus all proposed funding,FALSE,TRUE,FALSE,Partial because the current model has missing inputs or rates,Preliminary arithmetic comparison only; at least one model has missing inputs or rates,1155200.1033085322,1826095.4334919457,TRUE,916,317,41,916,0,2981295.5368004777,12098633.616800478,662644.5099999998,7.837593456388269,,3643940.0468004774,43.09961108147504,,7.837593456388269,43.09961108147504,Increase,Increase,9230.01481441048,9953.425851528384,3254.689450655543,13208.115302183927,TRUE,Bryan Allen Stevenson School of Excellence,Fixed pools redistributed across the adjusted reporting scope
School,2026,2025-09-30,15,Lake Forest School District,District,TRUE,663,Delaware Early Childhood Center,Matched,1809815.65,45118.33,74017,1928950.98,1,,0,,1,1,total,Districts use one school code per calculation unit; charters use calculator building rows and retain the shared charter totals; student enrollment categories use largest remainder,2288865.88,0,2288865.88,0,,0,,Current modeled funding versus proposed Base Funding,Current modeled funding versus all proposed funding,FALSE,TRUE,FALSE,Partial because the current model has missing inputs or rates,Preliminary arithmetic comparison only; at least one model has missing inputs or rates,86920.4562287069,337372.51781117846,TRUE,85,26,0,0,0,424292.97403988533,2713158.854039885,359914.8999999999,18.65858198221294,,784207.8740398851,40.65462949400016,,18.65858198221294,40.65462949400016,Increase,Increase,22693.54094117647,26927.83388235294,4991.682047528063,31919.515929881,TRUE,Bryan Allen Stevenson School of Excellence,Fixed pools redistributed across the adjusted reporting scope
School,2026,2025-09-30,15,Lake Forest School District,District,TRUE,669,Lake Forest Central Elementary School,Matched,4527766.5,326806.81,605082.7,5459656,1,,0,,1,1,total,Districts use one school code per calculation unit; charters use calculator building rows and retain the shared charter totals; student enrollment categories use largest remainder,5880923.12,0,5880923.12,0,,0,,Current modeled funding versus proposed Base Funding,Current modeled funding versus all proposed funding,FALSE,TRUE,FALSE,Partial because the current model has missing inputs or rates,Preliminary arithmetic comparison only; at least one model has missing inputs or rates,668074.0934866252,1099973.6246452585,TRUE,592,188,17,592,0,1768047.7181318838,7648970.838131884,421267.1200000001,7.716001154651504,,2189314.838131884,40.099867796283945,,7.716001154651504,40.099867796283945,Increase,Increase,9222.391891891892,9933.991756756757,2986.567091438993,12920.55884819575,TRUE,Bryan Allen Stevenson School of Excellence,Fixed pools redistributed across the adjusted reporting scope
School,2026,2025-09-30,15,Lake Forest School District,District,TRUE,658,Lake Forest East Elementary School,Matched,3025948.25,157432.18,333338.42,3516718.85,1,,0,,1,1,total,Districts use one school code per calculation unit; charters use calculator building rows and retain the shared charter totals; student enrollment categories use largest remainder,3852625.21,0,3852625.21,0,,0,,Current modeled funding versus proposed Base Funding,Current modeled funding versus all proposed funding,FALSE,TRUE,FALSE,Partial because the current model has missing inputs or rates,Preliminary arithmetic comparison only; at least one model has missing inputs or rates,425687.36255597486,641404.6161510439,TRUE,355,96,45,355,0,1067091.9787070188,4919717.188707018,335906.35999999987,9.55169788452096,,1402998.3387070182,39.895095358760855,,9.55169788452096,39.895095358760855,Increase,Increase,9906.250281690141,10852.46538028169,3005.89289776625,13858.35827804794,TRUE,Bryan Allen Stevenson School of Excellence,Fixed pools redistributed across the adjusted reporting scope
School,2026,2025-09-30,15,Lake Forest School District,District,TRUE,665,Lake Forest High School,Matched,7849219.75,723169.74,518119,9090508.49,1,,0,,1,1,total,Districts use one school code per calculation unit; charters use calculator building rows and retain the shared charter totals; student enrollment categories use largest remainder,10108770.8,0,10108770.8,0,,0,,Current modeled funding versus proposed Base Funding,Current modeled funding versus all proposed funding,FALSE,TRUE,FALSE,Partial because the current model has missing inputs or rates,Preliminary arithmetic comparison only; at least one model has missing inputs or rates,1030787.4616865882,1859078.0533396644,TRUE,1005,277,45,0,279,2889865.5150262527,12998636.315026253,1018262.3100000005,11.201379011087647,,3908127.8250262532,42.99130053423726,,11.201379011087647,42.99130053423726,Increase,Increase,9045.28207960199,10058.4784079602,2875.488074652988,12933.966482613188,TRUE,Bryan Allen Stevenson School of Excellence,Fixed pools redistributed across the adjusted reporting scope
School,2026,2025-09-30,15,Lake Forest School District,District,TRUE,660,Lake Forest North Elementary School,Matched,3289290.1,175593.45,429800.75,3894684.3,1,,0,,1,1,total,Districts use one school code per calculation unit; charters use calculator building rows and retain the shared charter totals; student enrollment categories use largest remainder,4112325.9,0,4112325.9,0,,0,,Current modeled funding versus proposed Base Funding,Current modeled funding versus all proposed funding,FALSE,TRUE,FALSE,Partial because the current model has missing inputs or rates,Preliminary arithmetic comparison only; at least one model has missing inputs or rates,405826.9050359113,644559.758286378,TRUE,398,120,2,398,0,1050386.6633222892,5162712.563322289,217641.6000000001,5.58817052257612,,1268028.263322289,32.55792166061545,,5.58817052257612,32.55792166061545,Increase,Increase,9785.638944723618,10332.477135678391,2639.1624706590183,12971.639606337409,TRUE,Bryan Allen Stevenson School of Excellence,Fixed pools redistributed across the adjusted reporting scope
School,2026,2025-09-30,15,Lake Forest School District,District,TRUE,662,Lake Forest South Elementary School,Matched,3337367.6,181723.33,437630.51,3956721.44,1,,0,,1,1,total,Districts use one school code per calculation unit; charters use calculator building rows and retain the shared charter totals; student enrollment categories use largest remainder,4168970.07,0,4168970.07,0,,0,,Current modeled funding versus proposed Base Funding,Current modeled funding versus all proposed funding,FALSE,TRUE,FALSE,Partial because the current model has missing inputs or rates,Preliminary arithmetic comparison only; at least one model has missing inputs or rates,566592.6035649043,758340.0385894537,TRUE,413,166,5,413,0,1324932.6421543579,5493902.712154358,212248.6299999999,5.364255058602253,,1537181.2721543577,38.84987344861855,,5.364255058602253,38.84987344861855,Increase,Increase,9580.439322033899,10094.35852300242,3208.0693514633363,13302.427874465757,TRUE,Bryan Allen Stevenson School of Excellence,Fixed pools redistributed across the adjusted reporting scope
School,2026,2025-09-30,16,Laurel School District,District,TRUE,783,Laurel Elementary School,Matched,7095715.55,493138.13,954080.65,8542934.33,1,,0,,1,1,total,Districts use one school code per calculation unit; charters use calculator building rows and retain the shared charter totals; student enrollment categories use largest remainder,9158084.63,0,9158084.63,0,,0,,Current modeled funding versus proposed Base Funding,Current modeled funding versus all proposed funding,FALSE,TRUE,FALSE,Partial because the current model has missing inputs or rates,Preliminary arithmetic comparison only; at least one model has missing inputs or rates,1827137.3281831,2150782.328284771,TRUE,977,385,232,977,0,3977919.6564678713,13136004.286467873,615150.3000000007,7.200690959777058,,4593069.9564678725,53.76454715727485,,7.200690959777058,53.76454715727485,Increase,Increase,8744.047420675537,9373.67925281474,4071.5656668043716,13445.244919619112,TRUE,Bryan Allen Stevenson School of Excellence,Fixed pools redistributed across the adjusted reporting scope
School,2026,2025-09-30,16,Laurel School District,District,TRUE,782,Laurel Middle School,Matched,2696136.6,158804.79,338558.26,3193499.65,1,,0,,1,1,total,Districts use one school code per calculation unit; charters use calculator building rows and retain the shared charter totals; student enrollment categories use largest remainder,3455668.41,0,3455668.41,0,,0,,Current modeled funding versus proposed Base Funding,Current modeled funding versus all proposed funding,FALSE,TRUE,FALSE,Partial because the current model has missing inputs or rates,Preliminary arithmetic comparison only; at least one model has missing inputs or rates,642196.065919959,816287.3139925211,TRUE,365,135,82,365,0,1458483.3799124802,4914151.789912481,262168.76000000024,8.209450093410853,,1720652.139912481,53.87982866735185,,8.209450093410853,53.87982866735185,Increase,Increase,8749.31410958904,9467.584684931508,3995.8448764725485,13463.429561404057,TRUE,Bryan Allen Stevenson School of Excellence,Fixed pools redistributed across the adjusted reporting scope
School,2026,2025-09-30,16,Laurel School District,District,TRUE,756,Laurel Senior High School,Matched,5390048.7,520698.56,370085,6280832.26,1,,0,,1,1,total,Districts use one school code per calculation unit; charters use calculator building rows and retain the shared charter totals; student enrollment categories use largest remainder,6883945.35,0,6883945.35,0,,0,,Current modeled funding versus proposed Base Funding,Current modeled funding versus all proposed funding,FALSE,TRUE,FALSE,Partial because the current model has missing inputs or rates,Preliminary arithmetic comparison only; at least one model has missing inputs or rates,1093786.2197053435,1519428.6288328841,TRUE,683,229,141,0,199,2613214.8485382274,9497160.198538227,603113.0899999999,9.602439056380721,,3216327.938538227,51.20862658634713,,9.602439056380721,51.20862658634713,Increase,Increase,9195.94767203514,10078.982942898974,3826.0832335845203,13905.066176483495,TRUE,Bryan Allen Stevenson School of Excellence,Fixed pools redistributed across the adjusted reporting scope
School,2026,2025-09-30,16,Laurel School District,District,TRUE,752,North Laurel Early Learning Academy,Matched,4425842.2,280657.21,518433.31,5224932.72,1,,0,,1,1,total,Districts use one school code per calculation unit; charters use calculator building rows and retain the shared charter totals; student enrollment categories use largest remainder,5756637.79,0,5756637.79,0,,0,,Current modeled funding versus proposed Base Funding,Current modeled funding versus all proposed funding,FALSE,TRUE,FALSE,Partial because the current model has missing inputs or rates,Preliminary arithmetic comparison only; at least one model has missing inputs or rates,1015409.2271230479,1234896.6099789229,TRUE,474,216,126,426,0,2250305.837101971,8006943.627101971,531705.0700000003,10.176304624263187,,2782010.907101971,53.24491349817747,,10.176304624263187,53.24491349817747,Increase,Increase,11023.064810126582,12144.80546413502,4747.480668991499,16892.28613312652,TRUE,Bryan Allen Stevenson School of Excellence,Fixed pools redistributed across the adjusted reporting scope
School,2026,2025-09-30,88,MOT Charter School,Charter,TRUE,587,MOT Charter School,Matched,9433854.15,877363.89,1025800.17,11337018.22,2,,2,,3,3,total,Districts use one school code per calculation unit; charters use calculator building rows and retain the shared charter totals; student enrollment categories use largest remainder,12181395.37,0,12181395.37,0,,0,,Current modeled funding versus proposed Base Funding,Current modeled funding versus all proposed funding,FALSE,TRUE,FALSE,Partial because the current model has missing inputs or rates,Preliminary arithmetic comparison only; at least one model has missing inputs or rates,406223.12363980286,1552004.6581992449,TRUE,1390,86,51,689,184,1958227.7818390478,14139623.151839048,844377.1499999985,7.447965008210056,,2802604.931839047,24.720829387879796,,7.447965008210056,24.720829387879796,Increase,Increase,8156.128215827339,8763.593791366906,1408.796965351833,10172.39075671874,TRUE,Bryan Allen Stevenson School of Excellence,Fixed pools redistributed across the adjusted reporting scope
School,2026,2025-09-30,18,Milford School District,District,TRUE,668,Banneker (Benjamin) Elementary School,Matched,3085564.35,158648.54,319244.85,3563457.73,1,,0,,1,1,total,Districts use one school code per calculation unit; charters use calculator building rows and retain the shared charter totals; student enrollment categories use largest remainder,3923412.82,0,3923412.82,0,,0,,Current modeled funding versus proposed Base Funding,Current modeled funding versus all proposed funding,FALSE,TRUE,FALSE,Partial because the current model has missing inputs or rates,Preliminary arithmetic comparison only; at least one model has missing inputs or rates,663913.7981457642,815327.7604565175,TRUE,357,122,110,328,0,1479241.5586022816,5402654.378602281,359955.08999999985,10.101286931780157,,1839196.6486022812,51.61269721592239,,10.101286931780157,51.61269721592239,Increase,Increase,9981.67431372549,10989.9518767507,4143.533777597428,15133.485654348127,TRUE,Bryan Allen Stevenson School of Excellence,Fixed pools redistributed across the adjusted reporting scope
School,2026,2025-09-30,18,Milford School District,District,TRUE,675,Milford Central Academy,Matched,4998926,368033.26,656237.16,6023196.42,1,,0,,1,1,total,Districts use one school code per calculation unit; charters use calculator building rows and retain the shared charter totals; student enrollment categories use largest remainder,6445376.22,0,6445376.22,0,,0,,Current modeled funding versus proposed Base Funding,Current modeled funding versus all proposed funding,FALSE,TRUE,FALSE,Partial because the current model has missing inputs or rates,Preliminary arithmetic comparison only; at least one model has missing inputs or rates,985197.5585763177,1382114.8914688372,TRUE,690,200,136,690,0,2367312.450045155,8812688.670045154,422179.7999999998,7.009231819140972,,2789492.2500451542,46.31249017187379,,7.009231819140972,46.31249017187379,Increase,Increase,8729.270173913043,9341.124956521739,3430.8876087610943,12772.012565282832,TRUE,Bryan Allen Stevenson School of Excellence,Fixed pools redistributed across the adjusted reporting scope
School,2026,2025-09-30,18,Milford School District,District,TRUE,676,Milford Middle School,Matched,4919117.35,372819.38,663544.94,5955481.66,1,,0,,1,1,total,Districts use one school code per calculation unit; charters use calculator building rows and retain the shared charter totals; student enrollment categories use largest remainder,6350349.72,0,6350349.72,0,,0,,Current modeled funding versus proposed Base Funding,Current modeled funding versus all proposed funding,FALSE,TRUE,FALSE,Partial because the current model has missing inputs or rates,Preliminary arithmetic comparison only; at least one model has missing inputs or rates,1065308.0075506389,1414495.757404147,TRUE,704,217,146,704,0,2479803.764954786,8830153.484954786,394868.0599999996,6.630329544159817,,2874671.8249547854,48.26934224753846,,6.630329544159817,48.26934224753846,Increase,Increase,8459.490994318183,9020.383125,3522.448529765321,12542.831654765321,TRUE,Bryan Allen Stevenson School of Excellence,Fixed pools redistributed across the adjusted reporting scope
School,2026,2025-09-30,18,Milford School District,District,TRUE,678,Milford Senior High School,Matched,8994425.8,891376.08,592136,10477937.88,1,,0,,1,1,total,Districts use one school code per calculation unit; charters use calculator building rows and retain the shared charter totals; student enrollment categories use largest remainder,11691423.63,0,11691423.63,0,,0,,Current modeled funding versus proposed Base Funding,Current modeled funding versus all proposed funding,FALSE,TRUE,FALSE,Partial because the current model has missing inputs or rates,Preliminary arithmetic comparison only; at least one model has missing inputs or rates,1715725.6095013474,2471126.836736698,TRUE,1231,328,266,0,286,4186852.4462380456,15878276.076238047,1213485.75,11.581341327822416,,5400338.1962380465,51.540086017746525,,11.581341327822416,51.540086017746525,Increase,Increase,8511.728578391552,9497.500917952884,3401.179891338786,12898.68080929167,TRUE,Bryan Allen Stevenson School of Excellence,Fixed pools redistributed across the adjusted reporting scope
School,2026,2025-09-30,18,Milford School District,District,TRUE,673,Mispillion Elementary,Matched,3668140.8,211127.53,474169.41,4353437.74,1,,0,,1,1,total,Districts use one school code per calculation unit; charters use calculator building rows and retain the shared charter totals; student enrollment categories use largest remainder,4641086.78,0,4641086.78,0,,0,,Current modeled funding versus proposed Base Funding,Current modeled funding versus all proposed funding,FALSE,TRUE,FALSE,Partial because the current model has missing inputs or rates,Preliminary arithmetic comparison only; at least one model has missing inputs or rates,926804.8418278019,1068031.8764298153,TRUE,483,170,154,483,0,1994836.7182576172,6635923.4982576175,287649.04000000004,6.607399879801658,,2282485.7582576172,52.429502718870104,,6.607399879801658,52.429502718870104,Increase,Increase,9013.328654244307,9608.875320910973,4130.09672517105,13738.972046082024,TRUE,Bryan Allen Stevenson School of Excellence,Fixed pools redistributed across the adjusted reporting scope
School,2026,2025-09-30,18,Milford School District,District,TRUE,670,Morris (Evelyn I.) Early Childhood,Matched,3788334.55,193567.23,426668.84,4408570.62,1,,0,,1,1,total,Districts use one school code per calculation unit; charters use calculator building rows and retain the shared charter totals; student enrollment categories use largest remainder,4784272.8,0,4784272.8,0,,0,,Current modeled funding versus proposed Base Funding,Current modeled funding versus all proposed funding,FALSE,TRUE,FALSE,Partial because the current model has missing inputs or rates,Preliminary arithmetic comparison only; at least one model has missing inputs or rates,638011.0069163546,895507.4033802116,TRUE,435,124,96,392,0,1533518.4102965663,6317791.210296566,375702.1799999997,8.522086008911426,,1909220.5902965656,43.30702068455389,,8.522086008911426,43.30702068455389,Increase,Increase,10134.645103448276,10998.328275862068,3525.329678842681,14523.65795470475,TRUE,Bryan Allen Stevenson School of Excellence,Fixed pools redistributed across the adjusted reporting scope
School,2026,2025-09-30,18,Milford School District,District,TRUE,672,Ross (Lulu M.) Elementary School,Matched,4666229.7,336306.92,616566.35,5619102.97,1,,0,,1,1,total,Districts use one school code per calculation unit; charters use calculator building rows and retain the shared charter totals; student enrollment categories use largest remainder,6046461.57,0,6046461.57,0,,0,,Current modeled funding versus proposed Base Funding,Current modeled funding versus all proposed funding,FALSE,TRUE,FALSE,Partial because the current model has missing inputs or rates,Preliminary arithmetic comparison only; at least one model has missing inputs or rates,1026850.0393104161,1266805.8309558576,TRUE,614,186,174,614,0,2293655.8702662736,8340117.440266274,427358.60000000056,7.605459488491997,,2721014.470266274,48.42435678423374,,7.605459488491997,48.42435678423374,Increase,Increase,9151.633501628665,9847.657280130294,3735.595879912498,13583.253160042792,TRUE,Bryan Allen Stevenson School of Excellence,Fixed pools redistributed across the adjusted reporting scope
School,2026,2025-09-30,38,New Castle County Vocational-Technical School District,District,TRUE,539,DelCastle ILC,Matched,911549.4,24529.14,0,936078.54,1,,0,,1,1,total,Districts use one school code per calculation unit; charters use calculator building rows and retain the shared charter totals; student enrollment categories use largest remainder,1321769.69,0,1321769.69,0,,0,,Current modeled funding versus proposed Base Funding,Current modeled funding versus all proposed funding,FALSE,TRUE,FALSE,Partial because the current model has missing inputs or rates,Preliminary arithmetic comparison only; at least one model has missing inputs or rates,25729.445590206975,164051.12741811402,TRUE,36,7,1,0,5,189780.573008321,1511550.263008321,385691.1499999999,41.20286210172064,,575471.7230083209,61.47686314957299,,41.20286210172064,61.47686314957299,Increase,Increase,26002.181666666667,36715.82472222222,5271.682583564472,41987.50730578669,TRUE,Bryan Allen Stevenson School of Excellence,Fixed pools redistributed across the adjusted reporting scope
School,2026,2025-09-30,38,New Castle County Vocational-Technical School District,District,TRUE,80,Delcastle Technical High School,Matched,12816846.6,1238803.33,888204,14943853.93,1,,0,,1,1,total,Districts use one school code per calculation unit; charters use calculator building rows and retain the shared charter totals; student enrollment categories use largest remainder,16521408.71,0,16521408.71,0,,0,,Current modeled funding versus proposed Base Funding,Current modeled funding versus all proposed funding,FALSE,TRUE,FALSE,Partial because the current model has missing inputs or rates,Preliminary arithmetic comparison only; at least one model has missing inputs or rates,1839791.5598448864,3662534.528829626,TRUE,1634,386,236,0,414,5502326.088674512,22023734.798674513,1577554.7800000012,10.556545770519326,,7079880.868674513,47.37653955825646,,10.556545770519326,47.37653955825646,Increase,Increase,9145.565440636476,10111.021242350062,3367.3966270957844,13478.417869445846,TRUE,Bryan Allen Stevenson School of Excellence,Fixed pools redistributed across the adjusted reporting scope
School,2026,2025-09-30,38,New Castle County Vocational-Technical School District,District,TRUE,66,Hodgson (Paul M.) Vocational Technical High School,Matched,9312698.85,856839.61,666153,10835691.46,1,,0,,1,1,total,Districts use one school code per calculation unit; charters use calculator building rows and retain the shared charter totals; student enrollment categories use largest remainder,12072987.8,0,12072987.8,0,,0,,Current modeled funding versus proposed Base Funding,Current modeled funding versus all proposed funding,FALSE,TRUE,FALSE,Partial because the current model has missing inputs or rates,Preliminary arithmetic comparison only; at least one model has missing inputs or rates,1146953.8036150394,2535660.877937757,TRUE,1151,302,59,0,278,3682614.6815527966,15755602.481552798,1237296.3399999999,11.418711436805712,,4919911.021552797,45.40467989250773,,11.418711436805712,45.40467989250773,Increase,Increase,9414.154178974806,10489.129278887924,3199.4914696375295,13688.620748525454,TRUE,Bryan Allen Stevenson School of Excellence,Fixed pools redistributed across the adjusted reporting scope
School,2026,2025-09-30,38,New Castle County Vocational-Technical School District,District,TRUE,26,Howard High School of Technology,Matched,7232255.65,652625.62,518119,8403000.27,1,,0,,1,1,total,Districts use one school code per calculation unit; charters use calculator building rows and retain the shared charter totals; student enrollment categories use largest remainder,9320797.83,0,9320797.83,0,,0,,Current modeled funding versus proposed Base Funding,Current modeled funding versus all proposed funding,FALSE,TRUE,FALSE,Partial because the current model has missing inputs or rates,Preliminary arithmetic comparison only; at least one model has missing inputs or rates,1501594.2177607124,2367283.6277979994,TRUE,913,367,118,0,238,3868877.845558712,13189675.675558712,917797.5600000005,10.922260270259406,,4786675.405558713,56.96388494295161,,10.922260270259406,56.96388494295161,Increase,Increase,9203.724282584884,10208.979003285871,4237.5441900971655,14446.523193383036,TRUE,Bryan Allen Stevenson School of Excellence,Fixed pools redistributed across the adjusted reporting scope
Vocational/program record,2026,2025-09-30,38,New Castle County Vocational-Technical School District,District,TRUE,,NCC Exceptional VocEd,Matched,121155.3,0,0,121155.3,0,,0,,0,0,total,Districts use one school code per calculation unit; charters use calculator building rows and retain the shared charter totals; student enrollment categories use largest remainder,121155.3,0,121155.3,0,,0,,Current modeled funding versus proposed Base Funding,Current modeled funding versus all proposed funding,TRUE,TRUE,TRUE,Complete,Complete modeled comparison,0,0,FALSE,0,0,0,0,0,0,121155.3,0,0,0,0,0,0,0,0,No material change,No material change,,,,,TRUE,Bryan Allen Stevenson School of Excellence,Fixed pools redistributed across the adjusted reporting scope
School,2026,2025-09-30,38,New Castle County Vocational-Technical School District,District,TRUE,44,St. Georges Technical High School,Matched,9557894.1,889832.79,666153,11113879.89,1,,0,,1,1,total,Districts use one school code per calculation unit; charters use calculator building rows and retain the shared charter totals; student enrollment categories use largest remainder,12441281.37,0,12441281.37,0,,0,,Current modeled funding versus proposed Base Funding,Current modeled funding versus all proposed funding,FALSE,TRUE,FALSE,Partial because the current model has missing inputs or rates,Preliminary arithmetic comparison only; at least one model has missing inputs or rates,575061.7762230859,2220049.082688831,TRUE,1204,156,23,0,292,2795110.8589119166,15236392.228911916,1327401.4799999986,11.94363708388069,,4122512.338911915,37.09336775018823,,11.94363708388069,37.09336775018823,Increase,Increase,9230.797250830565,10333.290174418604,2321.5206469368077,12654.810821355411,TRUE,Bryan Allen Stevenson School of Excellence,Fixed pools redistributed across the adjusted reporting scope
School,2026,2025-09-30,89,Newark Charter School,Charter,TRUE,588,Newark Charter School,Matched,21545355.05,1887169.28,2558864.3,25991388.63,2,,2,,4,4,total,Districts use one school code per calculation unit; charters use calculator building rows and retain the shared charter totals; student enrollment categories use largest remainder,27818164.3,0,27818164.3,0,,0,,Current modeled funding versus proposed Base Funding,Current modeled funding versus all proposed funding,FALSE,TRUE,FALSE,Partial because the current model has missing inputs or rates,Preliminary arithmetic comparison only; at least one model has missing inputs or rates,1154531.4844144653,3639407.6622500126,TRUE,3156,298,68,2208,241,4793939.146664478,32612103.44666448,1826775.6700000018,7.028388117330081,,6620714.81666448,25.472724489305133,,7.028388117330081,25.472724489305133,Increase,Increase,8235.547728136882,8814.373986058303,1518.9921250521159,10333.366111110417,TRUE,Bryan Allen Stevenson School of Excellence,Fixed pools redistributed across the adjusted reporting scope
School,2026,2025-09-30,86,Odyssey Charter School,Charter,TRUE,585,Odyssey Charter School,Matched,16688306.45,1390057.55,2121338.56,20199702.56,2,,2,,4,4,total,Districts use one school code per calculation unit; charters use calculator building rows and retain the shared charter totals; student enrollment categories use largest remainder,21672954.82,0,21672954.82,0,,0,,Current modeled funding versus proposed Base Funding,Current modeled funding versus all proposed funding,FALSE,TRUE,FALSE,Partial because the current model has missing inputs or rates,Preliminary arithmetic comparison only; at least one model has missing inputs or rates,2447714.716528227,3845744.199729304,TRUE,2402,501,332,1937,104,6293458.91625753,27966413.73625753,1473252.2600000016,7.293435413833152,,7766711.176257532,38.44963139030267,,7.293435413833152,38.44963139030267,Increase,Increase,8409.534787676936,9022.878776019983,2620.091139158006,11642.96991517799,TRUE,Bryan Allen Stevenson School of Excellence,Fixed pools redistributed across the adjusted reporting scope
School,2026,2025-09-30,39,Polytech School District,District,TRUE,652,POLYTECH High School,Matched,10066203.05,940331,666153,11672687.05,1,,0,,1,1,total,Districts use one school code per calculation unit; charters use calculator building rows and retain the shared charter totals; student enrollment categories use largest remainder,12889934.26,0,12889934.26,0,,0,,Current modeled funding versus proposed Base Funding,Current modeled funding versus all proposed funding,FALSE,TRUE,FALSE,Partial because the current model has missing inputs or rates,Preliminary arithmetic comparison only; at least one model has missing inputs or rates,727828.8116860185,2401079.428608433,TRUE,1252,201,24,0,330,3128908.2402944514,16018842.50029445,1217247.209999999,10.428166237867218,,4346155.45029445,37.2335472687452,,10.428166237867218,37.2335472687452,Increase,Increase,9323.23246805112,10295.4746485623,2499.127987455632,12794.602636017931,TRUE,Bryan Allen Stevenson School of Excellence,Fixed pools redistributed across the adjusted reporting scope
School,2026,2025-09-30,71,Positive Outcomes Charter School,Charter,TRUE,570,Positive Outcomes Charter School,Matched,1855970.05,77772.57,90720.5,2024463.12,2,,2,,2,2,total,Districts use one school code per calculation unit; charters use calculator building rows and retain the shared charter totals; student enrollment categories use largest remainder,2424068.4,0,2424068.4,0,,0,,Current modeled funding versus proposed Base Funding,Current modeled funding versus all proposed funding,FALSE,TRUE,FALSE,Partial because the current model has missing inputs or rates,Preliminary arithmetic comparison only; at least one model has missing inputs or rates,200585.66822009283,404866.5377165193,TRUE,117,60,0,32,26,605452.2059366121,3029520.605936612,399605.2799999998,19.738827348951645,,1005057.4859366119,49.645630785144256,,19.738827348951645,49.645630785144256,Increase,Increase,17303.10358974359,20718.533333333333,5174.805178945402,25893.338512278737,TRUE,Bryan Allen Stevenson School of Excellence,Fixed pools redistributed across the adjusted reporting scope
School,2026,2025-09-30,87,Providence Creek Academy Charter School,Charter,TRUE,586,Providence Creek Academy Charter School,Matched,5562166.15,408526.54,780364.65,6751057.34,2,,2,,2,2,total,Districts use one school code per calculation unit; charters use calculator building rows and retain the shared charter totals; student enrollment categories use largest remainder,7037047.06,0,7037047.06,0,,0,,Current modeled funding versus proposed Base Funding,Current modeled funding versus all proposed funding,FALSE,TRUE,FALSE,Partial because the current model has missing inputs or rates,Preliminary arithmetic comparison only; at least one model has missing inputs or rates,450475.7889619394,1020688.480780551,TRUE,786,125,14,786,0,1471164.2697424903,8508211.32974249,285989.71999999974,4.236221166505449,,1757153.9897424895,26.027833882129187,,4.236221166505449,26.027833882129187,Increase,Increase,8589.131475826971,8952.986081424935,1871.710266847952,10824.696348272888,TRUE,Bryan Allen Stevenson School of Excellence,Fixed pools redistributed across the adjusted reporting scope
School,2026,2025-09-30,32,Red Clay Consolidated School District,District,TRUE,252,Baltz (Austin D.) Elementary School,Matched,4392187.95,298866.57,568543.8,5259598.31,1,,0,,1,1,total,Districts use one school code per calculation unit; charters use calculator building rows and retain the shared charter totals; student enrollment categories use largest remainder,5718391.82,0,5718391.82,0,,0,,Current modeled funding versus proposed Base Funding,Current modeled funding versus all proposed funding,FALSE,TRUE,FALSE,Partial because the current model has missing inputs or rates,Preliminary arithmetic comparison only; at least one model has missing inputs or rates,1105177.5045672252,1307806.4150959454,TRUE,522,215,166,522,0,2412983.9196631704,8131375.739663171,458793.5100000007,8.722976222874344,,2871777.429663171,54.600698768251966,,8.722976222874344,54.600698768251966,Increase,Increase,10075.858831417623,10954.773601532568,4622.574558741706,15577.348160274274,TRUE,Bryan Allen Stevenson School of Excellence,Fixed pools redistributed across the adjusted reporting scope
School,2026,2025-09-30,32,Red Clay Consolidated School District,District,TRUE,261,Brandywine Springs School,Matched,7515912.9,498597.33,1031229.55,9045739.78,1,,0,,1,1,total,Districts use one school code per calculation unit; charters use calculator building rows and retain the shared charter totals; student enrollment categories use largest remainder,9795339.67,0,9795339.67,0,,0,,Current modeled funding versus proposed Base Funding,Current modeled funding versus all proposed funding,FALSE,TRUE,FALSE,Partial because the current model has missing inputs or rates,Preliminary arithmetic comparison only; at least one model has missing inputs or rates,652646.3315975984,1472654.4598575202,TRUE,983,143,75,983,0,2125300.7914551185,11920640.461455118,749599.8900000006,8.286772649124345,,2874900.6814551186,31.781819413062077,,8.286772649124345,31.781819413062077,Increase,Increase,9202.176785350966,9964.7402543235,2162.0557390184317,12126.795993341932,TRUE,Bryan Allen Stevenson School of Excellence,Fixed pools redistributed across the adjusted reporting scope
School,2026,2025-09-30,32,Red Clay Consolidated School District,District,TRUE,286,Calloway (Cab) School of the Arts,Matched,5902432,560343.26,606543.88,7069319.14,1,,0,,1,1,total,Districts use one school code per calculation unit; charters use calculator building rows and retain the shared charter totals; student enrollment categories use largest remainder,7442324.83,0,7442324.83,0,,0,,Current modeled funding versus proposed Base Funding,Current modeled funding versus all proposed funding,FALSE,TRUE,FALSE,Partial because the current model has missing inputs or rates,Preliminary arithmetic comparison only; at least one model has missing inputs or rates,378537.3486928814,1058013.4869691671,TRUE,941,100,19,453,117,1436550.8356620485,8878875.665662048,373005.6900000004,5.276401908204139,,1809556.5256620487,25.597324011348125,,5.276401908204139,25.597324011348125,Increase,Increase,7512.560191285866,7908.953060573857,1526.621504423006,9435.574564996863,TRUE,Bryan Allen Stevenson School of Excellence,Fixed pools redistributed across the adjusted reporting scope
School,2026,2025-09-30,32,Red Clay Consolidated School District,District,TRUE,284,Conrad Schools of Science,Matched,7076484.55,693765.54,708226.05,8478476.14,1,,0,,1,1,total,Districts use one school code per calculation unit; charters use calculator building rows and retain the shared charter totals; student enrollment categories use largest remainder,9135165.85,0,9135165.85,0,,0,,Current modeled funding versus proposed Base Funding,Current modeled funding versus all proposed funding,FALSE,TRUE,FALSE,Partial because the current model has missing inputs or rates,Preliminary arithmetic comparison only; at least one model has missing inputs or rates,689370.8434457957,1455528.868782743,TRUE,1163,170,52,506,168,2144899.712228539,11280065.562228538,656689.709999999,7.745374276656265,,2801589.4222285375,33.0435490525369,,7.745374276656265,33.0435490525369,Increase,Increase,7290.177248495272,7854.8287618228715,1844.2817817958203,9699.110543618692,TRUE,Bryan Allen Stevenson School of Excellence,Fixed pools redistributed across the adjusted reporting scope
School,2026,2025-09-30,32,Red Clay Consolidated School District,District,TRUE,290,Dickinson (John) School,Matched,8121338.4,669440.73,659054.76,9449833.88,1,,0,,1,1,total,Districts use one school code per calculation unit; charters use calculator building rows and retain the shared charter totals; student enrollment categories use largest remainder,10434442.5,0,10434442.5,0,,0,,Current modeled funding versus proposed Base Funding,Current modeled funding versus all proposed funding,FALSE,TRUE,FALSE,Partial because the current model has missing inputs or rates,Preliminary arithmetic comparison only; at least one model has missing inputs or rates,1450803.9454743653,2148944.5393090355,TRUE,1030,278,224,270,194,3599748.484783401,14034190.9847834,984608.6199999992,10.419321995531195,,4584357.104783399,48.51256818901243,,10.419321995531195,48.51256818901243,Increase,Increase,9174.596000000001,10130.526699029126,3494.901441537282,13625.428140566408,TRUE,Bryan Allen Stevenson School of Excellence,Fixed pools redistributed across the adjusted reporting scope
School,2026,2025-09-30,32,Red Clay Consolidated School District,District,TRUE,530,First State School,Matched,670200.35,13872.76,5219.84,689292.96,1,,0,,1,1,total,Districts use one school code per calculation unit; charters use calculator building rows and retain the shared charter totals; student enrollment categories use largest remainder,957660.45,0,957660.45,0,,0,,Current modeled funding versus proposed Base Funding,Current modeled funding versus all proposed funding,FALSE,TRUE,FALSE,Partial because the current model has missing inputs or rates,Preliminary arithmetic comparison only; at least one model has missing inputs or rates,51458.89118041394,136321.6565895342,TRUE,19,14,2,10,2,187780.54776994814,1145440.997769948,268367.49,38.933734358755096,,456148.03776994813,66.1762217577194,,38.933734358755096,66.1762217577194,Increase,Increase,36278.57684210526,50403.18157894737,9883.186724734112,60286.36830368148,TRUE,Bryan Allen Stevenson School of Excellence,Fixed pools redistributed across the adjusted reporting scope
School,2026,2025-09-30,32,Red Clay Consolidated School District,District,TRUE,240,Forest Oak Elementary School,Matched,3335444.5,190555.17,449636.15,3975635.82,1,,0,,1,1,total,Districts use one school code per calculation unit; charters use calculator building rows and retain the shared charter totals; student enrollment categories use largest remainder,4167146.38,0,4167146.38,0,,0,,Current modeled funding versus proposed Base Funding,Current modeled funding versus all proposed funding,FALSE,TRUE,FALSE,Partial because the current model has missing inputs or rates,Preliminary arithmetic comparison only; at least one model has missing inputs or rates,896939.864559477,1005416.942300764,TRUE,436,136,190,436,0,1902356.806860241,6069503.186860241,191510.56000000006,4.817105204570777,,2093867.3668602412,52.66748418773029,,4.817105204570777,52.66748418773029,Increase,Increase,9118.430779816514,9557.675183486239,4363.203685459269,13920.878868945507,TRUE,Bryan Allen Stevenson School of Excellence,Fixed pools redistributed across the adjusted reporting scope
School,2026,2025-09-30,32,Red Clay Consolidated School District,District,TRUE,242,Heritage Elementary School,Matched,4465265.75,285568.33,549752.36,5300586.44,1,,0,,1,1,total,Districts use one school code per calculation unit; charters use calculator building rows and retain the shared charter totals; student enrollment categories use largest remainder,5806176.6,0,5806176.6,0,,0,,Current modeled funding versus proposed Base Funding,Current modeled funding versus all proposed funding,FALSE,TRUE,FALSE,Partial because the current model has missing inputs or rates,Preliminary arithmetic comparison only; at least one model has missing inputs or rates,337702.0688293094,822662.6527402062,TRUE,486,85,23,486,0,1160364.7215695158,6966541.321569515,505590.1599999992,9.538381568210012,,1665954.881569515,31.429633313734143,,9.538381568210012,31.429633313734143,Increase,Increase,10906.55646090535,11946.865432098764,2387.581731624518,14334.447163723282,TRUE,Bryan Allen Stevenson School of Excellence,Fixed pools redistributed across the adjusted reporting scope
School,2026,2025-09-30,32,Red Clay Consolidated School District,District,TRUE,244,Johnson (Joseph E. Jr) Elementary School,Matched,1820392.7,100198.32,193029.42,2113620.43,1,,0,,1,1,total,Districts use one school code per calculation unit; charters use calculator building rows and retain the shared charter totals; student enrollment categories use largest remainder,2301669.33,0,2301669.33,0,,0,,Current modeled funding versus proposed Base Funding,Current modeled funding versus all proposed funding,FALSE,TRUE,FALSE,Partial because the current model has missing inputs or rates,Preliminary arithmetic comparison only; at least one model has missing inputs or rates,583902.403822416,614878.6531472822,TRUE,228,167,11,228,0,1198781.056969698,3500450.386969698,188048.8999999999,8.89700427431996,,1386829.956969698,65.61395496019585,,8.89700427431996,65.61395496019585,Increase,Increase,9270.26504385965,10095.040921052632,5257.811653375868,15352.8525744285,TRUE,Bryan Allen Stevenson School of Excellence,Fixed pools redistributed across the adjusted reporting scope
School,2026,2025-09-30,32,Red Clay Consolidated School District,District,TRUE,246,Lewis (William C.) Dual Language Elementary School,Matched,2927870.15,156696.59,333338.42,3417905.16,1,,0,,1,1,total,Districts use one school code per calculation unit; charters use calculator building rows and retain the shared charter totals; student enrollment categories use largest remainder,3732786.42,0,3732786.42,0,,0,,Current modeled funding versus proposed Base Funding,Current modeled funding versus all proposed funding,FALSE,TRUE,FALSE,Partial because the current model has missing inputs or rates,Preliminary arithmetic comparison only; at least one model has missing inputs or rates,878342.3538393176,953064.3519211756,TRUE,355,175,126,355,0,1831406.7057604932,5564193.125760493,314881.2599999998,9.212697405565219,,2146287.9657604927,62.79542191160426,,9.212697405565219,62.79542191160426,Increase,Increase,9627.90185915493,10514.891323943662,5158.892128902798,15673.78345284646,TRUE,Bryan Allen Stevenson School of Excellence,Fixed pools redistributed across the adjusted reporting scope
School,2026,2025-09-30,32,Red Clay Consolidated School District,District,TRUE,250,Linden Hill Elementary School,Matched,3910451.4,226021.94,491916.88,4628390.22,1,,0,,1,1,total,Districts use one school code per calculation unit; charters use calculator building rows and retain the shared charter totals; student enrollment categories use largest remainder,4932368.72,0,4932368.72,0,,0,,Current modeled funding versus proposed Base Funding,Current modeled funding versus all proposed funding,FALSE,TRUE,FALSE,Partial because the current model has missing inputs or rates,Preliminary arithmetic comparison only; at least one model has missing inputs or rates,396540.5315072033,742743.2277245809,TRUE,517,65,77,517,0,1139283.7592317841,6071652.479231784,303978.5,6.5676938536094305,,1443262.2592317844,31.182812827561985,,6.5676938536094305,31.182812827561985,Increase,Increase,8952.398878143133,9540.36502901354,2203.6436348777256,11744.008663891265,TRUE,Bryan Allen Stevenson School of Excellence,Fixed pools redistributed across the adjusted reporting scope
School,2026,2025-09-30,32,Red Clay Consolidated School District,District,TRUE,256,Marbrook Elementary School,Matched,4550843.7,287748.65,551840.3,5390432.65,1,,0,,1,1,total,Districts use one school code per calculation unit; charters use calculator building rows and retain the shared charter totals; student enrollment categories use largest remainder,5907573.36,0,5907573.36,0,,0,,Current modeled funding versus proposed Base Funding,Current modeled funding versus all proposed funding,FALSE,TRUE,FALSE,Partial because the current model has missing inputs or rates,Preliminary arithmetic comparison only; at least one model has missing inputs or rates,778049.5197292713,1111699.694127608,TRUE,490,145,126,490,0,1889749.2138568794,7797322.57385688,517140.70999999996,9.593677234794873,,2406889.9238568796,44.651145467087495,,9.593677234794873,44.651145467087495,Increase,Increase,11000.882959183675,12056.272163265307,3856.631048687509,15912.903211952816,TRUE,Bryan Allen Stevenson School of Excellence,Fixed pools redistributed across the adjusted reporting scope
School,2026,2025-09-30,32,Red Clay Consolidated School District,District,TRUE,294,McKean (Thomas) High School,Matched,8878078.25,723578.39,592136,10193792.64,1,,0,,1,1,total,Districts use one school code per calculation unit; charters use calculator building rows and retain the shared charter totals; student enrollment categories use largest remainder,11417620.88,0,11417620.88,0,,0,,Current modeled funding versus proposed Base Funding,Current modeled funding versus all proposed funding,FALSE,TRUE,FALSE,Partial because the current model has missing inputs or rates,Preliminary arithmetic comparison only; at least one model has missing inputs or rates,1607508.40331347,2406137.4141965196,TRUE,917,320,231,0,226,4013645.8175099897,15431266.697509991,1223828.2400000002,12.00562227642096,,5237474.05750999,51.37905235543412,,12.00562227642096,51.37905235543412,Increase,Increase,11116.458713195203,12451.058756815704,4376.931098702279,16827.989855517983,TRUE,Bryan Allen Stevenson School of Excellence,Fixed pools redistributed across the adjusted reporting scope
School,2026,2025-09-30,32,Red Clay Consolidated School District,District,TRUE,516,Meadowood Program,Matched,6213974.2,173829.01,484294.79,6872098,1,,0,,1,1,total,Districts use one school code per calculation unit; charters use calculator building rows and retain the shared charter totals; student enrollment categories use largest remainder,8025100.92,0,8025100.92,0,,0,,Current modeled funding versus proposed Base Funding,Current modeled funding versus all proposed funding,FALSE,TRUE,FALSE,Partial because the current model has missing inputs or rates,Preliminary arithmetic comparison only; at least one model has missing inputs or rates,122679.18522991851,946510.1133616931,TRUE,156,36,1,77,4,1069189.2985916117,9094290.218591612,1153002.92,16.778033724198927,,2222192.218591612,32.33644541436417,,16.778033724198927,32.33644541436417,Increase,Increase,44051.91025641026,51442.95461538462,6853.777555074434,58296.73217045905,TRUE,Bryan Allen Stevenson School of Excellence,Fixed pools redistributed across the adjusted reporting scope
School,2026,2025-09-30,32,Red Clay Consolidated School District,District,TRUE,264,Mote (Anna P.) Elementary School,Matched,3804680.9,141381.5,378124.3,4324186.71,1,,0,,1,1,total,Districts use one school code per calculation unit; charters use calculator building rows and retain the shared charter totals; student enrollment categories use largest remainder,4804259.89,0,4804259.89,0,,0,,Current modeled funding versus proposed Base Funding,Current modeled funding versus all proposed funding,FALSE,TRUE,FALSE,Partial because the current model has missing inputs or rates,Preliminary arithmetic comparison only; at least one model has missing inputs or rates,591207.6843316662,905167.9932172651,TRUE,299,110,96,299,0,1496375.6775489314,6300635.567548931,480073.1799999997,11.102045591366236,,1976448.8575489307,45.70683437369268,,11.102045591366236,45.70683437369268,Increase,Increase,14462.162909698996,16067.758829431437,5004.600928257296,21072.35975768873,TRUE,Bryan Allen Stevenson School of Excellence,Fixed pools redistributed across the adjusted reporting scope
School,2026,2025-09-30,32,Red Clay Consolidated School District,District,TRUE,270,North Star Elementary School,Matched,4449880.95,322376.46,599862.85,5372120.27,1,,0,,1,1,total,Districts use one school code per calculation unit; charters use calculator building rows and retain the shared charter totals; student enrollment categories use largest remainder,5786393.01,0,5786393.01,0,,0,,Current modeled funding versus proposed Base Funding,Current modeled funding versus all proposed funding,FALSE,TRUE,FALSE,Partial because the current model has missing inputs or rates,Preliminary arithmetic comparison only; at least one model has missing inputs or rates,160394.2435878446,653716.1759265483,TRUE,582,25,33,582,0,814110.419514393,6600503.429514393,414272.7400000002,7.711531372695799,,1228383.1595143937,22.86589089179855,,7.711531372695799,22.86589089179855,Increase,Increase,9230.447199312714,9942.256030927834,1398.815153804799,11341.071184732635,TRUE,Bryan Allen Stevenson School of Excellence,Fixed pools redistributed across the adjusted reporting scope
School,2026,2025-09-30,32,Red Clay Consolidated School District,District,TRUE,529,Red Clay Early Years Program,Matched,8892501.5,334835.75,592136,9819473.25,1,,0,,1,1,total,Districts use one school code per calculation unit; charters use calculator building rows and retain the shared charter totals; student enrollment categories use largest remainder,11434222.93,0,11434222.93,0,,0,,Current modeled funding versus proposed Base Funding,Current modeled funding versus all proposed funding,FALSE,TRUE,FALSE,Partial because the current model has missing inputs or rates,Preliminary arithmetic comparison only; at least one model has missing inputs or rates,471376.3203172182,1673705.321079164,TRUE,358,141,0,0,0,2145081.6413963824,13579304.571396383,1614749.6799999997,16.44436151399465,,3759831.3213963825,38.28954186922789,,16.44436151399465,38.28954186922789,Increase,Increase,27428.696229050278,31939.170195530725,5991.84816032509,37931.01835585582,TRUE,Bryan Allen Stevenson School of Excellence,Fixed pools redistributed across the adjusted reporting scope
School,2026,2025-09-30,32,Red Clay Consolidated School District,District,TRUE,254,Richardson Park Elementary School,Matched,5484280.6,312941.26,651434.53,6448656.39,1,,0,,1,1,total,Districts use one school code per calculation unit; charters use calculator building rows and retain the shared charter totals; student enrollment categories use largest remainder,6997985.1,0,6997985.1,0,,0,,Current modeled funding versus proposed Base Funding,Current modeled funding versus all proposed funding,FALSE,TRUE,FALSE,Partial because the current model has missing inputs or rates,Preliminary arithmetic comparison only; at least one model has missing inputs or rates,1198784.1497366019,1522811.4616377782,TRUE,539,243,166,539,0,2721595.61137438,9719580.71137438,549328.71,8.518498688375612,,3270924.32137438,50.72257108390264,,8.518498688375612,50.72257108390264,Increase,Increase,11964.112040816326,12983.274768089053,5049.342507188089,18032.61727527714,TRUE,Bryan Allen Stevenson School of Excellence,Fixed pools redistributed across the adjusted reporting scope
School,2026,2025-09-30,32,Red Clay Consolidated School District,District,TRUE,260,Richey Elementary School,Matched,3055756.3,169194.34,348997.95,3573948.59,1,,0,,1,1,total,Districts use one school code per calculation unit; charters use calculator building rows and retain the shared charter totals; student enrollment categories use largest remainder,3888538.73,0,3888538.73,0,,0,,Current modeled funding versus proposed Base Funding,Current modeled funding versus all proposed funding,FALSE,TRUE,FALSE,Partial because the current model has missing inputs or rates,Preliminary arithmetic comparison only; at least one model has missing inputs or rates,574566.5029682216,760031.454991901,TRUE,385,128,63,385,0,1334597.9579601225,5223136.687960123,314590.14000000013,8.802312962201848,,1649188.0979601229,46.14470679781443,,8.802312962201848,46.14470679781443,Increase,Increase,9282.98335064935,10100.100597402597,3466.4882024938247,13566.588799896423,TRUE,Bryan Allen Stevenson School of Excellence,Fixed pools redistributed across the adjusted reporting scope
School,2026,2025-09-30,32,Red Clay Consolidated School District,District,TRUE,248,Shortlidge (Evan G.) Academy,Matched,3631601.9,155852.83,399525.66,4186980.39,1,,0,,1,1,total,Districts use one school code per calculation unit; charters use calculator building rows and retain the shared charter totals; student enrollment categories use largest remainder,4597731.32,0,4597731.32,0,,0,,Current modeled funding versus proposed Base Funding,Current modeled funding versus all proposed funding,FALSE,TRUE,FALSE,Partial because the current model has missing inputs or rates,Preliminary arithmetic comparison only; at least one model has missing inputs or rates,808063.0789740556,989917.7131514172,TRUE,340,225,24,340,0,1797980.7921254728,6395712.112125473,410750.93000000017,9.810194740367535,,2208731.722125473,52.75237800016238,,9.810194740367535,52.75237800016238,Increase,Increase,12314.648205882353,13522.73917647059,5288.178800369038,18810.917976839628,TRUE,Bryan Allen Stevenson School of Excellence,Fixed pools redistributed across the adjusted reporting scope
School,2026,2025-09-30,32,Red Clay Consolidated School District,District,TRUE,280,Skyline Middle School,Matched,3453715.15,171826.58,423014.95,4048556.68,1,,0,,1,1,total,Districts use one school code per calculation unit; charters use calculator building rows and retain the shared charter totals; student enrollment categories use largest remainder,4383000.81,0,4383000.81,0,,0,,Current modeled funding versus proposed Base Funding,Current modeled funding versus all proposed funding,FALSE,TRUE,FALSE,Partial because the current model has missing inputs or rates,Preliminary arithmetic comparison only; at least one model has missing inputs or rates,710741.8843931956,996911.0694307657,TRUE,385,175,54,385,0,1707652.9538239613,6090653.763823961,334444.1299999994,8.260823706684512,,2042097.0838239607,50.44012583328735,,8.260823706684512,50.44012583328735,Increase,Increase,10515.731636363636,11384.417688311687,4435.462217724575,15819.879906036262,TRUE,Bryan Allen Stevenson School of Excellence,Fixed pools redistributed across the adjusted reporting scope
School,2026,2025-09-30,32,Red Clay Consolidated School District,District,TRUE,282,Stanton Middle School,Matched,4120069.3,219517.06,480955.21,4820541.56,1,,0,,1,1,total,Districts use one school code per calculation unit; charters use calculator building rows and retain the shared charter totals; student enrollment categories use largest remainder,5269869.1,0,5269869.1,0,,0,,Current modeled funding versus proposed Base Funding,Current modeled funding versus all proposed funding,FALSE,TRUE,FALSE,Partial because the current model has missing inputs or rates,Preliminary arithmetic comparison only; at least one model has missing inputs or rates,1030193.1337807509,1294275.0838763686,TRUE,496,187,174,496,0,2324468.2176571195,7594337.317657119,449327.54000000004,9.321100843283675,,2773795.757657119,57.54116468310501,,9.321100843283675,57.54116468310501,Increase,Increase,9718.83379032258,10624.736088709677,4686.427858179676,15311.163946889352,TRUE,Bryan Allen Stevenson School of Excellence,Fixed pools redistributed across the adjusted reporting scope
School,2026,2025-09-30,32,Red Clay Consolidated School District,District,TRUE,266,Warner Elementary School,Matched,3436407.25,164388.99,413097.25,4013893.49,1,,0,,1,1,total,Districts use one school code per calculation unit; charters use calculator building rows and retain the shared charter totals; student enrollment categories use largest remainder,4360847.2,0,4360847.2,0,,0,,Current modeled funding versus proposed Base Funding,Current modeled funding versus all proposed funding,FALSE,TRUE,FALSE,Partial because the current model has missing inputs or rates,Preliminary arithmetic comparison only; at least one model has missing inputs or rates,861304.9538719815,1054549.3360680016,TRUE,366,227,44,366,0,1915854.289939983,6276701.489939983,346953.70999999996,8.64381954489779,,2262807.999939983,56.374390739999,,8.64381954489779,56.374390739999,Increase,Increase,10966.922103825138,11914.88306010929,5234.57456267755,17149.45762278684,TRUE,Bryan Allen Stevenson School of Excellence,Fixed pools redistributed across the adjusted reporting scope
School,2026,2025-09-30,32,Red Clay Consolidated School District,District,TRUE,271,William F. Cooke Jr. Elementary,Matched,4321033.25,333333.33,616044.37,5270410.94,1,,0,,1,1,total,Districts use one school code per calculation unit; charters use calculator building rows and retain the shared charter totals; student enrollment categories use largest remainder,5632299.24,0,5632299.24,0,,0,,Current modeled funding versus proposed Base Funding,Current modeled funding versus all proposed funding,FALSE,TRUE,FALSE,Partial because the current model has missing inputs or rates,Preliminary arithmetic comparison only; at least one model has missing inputs or rates,290651.10961718886,730415.4043298224,TRUE,613,57,43,613,0,1021066.5139470112,6653365.753947011,361888.2999999998,6.8664152400989025,,1382954.8139470108,26.239980709113556,,6.8664152400989025,26.239980709113556,Increase,Increase,8597.733996737357,9188.090114192497,1665.6876247096432,10853.77773890214,TRUE,Bryan Allen Stevenson School of Excellence,Fixed pools redistributed across the adjusted reporting scope
School,2026,2025-09-30,32,Red Clay Consolidated School District,District,TRUE,292,duPont (Alexis I.) High School,Matched,4690268.45,416872.79,296068,5403209.24,1,,0,,1,1,total,Districts use one school code per calculation unit; charters use calculator building rows and retain the shared charter totals; student enrollment categories use largest remainder,6075109.73,0,6075109.73,0,,0,,Current modeled funding versus proposed Base Funding,Current modeled funding versus all proposed funding,FALSE,TRUE,FALSE,Partial because the current model has missing inputs or rates,Preliminary arithmetic comparison only; at least one model has missing inputs or rates,1129792.5853339871,1471516.006509719,TRUE,543,253,122,0,140,2601308.591843706,8676418.321843706,671900.4900000002,12.435211374490473,,3273209.081843706,60.57898068451826,,12.435211374490473,60.57898068451826,Increase,Increase,9950.661583793739,11188.047384898711,4790.6235577232155,15978.670942621926,TRUE,Bryan Allen Stevenson School of Excellence,Fixed pools redistributed across the adjusted reporting scope
School,2026,2025-09-30,32,Red Clay Consolidated School District,District,TRUE,274,duPont (Alexis I.) Middle School,Matched,3325829,180867.56,436586.54,3943283.1,1,,0,,1,1,total,Districts use one school code per calculation unit; charters use calculator building rows and retain the shared charter totals; student enrollment categories use largest remainder,4155516.2,0,4155516.2,0,,0,,Current modeled funding versus proposed Base Funding,Current modeled funding versus all proposed funding,FALSE,TRUE,FALSE,Partial because the current model has missing inputs or rates,Preliminary arithmetic comparison only; at least one model has missing inputs or rates,834238.2704936406,1036317.8188839322,TRUE,411,182,97,411,0,1870556.0893775728,6026072.289377573,212233.1000000001,5.382142103872788,,2082789.1893775729,52.818657361364004,,5.382142103872788,52.818657361364004,Increase,Increase,9594.362773722629,10110.745012165451,4551.231361015992,14661.976373181442,TRUE,Bryan Allen Stevenson School of Excellence,Fixed pools redistributed across the adjusted reporting scope
School,2026,2025-09-30,32,Red Clay Consolidated School District,District,TRUE,276,duPont (H.B.) Middle School,Matched,5392933.35,403026.47,774622.82,6570582.64,1,,0,,1,1,total,Districts use one school code per calculation unit; charters use calculator building rows and retain the shared charter totals; student enrollment categories use largest remainder,6886954.69,0,6886954.69,0,,0,,Current modeled funding versus proposed Base Funding,Current modeled funding versus all proposed funding,FALSE,TRUE,FALSE,Partial because the current model has missing inputs or rates,Preliminary arithmetic comparison only; at least one model has missing inputs or rates,559287.323055654,1148065.1467802206,TRUE,775,129,55,775,0,1707352.4698358746,8594307.159835875,316372.05000000075,4.814977108331457,,2023724.5198358754,30.79977272511522,,4.814977108331457,30.79977272511522,Increase,Increase,8478.171148387097,8886.393148387097,2203.0354449495157,11089.428593336614,TRUE,Bryan Allen Stevenson School of Excellence,Fixed pools redistributed across the adjusted reporting scope
School,2026,2025-09-30,23,Seaford School District,District,TRUE,761,Blades Elementary School,Matched,2672097.85,165932.28,348475.97,3186506.1,1,,0,,1,1,total,Districts use one school code per calculation unit; charters use calculator building rows and retain the shared charter totals; student enrollment categories use largest remainder,3428236.1,0,3428236.1,0,,0,,Current modeled funding versus proposed Base Funding,Current modeled funding versus all proposed funding,FALSE,TRUE,FALSE,Partial because the current model has missing inputs or rates,Preliminary arithmetic comparison only; at least one model has missing inputs or rates,845381.9187280901,841219.4423093614,TRUE,384,154,142,384,0,1686601.3610374515,5114837.461037451,241730,7.586051694675871,,1928331.3610374513,60.51553960739166,,7.586051694675871,60.51553960739166,Increase,Increase,8298.19296875,8927.698177083334,4392.191044368364,13319.889221451696,TRUE,Bryan Allen Stevenson School of Excellence,Fixed pools redistributed across the adjusted reporting scope
School,2026,2025-09-30,23,Seaford School District,District,TRUE,762,Frederick Douglass Elementary School,Matched,2895177.45,191451.82,380838.99,3467468.26,1,,0,,1,1,total,Districts use one school code per calculation unit; charters use calculator building rows and retain the shared charter totals; student enrollment categories use largest remainder,3695363.85,0,3695363.85,0,,0,,Current modeled funding versus proposed Base Funding,Current modeled funding versus all proposed funding,FALSE,TRUE,FALSE,Partial because the current model has missing inputs or rates,Preliminary arithmetic comparison only; at least one model has missing inputs or rates,977248.4228357438,1011548.3267596349,TRUE,446,183,157,446,0,1988796.7495953785,5684160.599595379,227895.59000000032,6.572391523491561,,2216692.3395953793,63.92826619832937,,6.572391523491561,63.92826619832937,Increase,Increase,7774.592511210762,8285.569170403587,4459.185537209369,12744.754707612958,TRUE,Bryan Allen Stevenson School of Excellence,Fixed pools redistributed across the adjusted reporting scope
School,2026,2025-09-30,23,Seaford School District,District,TRUE,763,Seaford Autistic Program,Matched,2826907.4,55553.55,181440.99,3063901.95,1,,0,,1,1,total,Districts use one school code per calculation unit; charters use calculator building rows and retain the shared charter totals; student enrollment categories use largest remainder,3614026.19,0,3614026.19,0,,0,,Current modeled funding versus proposed Base Funding,Current modeled funding versus all proposed funding,FALSE,TRUE,FALSE,Partial because the current model has missing inputs or rates,Preliminary arithmetic comparison only; at least one model has missing inputs or rates,119509.43639878617,485111.2351172305,TRUE,86,26,14,64,4,604620.6715160167,4218646.861516017,550124.2399999998,17.955021047589323,,1154744.9115160163,37.688703175244115,,17.955021047589323,37.688703175244115,Increase,Increase,35626.76686046512,42023.56034883721,7030.4729246048455,49054.03327344205,TRUE,Bryan Allen Stevenson School of Excellence,Fixed pools redistributed across the adjusted reporting scope
School,2026,2025-09-30,23,Seaford School District,District,TRUE,759,Seaford Central Elementary School,Matched,3772949.75,216913.66,453812.02,4443675.43,1,,0,,1,1,total,Districts use one school code per calculation unit; charters use calculator building rows and retain the shared charter totals; student enrollment categories use largest remainder,4766841.24,0,4766841.24,0,,0,,Current modeled funding versus proposed Base Funding,Current modeled funding versus all proposed funding,FALSE,TRUE,FALSE,Partial because the current model has missing inputs or rates,Preliminary arithmetic comparison only; at least one model has missing inputs or rates,949315.01126139,1139673.1192450023,TRUE,496,183,145,444,0,2088988.1305063923,6855829.370506393,323165.8100000005,7.272489071057121,,2412153.940506393,54.28285612899485,,7.272489071057121,54.28285612899485,Increase,Increase,8959.023044354839,9610.567016129033,4211.669617956436,13822.23663408547,TRUE,Bryan Allen Stevenson School of Excellence,Fixed pools redistributed across the adjusted reporting scope
School,2026,2025-09-30,23,Seaford School District,District,TRUE,764,Seaford Middle School,Matched,5355432.9,413129.96,788716.4,6557279.25,1,,0,,1,1,total,Districts use one school code per calculation unit; charters use calculator building rows and retain the shared charter totals; student enrollment categories use largest remainder,6843196.76,0,6843196.76,0,,0,,Current modeled funding versus proposed Base Funding,Current modeled funding versus all proposed funding,FALSE,TRUE,FALSE,Partial because the current model has missing inputs or rates,Preliminary arithmetic comparison only; at least one model has missing inputs or rates,1470218.657065051,1724268.9133407795,TRUE,802,304,195,802,0,3194487.5704058306,10037684.330405831,285917.5099999998,4.360307058754586,,3480405.0804058313,53.07696908600974,,4.360307058754586,53.07696908600974,Increase,Increase,8176.158665835412,8532.664289276807,3983.15158404717,12515.81587332398,TRUE,Bryan Allen Stevenson School of Excellence,Fixed pools redistributed across the adjusted reporting scope
School,2026,2025-09-30,23,Seaford School District,District,TRUE,766,Seaford Senior High School,Matched,6680325.95,646178.43,444102,7770606.38,1,,0,,1,1,total,Districts use one school code per calculation unit; charters use calculator building rows and retain the shared charter totals; student enrollment categories use largest remainder,8584613.12,0,8584613.12,0,,0,,Current modeled funding versus proposed Base Funding,Current modeled funding versus all proposed funding,FALSE,TRUE,FALSE,Partial because the current model has missing inputs or rates,Preliminary arithmetic comparison only; at least one model has missing inputs or rates,1634302.6864016354,2060242.7598960886,TRUE,917,312,254,0,233,3694545.446297724,12279158.566297723,814006.7399999993,10.475459702798629,,4508552.186297723,58.020596666713715,,10.475459702798629,58.020596666713715,Increase,Increase,8473.94370774264,9361.62826608506,4028.9481420913016,13390.576408176361,TRUE,Bryan Allen Stevenson School of Excellence,Fixed pools redistributed across the adjusted reporting scope
School,2026,2025-09-30,23,Seaford School District,District,TRUE,768,Sussex Orthopedic Program,Matched,1972317.6,40183.17,87588.59,2100089.37,1,,0,,1,1,total,Districts use one school code per calculation unit; charters use calculator building rows and retain the shared charter totals; student enrollment categories use largest remainder,2484831.88,0,2484831.88,0,,0,,Current modeled funding versus proposed Base Funding,Current modeled funding versus all proposed funding,FALSE,TRUE,FALSE,Partial because the current model has missing inputs or rates,Preliminary arithmetic comparison only; at least one model has missing inputs or rates,84171.68966420933,338299.5441086735,TRUE,57,21,6,26,6,422471.23377288284,2907303.1137728826,384742.5099999998,18.32029224546762,,807213.7437728825,38.437113929722074,,18.32029224546762,38.437113929722074,Increase,Increase,36843.67315789474,43593.541754385966,7411.776031103208,51005.31778548917,TRUE,Bryan Allen Stevenson School of Excellence,Fixed pools redistributed across the adjusted reporting scope
School,2026,2025-09-30,23,Seaford School District,District,TRUE,760,West Seaford Elementary School,Matched,3211404.55,192317.21,453290.04,3857011.8,1,,0,,1,1,total,Districts use one school code per calculation unit; charters use calculator building rows and retain the shared charter totals; student enrollment categories use largest remainder,4018456.39,0,4018456.39,0,,0,,Current modeled funding versus proposed Base Funding,Current modeled funding versus all proposed funding,FALSE,TRUE,FALSE,Partial because the current model has missing inputs or rates,Preliminary arithmetic comparison only; at least one model has missing inputs or rates,1013527.188754563,1015695.5496694811,TRUE,443,166,197,443,0,2029222.738424044,6047679.128424045,161444.59000000032,4.185742703716912,,2190667.328424045,56.797008721208606,,4.185742703716912,56.797008721208606,Increase,Increase,8706.572911963882,9071.007652370203,4580.63823572019,13651.645888090394,TRUE,Bryan Allen Stevenson School of Excellence,Fixed pools redistributed across the adjusted reporting scope
School,2026,2025-09-30,24,Smyrna School District,District,TRUE,680,Clayton Elementary School,Matched,3796026.95,214009.78,476779.33,4486816.06,1,,0,,1,1,total,Districts use one school code per calculation unit; charters use calculator building rows and retain the shared charter totals; student enrollment categories use largest remainder,4793696.54,0,4793696.54,0,,0,,Current modeled funding versus proposed Base Funding,Current modeled funding versus all proposed funding,FALSE,TRUE,FALSE,Partial because the current model has missing inputs or rates,Preliminary arithmetic comparison only; at least one model has missing inputs or rates,306301.74447090476,655830.4464296071,TRUE,488,77,21,488,0,962132.1909005118,5755828.730900512,306880.48000000045,6.83960465274791,,1269012.6709005125,28.283144526778585,,6.83960465274791,28.283144526778585,Increase,Increase,9194.295204918031,9823.148647540984,1971.5823584026882,11794.731005943673,TRUE,Bryan Allen Stevenson School of Excellence,Fixed pools redistributed across the adjusted reporting scope
School,2026,2025-09-30,24,Smyrna School District,District,TRUE,696,Clayton Middle School,Matched,3405637.65,213004.96,479389.25,4098031.86,1,,0,,1,1,total,Districts use one school code per calculation unit; charters use calculator building rows and retain the shared charter totals; student enrollment categories use largest remainder,4250403.22,0,4250403.22,0,,0,,Current modeled funding versus proposed Base Funding,Current modeled funding versus all proposed funding,FALSE,TRUE,FALSE,Partial because the current model has missing inputs or rates,Preliminary arithmetic comparison only; at least one model has missing inputs or rates,323141.03513629525,688357.684938205,TRUE,493,89,11,493,0,1011498.7200745003,5261901.9400745,152371.35999999987,3.718159477657157,,1163870.0800744998,28.400708433596705,,3.718159477657157,28.400708433596705,Increase,Increase,8312.43784989858,8621.507545638944,2051.7215417332663,10673.22908737221,TRUE,Bryan Allen Stevenson School of Excellence,Fixed pools redistributed across the adjusted reporting scope
School,2026,2025-09-30,24,Smyrna School District,District,TRUE,686,Moore (John Bassett) School,Matched,5391971.8,344557.02,695281.21,6431810.03,1,,0,,1,1,total,Districts use one school code per calculation unit; charters use calculator building rows and retain the shared charter totals; student enrollment categories use largest remainder,6885783.92,0,6885783.92,0,,0,,Current modeled funding versus proposed Base Funding,Current modeled funding versus all proposed funding,FALSE,TRUE,FALSE,Partial because the current model has missing inputs or rates,Preliminary arithmetic comparison only; at least one model has missing inputs or rates,658218.1557148232,1199604.5561970943,TRUE,623,176,30,623,0,1857822.7119119174,8743606.631911917,453973.88999999966,7.058260239069898,,2311796.6019119164,35.94317293466325,,7.058260239069898,35.94317293466325,Increase,Increase,10323.932632423757,11052.622664526485,2982.058927627476,14034.68159215396,TRUE,Bryan Allen Stevenson School of Excellence,Fixed pools redistributed across the adjusted reporting scope
School,2026,2025-09-30,24,Smyrna School District,District,TRUE,684,North Smyrna Elementary School,Matched,7158216.3,335143.44,743616.21,8236975.96,1,,0,,1,1,total,Districts use one school code per calculation unit; charters use calculator building rows and retain the shared charter totals; student enrollment categories use largest remainder,9233738.31,0,9233738.31,0,,0,,Current modeled funding versus proposed Base Funding,Current modeled funding versus all proposed funding,FALSE,TRUE,FALSE,Partial because the current model has missing inputs or rates,Preliminary arithmetic comparison only; at least one model has missing inputs or rates,640908.3554573115,1407242.1832167297,TRUE,565,175,24,432,0,2048150.5386740412,11281888.848674042,996762.3500000006,12.101071495660898,,3044912.888674042,36.96639280557087,,12.101071495660898,36.96639280557087,Increase,Increase,14578.718513274336,16342.899663716815,3625.0452011929933,19967.94486490981,TRUE,Bryan Allen Stevenson School of Excellence,Fixed pools redistributed across the adjusted reporting scope
School,2026,2025-09-30,24,Smyrna School District,District,TRUE,682,Smyrna Elementary School,Matched,3868143.2,164934.67,409443.36,4442521.23,1,,0,,1,1,total,Districts use one school code per calculation unit; charters use calculator building rows and retain the shared charter totals; student enrollment categories use largest remainder,4879746.85,0,4879746.85,0,,0,,Current modeled funding versus proposed Base Funding,Current modeled funding versus all proposed funding,FALSE,TRUE,FALSE,Partial because the current model has missing inputs or rates,Preliminary arithmetic comparison only; at least one model has missing inputs or rates,439010.21311182796,773953.1130735809,TRUE,359,116,22,359,0,1212963.326185409,6092710.176185409,437225.6199999992,9.8418352409314,,1650188.9461854082,37.14532493489982,,9.8418352409314,37.14532493489982,Increase,Increase,12374.71094707521,13592.609610027854,3378.727928093061,16971.337538120915,TRUE,Bryan Allen Stevenson School of Excellence,Fixed pools redistributed across the adjusted reporting scope
School,2026,2025-09-30,24,Smyrna School District,District,TRUE,688,Smyrna High School,Matched,13964586.3,1298328.08,888204,16151118.38,1,,0,,1,1,total,Districts use one school code per calculation unit; charters use calculator building rows and retain the shared charter totals; student enrollment categories use largest remainder,17944672.48,0,17944672.48,0,,0,,Current modeled funding versus proposed Base Funding,Current modeled funding versus all proposed funding,FALSE,TRUE,FALSE,Partial because the current model has missing inputs or rates,Preliminary arithmetic comparison only; at least one model has missing inputs or rates,1109882.6004884373,2724432.706622405,TRUE,1733,293,56,0,432,3834315.3071108423,21778987.787110843,1793554.0999999996,11.104829138154082,,5627869.407110842,34.84507558361938,,11.104829138154082,34.84507558361938,Increase,Increase,9319.745170225044,10354.686947489901,2212.5304715007746,12567.217418990676,TRUE,Bryan Allen Stevenson School of Excellence,Fixed pools redistributed across the adjusted reporting scope
School,2026,2025-09-30,24,Smyrna School District,District,TRUE,685,Smyrna Middle School,Matched,7793449.85,488902.5,1016613.99,9298966.34,1,,0,,1,1,total,Districts use one school code per calculation unit; charters use calculator building rows and retain the shared charter totals; student enrollment categories use largest remainder,10041808.88,0,10041808.88,0,,0,,Current modeled funding versus proposed Base Funding,Current modeled funding versus all proposed funding,FALSE,TRUE,FALSE,Partial because the current model has missing inputs or rates,Preliminary arithmetic comparison only; at least one model has missing inputs or rates,716239.4175221907,1595835.1120895804,TRUE,955,185,42,955,0,2312074.529611771,12353883.409611773,742842.540000001,7.9884420788214285,,3054917.069611773,32.85222204182936,,7.9884420788214285,32.85222204182936,Increase,Increase,9737.13752879581,10514.983120418849,2421.0204498552575,12936.003570274108,TRUE,Bryan Allen Stevenson School of Excellence,Fixed pools redistributed across the adjusted reporting scope
School,2026,2025-09-30,24,Smyrna School District,District,TRUE,681,Sunnyside Elementary School,Matched,3858527.7,221017.08,485653.06,4565197.84,1,,0,,1,1,total,Districts use one school code per calculation unit; charters use calculator building rows and retain the shared charter totals; student enrollment categories use largest remainder,4868858.68,0,4868858.68,0,,0,,Current modeled funding versus proposed Base Funding,Current modeled funding versus all proposed funding,FALSE,TRUE,FALSE,Partial because the current model has missing inputs or rates,Preliminary arithmetic comparison only; at least one model has missing inputs or rates,385223.5376335512,722982.9303306078,TRUE,505,102,19,505,0,1108206.467964159,5977065.147964159,303660.83999999985,6.651646886786398,,1411867.3079641592,30.926749671031985,,6.651646886786398,30.926749671031985,Increase,Increase,9039.995722772277,9641.304316831682,2194.4682533943746,11835.772570226058,TRUE,Bryan Allen Stevenson School of Excellence,Fixed pools redistributed across the adjusted reporting scope
School,2026,2025-09-30,77,Sussex Academy,Charter,TRUE,576,Sussex Academy,Matched,7214947.75,684419.27,865760.53,8765127.55,2,,2,,3,3,total,Districts use one school code per calculation unit; charters use calculator building rows and retain the shared charter totals; student enrollment categories use largest remainder,9350739.49,0,9350739.49,0,,0,,Current modeled funding versus proposed Base Funding,Current modeled funding versus all proposed funding,FALSE,TRUE,FALSE,Partial because the current model has missing inputs or rates,Preliminary arithmetic comparison only; at least one model has missing inputs or rates,377868.7297988144,1219885.2894072048,TRUE,1190,81,46,666,141,1597754.0192060191,10948493.50920602,585611.9399999995,6.681157081393521,,2183365.9592060186,24.909688384466445,,6.681157081393521,24.909688384466445,Increase,Increase,7365.653403361345,7857.764277310925,1342.6504363075792,9200.414713618504,TRUE,Bryan Allen Stevenson School of Excellence,Fixed pools redistributed across the adjusted reporting scope
School,2026,2025-09-30,9614,Sussex Montessori School,Charter,TRUE,4090,Sussex Montessori School,Matched,3062487.15,171937.16,352651.84,3587076.15,2,,2,,1,1,total,Districts use one school code per calculation unit; charters use calculator building rows and retain the shared charter totals; student enrollment categories use largest remainder,3896561.43,0,3896561.43,0,,0,,Current modeled funding versus proposed Base Funding,Current modeled funding versus all proposed funding,FALSE,TRUE,FALSE,Partial because the current model has missing inputs or rates,Preliminary arithmetic comparison only; at least one model has missing inputs or rates,502826.1720011093,704588.7769539957,TRUE,392,133,25,392,0,1207414.948955105,5103976.378955105,309485.28000000026,8.627786728196453,,1516900.2289551054,42.287929375435915,,8.627786728196453,42.287929375435915,Increase,Increase,9150.704464285714,9940.207729591837,3080.14017590588,13020.347905497718,TRUE,Bryan Allen Stevenson School of Excellence,Fixed pools redistributed across the adjusted reporting scope
School,2026,2025-09-30,40,Sussex Technical School District,District,TRUE,770,Sussex Technical High School,Matched,11091215.35,993788.37,740170,12825173.72,1,,0,,1,1,total,Districts use one school code per calculation unit; charters use calculator building rows and retain the shared charter totals; student enrollment categories use largest remainder,14328223.57,0,14328223.57,0,,0,,Current modeled funding versus proposed Base Funding,Current modeled funding versus all proposed funding,FALSE,TRUE,FALSE,Partial because the current model has missing inputs or rates,Preliminary arithmetic comparison only; at least one model has missing inputs or rates,1266314.6580373663,2942641.686157335,TRUE,1349,282,139,0,341,4208956.344194701,18537179.914194703,1503049.8499999996,11.71952819365007,,5712006.194194702,44.53745671520387,,11.71952819365007,44.53745671520387,Increase,Increase,9507.171030392885,10621.36661971831,3120.0565931762053,13741.423212894517,TRUE,Bryan Allen Stevenson School of Excellence,Fixed pools redistributed across the adjusted reporting scope
School,2026,2025-09-30,35,Woodbridge School District,District,TRUE,779,Phillis Wheatley Elementary School,Matched,5213123.5,352446.54,707808.83,6273378.87,1,,0,,1,1,total,Districts use one school code per calculation unit; charters use calculator building rows and retain the shared charter totals; student enrollment categories use largest remainder,6672510.02,0,6672510.02,0,,0,,Current modeled funding versus proposed Base Funding,Current modeled funding versus all proposed funding,FALSE,TRUE,FALSE,Partial because the current model has missing inputs or rates,Preliminary arithmetic comparison only; at least one model has missing inputs or rates,1106440.4513671293,1442680.6095718471,TRUE,647,230,145,647,0,2549121.0609389767,9221631.080938976,399131.14999999944,6.362299460481962,,2948252.210938976,46.99624033609461,,6.362299460481962,46.99624033609461,Increase,Increase,9696.103353941267,10312.998485316846,3939.9089040787894,14252.907389395636,TRUE,Bryan Allen Stevenson School of Excellence,Fixed pools redistributed across the adjusted reporting scope
School,2026,2025-09-30,35,Woodbridge School District,District,TRUE,776,Woodbridge Early Childhood Education Center,Matched,6165896.7,347316.67,667616.04,7180829.41,1,,0,,1,1,total,Districts use one school code per calculation unit; charters use calculator building rows and retain the shared charter totals; student enrollment categories use largest remainder,7966460.06,0,7966460.06,0,,0,,Current modeled funding versus proposed Base Funding,Current modeled funding versus all proposed funding,FALSE,TRUE,FALSE,Partial because the current model has missing inputs or rates,Preliminary arithmetic comparison only; at least one model has missing inputs or rates,1140168.560023397,1534342.367689076,TRUE,616,238,148,570,0,2674510.927712473,10640970.987712473,785630.6499999994,10.940667228578535,,3460141.5777124725,48.18582060860394,,10.940667228578535,48.18582060860394,Increase,Increase,11657.19060064935,12932.565032467532,4341.738519013755,17274.303551481287,TRUE,Bryan Allen Stevenson School of Excellence,Fixed pools redistributed across the adjusted reporting scope
School,2026,2025-09-30,35,Woodbridge School District,District,TRUE,780,Woodbridge High School,Matched,5876470.15,531686.67,370085,6778241.82,1,,0,,1,1,total,Districts use one school code per calculation unit; charters use calculator building rows and retain the shared charter totals; student enrollment categories use largest remainder,7411381.94,0,7411381.94,0,,0,,Current modeled funding versus proposed Base Funding,Current modeled funding versus all proposed funding,FALSE,TRUE,FALSE,Partial because the current model has missing inputs or rates,Preliminary arithmetic comparison only; at least one model has missing inputs or rates,921926.4002673873,1474085.6583518982,TRUE,705,195,116,0,198,2396012.0586192855,9807393.998619286,633140.1200000001,9.340772088299442,,3029152.178619286,44.68934952543911,,9.340772088299442,44.68934952543911,Increase,Increase,9614.52740425532,10512.598496453902,3398.5986647082063,13911.197161162108,TRUE,Bryan Allen Stevenson School of Excellence,Fixed pools redistributed across the adjusted reporting scope
School,2026,2025-09-30,35,Woodbridge School District,District,TRUE,775,Woodbridge Middle School,Matched,5268893.4,348249.37,701545.02,6318687.79,1,,0,,1,1,total,Districts use one school code per calculation unit; charters use calculator building rows and retain the shared charter totals; student enrollment categories use largest remainder,6739159.17,0,6739159.17,0,,0,,Current modeled funding versus proposed Base Funding,Current modeled funding versus all proposed funding,FALSE,TRUE,FALSE,Partial because the current model has missing inputs or rates,Preliminary arithmetic comparison only; at least one model has missing inputs or rates,837531.837638489,1326769.795146458,TRUE,635,199,74,635,0,2164301.632784947,8903460.802784946,420471.3799999999,6.654409807451491,,2584773.012784946,40.906800568238644,,6.654409807451491,40.906800568238644,Increase,Increase,9950.689433070866,10612.849086614173,3408.3490280077904,14021.198114621962,TRUE,Bryan Allen Stevenson School of Excellence,Fixed pools redistributed across the adjusted reporting scope
